home_elo,away_elo,elo_diff,home_avg_overall,home_max_overall,home_avg_attack,home_avg_defense,home_avg_pace,home_avg_shooting,home_avg_passing,away_avg_overall,away_max_overall,away_avg_attack,away_avg_defense,away_avg_pace,away_avg_shooting,away_avg_passing,overall_diff,attack_diff,defense_diff,home_form_scored,home_form_conceded,home_form_win_rate,away_form_scored,away_form_conceded,away_form_win_rate,is_neutral,is_world_cup,is_continental,home_goals,away_goals,_home_team,_away_team,_date,_tournament,home_trophy_bonus,away_trophy_bonus
1674.859941,1468.981161,205.8787796,63.0,70,59.0,63.33333333,67.77777778,52.0,52.88888889,66.0,71,66.0,66.0,60.0,38.5,53.5,-3.0,-7.0,-2.666666667,0.6,1.2,0.2,1.8,1.2,0.6,0,0,0,1,0,Iraq,Kuwait,30-12-2022,Friendly,0.0,0.0
1682.352115,1657.426556,24.92555874,63.38461538,69,63.5,66.0,66.53846154,53.23076923,55.0,72.0,72,72.0,72.0,72.92857143,62.57142857,66.42857143,-8.615384615,-8.5,-6.0,0.6,1.0,0.4,1.0,0.6,0.6,0,0,0,0,0,Iraq,Oman,06-01-2023,Gulf Cup,0.0,0.0
1713.034546,1461.488987,251.5455581,69.07142857,76,71.25,68.2,70.92307692,55.84615385,62.61538462,66.0,71,66.0,66.0,60.0,38.5,53.5,3.071428571,5.25,2.2,0.8,1.6,0.4,1.4,1.4,0.4,1,0,0,2,0,Qatar,Kuwait,07-01-2023,Gulf Cup,0.3,0.0
1796.076055,1670.226023,125.8500315,77.07142857,81,77.625,76.0,72.30769231,66.46153846,72.23076923,72.5,81,72.0,72.71428571,66.33333333,64.41666667,65.91666667,4.571428571,5.625,3.285714286,1.6,1.8,0.4,1.4,1.2,0.2,1,0,0,2,0,Sweden,Finland,09-01-2023,Friendly,0.0,0.0
1681.206215,1712.645098,-31.4388828,63.38461538,69,63.5,66.0,66.53846154,53.23076923,55.0,71.92857143,77,71.5,71.9,75.92307692,54.84615385,62.30769231,-8.543956044,-8.0,-5.9,0.4,0.8,0.4,1.0,1.2,0.4,0,0,0,2,0,Iraq,Saudi Arabia,09-01-2023,Gulf Cup,0.0,0.0
1636.666317,1719.124389,-82.45807247,72.0,72,72.0,72.0,74.0,68.0,52.0,69.07142857,76,71.25,68.2,70.92307692,55.84615385,62.61538462,2.928571429,0.75,3.8,1.2,2.4,0.2,0.8,1.4,0.4,1,0,0,2,1,Bahrain,Qatar,10-01-2023,Gulf Cup,0.0,0.3
1662.016916,1695.201223,-33.18430703,72.0,72,72.0,72.0,72.92857143,62.57142857,66.42857143,71.92857143,77,71.5,71.9,75.92307692,54.84615385,62.30769231,0.071428571,0.5,0.1,1.6,0.6,0.8,1.0,1.4,0.4,1,0,0,2,1,Oman,Saudi Arabia,12-01-2023,Gulf Cup,0.0,0.0
1806.52129,1595.502629,211.0186607,77.07142857,81,77.625,76.0,72.30769231,66.46153846,72.23076923,71.92857143,76,71.55555556,72.6,70.30769231,63.76923077,66.38461538,5.142857143,6.069444444,3.4,1.6,1.2,0.6,0.4,0.8,0.0,1,0,0,2,1,Sweden,Iceland,12-01-2023,Friendly,0.0,0.0
1699.396782,1579.044557,120.352225,69.07142857,76,71.25,68.2,70.92307692,55.84615385,62.61538462,64.0,72,61.0,64.58333333,67.63636364,43.09090909,54.09090909,5.071428571,10.25,3.616666667,0.8,1.8,0.2,0.8,1.8,0.4,1,0,0,1,1,Qatar,United Arab Emirates,13-01-2023,Gulf Cup,0.3,0.0
1701.396729,1694.065895,7.330833564,63.38461538,69,63.5,66.0,66.53846154,53.23076923,55.0,69.07142857,76,71.25,68.2,70.92307692,55.84615385,62.61538462,-5.686813187,-7.75,-2.2,1.6,0.0,0.6,1.0,1.6,0.2,0,0,0,2,1,Iraq,Qatar,16-01-2023,Gulf Cup,0.0,0.3
1717.059182,1694.129558,22.92962359,63.38461538,69,63.5,66.0,66.53846154,53.23076923,55.0,72.0,72,72.0,72.0,72.92857143,62.57142857,66.42857143,-8.615384615,-8.5,-6.0,2.0,0.2,0.8,1.4,0.6,0.8,0,0,0,3,2,Iraq,Oman,19-01-2023,Gulf Cup,0.0,0.0
1850.254509,1825.368429,24.88607945,76.64285714,79,76.85714286,76.375,75.46153846,60.0,67.46153846,80.0,86,80.8,78.75,62.41666667,72.66666667,73.66666667,-3.357142857,-3.942857143,-2.375,0.6,0.8,0.2,2.4,1.8,0.4,0,0,0,1,2,United States,Serbia,25-01-2023,Friendly,0.075,0.0
1833.110419,1906.622584,-73.51216574,76.64285714,79,76.85714286,76.375,75.46153846,60.0,67.46153846,78.42857143,84,79.0,77.875,77.0,68.0,68.84615385,-1.785714286,-2.142857143,-1.5,0.8,1.2,0.2,2.2,0.6,1.0,0,0,0,0,0,United States,Colombia,28-01-2023,Friendly,0.075,0.25
1589.170526,1672.869997,-83.69947103,64.2,68,63.66666667,65.0,68.2,53.2,55.0,67.92857143,72,67.625,68.57142857,69.64285714,57.0,57.0,-3.728571429,-3.958333333,-3.571428571,1.4,1.8,0.4,1.4,1.2,0.2,1,0,0,1,1,Guatemala,Panama,12-03-2023,Friendly,0.0,0.15
1481.154663,1812.608077,-331.4534143,69.5,78,71.8,68.7,77.0,52.58333333,61.16666667,78.78571429,81,78.55555556,79.2,75.61538462,70.76923077,71.46153846,-9.285714286,-6.755555556,-10.5,1.8,2.0,0.4,1.4,1.0,0.4,0,0,0,0,2,Suriname,Mexico,23-03-2023,CONCACAF Nations League A,0.0,0.2
1789.666294,1368.762162,420.9041324,77.35714286,86,78.57142857,77.0,71.0,67.5,74.14285714,55.0,55,55.0,55.0,72.92857143,62.57142857,66.42857143,22.35714286,23.57142857,22.0,1.2,1.0,0.6,0.8,2.0,0.0,0,0,0,2,1,Algeria,Niger,23-03-2023,African Nations Cup qualifier,0.0,0.0
1659.300412,1519.207745,140.092667,77.14285714,85,76.5,77.625,78.28571429,59.35714286,65.78571429,70.28571429,78,70.77777778,69.25,76.78571429,61.35714286,60.92857143,6.857142857,5.722222222,8.375,1.6,1.4,0.6,1.6,0.6,0.6,0,0,0,1,0,Ghana,Angola,23-03-2023,African Nations Cup qualifier,0.0,0.0
1832.364753,1763.613375,68.75137818,70.85714286,82,72.5,68.85714286,72.07142857,61.21428571,64.0,72.07142857,79,71.71428571,71.25,71.1,66.1,69.2,-1.214285714,0.785714286,-2.392857143,1.0,1.8,0.4,1.6,0.4,0.4,0,0,0,1,1,Iran,Russia,23-03-2023,Friendly,0.1,0.0
2054.602341,1669.088369,385.5139714,84.14285714,90,85.0,83.11111111,73.61538462,71.23076923,77.69230769,67.92857143,72,67.625,68.57142857,69.64285714,57.0,57.0,16.21428571,17.375,14.53968254,2.4,1.2,0.6,1.2,1.4,0.0,0,0,0,2,0,Argentina,Panama,23-03-2023,Friendly,1.0,0.15
1673.823473,1588.178892,85.64458037,75.71428571,83,77.33333333,74.88888889,69.08333333,63.91666667,69.83333333,71.92857143,76,71.55555556,72.6,70.30769231,63.76923077,66.38461538,3.785714286,5.777777778,2.288888889,1.4,1.4,0.6,0.6,1.0,0.0,0,0,0,3,0,Bosnia and Herzegovina,Iceland,23-03-2023,European Championship qual,0.0,0.0
1937.794031,1142.640039,795.1539921,84.71428571,89,85.0,84.0,76.25,73.75,78.5,69.0,69,69.0,69.0,70.0,57.0,69.0,15.71428571,16.0,15.0,2.4,1.2,0.6,0.2,2.0,0.0,0,0,0,4,0,Portugal,Liechtenstein,23-03-2023,European Championship qual,0.3,0.0
1946.527895,1954.077755,-7.549860255,84.35714286,87,84.25,84.22222222,75.5,65.33333333,73.0,85.28571429,90,85.625,84.71428571,77.0,72.07692308,80.07692308,-0.928571429,-1.375,-0.492063492,1.6,1.6,0.6,2.6,0.8,0.6,0,0,0,1,2,Italy,England,23-03-2023,European Championship qual,0.0,0.25
1607.558107,1581.306133,26.25197394,68.0,75,68.625,67.55555556,67.75,59.91666667,64.33333333,71.07142857,76,71.5,70.66666667,79.25,61.25,63.75,-3.071428571,-2.875,-3.111111111,0.0,1.0,0.0,0.4,1.2,0.2,0,0,0,0,0,New Zealand,China,23-03-2023,Friendly,0.1,0.0
1844.785834,1903.286854,-58.50102016,76.07142857,87,76.625,75.16666667,74.0,69.23076923,69.46153846,78.42857143,84,79.0,77.875,77.0,68.0,68.84615385,-2.357142857,-2.375,-2.708333333,1.2,1.6,0.4,2.0,0.6,0.8,0,0,0,2,2,South Korea,Colombia,24-03-2023,Friendly,0.1,0.25
1653.808039,1381.519649,272.2883904,67.71428571,74,68.125,67.16666667,72.92857143,54.64285714,56.57142857,65.16666667,76,61.0,67.0,66.33333333,48.5,59.16666667,2.547619048,7.125,0.166666667,2.0,0.6,0.8,0.2,1.6,0.0,0,0,0,2,2,South Africa,Liberia,24-03-2023,African Nations Cup qualifier,0.1,0.0
1515.684652,1523.935089,-8.250436744,74.0,80,74.71428571,73.55555556,78.21428571,62.57142857,66.42857143,65.33333333,66,64.0,66.0,71.5,52.5,52.0,8.666666667,10.71428571,7.555555556,1.0,1.6,0.2,1.6,0.0,0.8,0,0,0,3,1,democratic republic of congo,Mauritania,24-03-2023,African Nations Cup qualifier,0.0,0.0
1802.060433,1813.107988,-11.04755426,72.85714286,78,71.75,72.83333333,71.07692308,60.15384615,62.92307692,75.42857143,80,75.66666667,75.36363636,75.2,55.9,68.7,-2.571428571,-3.916666667,-2.53030303,1.2,1.2,0.6,0.8,0.6,0.2,0,0,0,3,1,Australia,Ecuador,24-03-2023,Friendly,0.0,0.0
1738.562024,1400.16862,338.3934037,70.84615385,89,69.11111111,74.75,67.61538462,61.38461538,62.69230769,59.5,64,55.0,59.5,73.5,35.5,48.5,11.34615385,14.11111111,15.25,1.8,1.4,0.6,1.0,0.8,0.2,0,0,0,2,0,Egypt,Malawi,24-03-2023,African Nations Cup qualifier,0.2,0.0
1660.51519,1605.766026,54.74916447,66.6,72,67.0,65.25,68.8,53.2,57.2,68.64285714,74,68.6,69.14285714,68.83333333,56.41666667,60.33333333,-2.042857143,-1.6,-3.892857143,1.4,0.4,0.6,0.4,2.6,0.0,1,0,0,1,0,Uzbekistan,Bolivia,24-03-2023,Friendly,0.0,0.0
1677.677659,1708.381595,-30.70393602,71.92857143,77,71.5,71.9,75.92307692,54.84615385,62.30769231,72.78571429,77,72.71428571,72.5,70.84615385,65.46153846,64.15384615,-0.857142857,-1.214285714,-0.6,0.8,1.6,0.2,1.8,0.8,0.6,0,0,0,1,2,Saudi Arabia,Venezuela,24-03-2023,Friendly,0.0,0.0
1860.940128,1890.761315,-29.82118705,78.0,81,78.33333333,77.5,78.07692308,65.76923077,72.30769231,81.28571429,88,81.0,81.1,75.38461538,65.07692308,70.76923077,-3.285714286,-2.666666667,-3.6,1.2,1.2,0.4,0.8,0.6,0.4,0,0,0,1,1,Japan,Uruguay,24-03-2023,Friendly,0.0,0.1
1578.0,1195.0,383.0,69.5,75,69.8,68.5,74.2,57.8,62.3,57.0,63,56.5,57.0,67.0,50.0,54.0,12.5,13.3,11.5,0.8,1.0,0.3,0.8,1.0,0.3,0,0,0,0,0,Cape Verde,Eswatini,24-03-2023,African Nations Cup qualifier,0.0,0.0
1701.437575,1422.508852,278.9287227,78.5,83,77.8,78.0,76.92857143,65.35714286,69.5,66.25,74,67.28571429,64.71428571,76.36363636,55.81818182,60.09090909,12.25,10.51428571,13.28571429,2.0,0.8,0.6,0.8,1.6,0.2,0,0,0,3,1,Ivory Coast,Comoros,24-03-2023,African Nations Cup qualifier,0.0,0.0
1813.845027,1937.513017,-123.6679904,77.07142857,81,77.625,76.0,72.30769231,66.46153846,72.23076923,82.64285714,91,83.83333333,82.0,69.4,75.6,78.2,-5.571428571,-6.208333333,-6.0,1.8,0.6,0.8,0.4,1.0,0.2,0,0,0,0,3,Sweden,Belgium,24-03-2023,European Championship qual,0.0,0.0
1763.514655,1424.846681,338.6679745,78.5,86,79.16666667,78.42857143,76.69230769,66.61538462,65.84615385,73.66666667,81,68.0,76.5,83.66666667,53.33333333,60.33333333,4.833333333,11.16666667,1.928571429,1.2,1.6,0.4,0.6,0.8,0.2,0,0,0,5,1,Senegal,Mozambique,24-03-2023,African Nations Cup qualifier,0.1,0.0
1756.114155,1819.280778,-63.16662302,77.21428571,83,78.0,76.77777778,72.72727273,71.09090909,71.36363636,79.42857143,90,80.57142857,78.33333333,79.75,73.25,74.625,-2.214285714,-2.571428571,-1.555555556,1.4,2.0,0.2,0.8,1.0,0.4,0,0,0,3,1,Czech Republic,Poland,24-03-2023,European Championship qual,0.0,0.0
2006.956349,2005.975651,0.980698362,86.14285714,91,87.5,85.33333333,84.92307692,73.07692308,77.0,83.21428571,89,82.14285714,83.77777778,78.92307692,65.15384615,73.46153846,2.928571429,5.357142857,1.555555556,2.0,1.2,0.6,2.0,0.8,0.6,0,0,0,4,0,France,Netherlands,24-03-2023,European Championship qual,0.6,0.1
1766.230621,1480.029841,286.2007805,79.64285714,85,78.71428571,80.5,71.92857143,63.35714286,71.0,65.83333333,71,65.0,70.5,71.4,57.4,50.8,13.80952381,13.71428571,10.0,0.8,1.4,0.4,2.4,0.6,1.0,0,0,0,4,1,Austria,Azerbaijan,24-03-2023,European Championship qual,0.0,0.0
1320.07377,1836.446149,-516.3723788,65.0,70,64.0,64.83333333,68.0,54.5,57.125,76.64285714,79,76.85714286,76.375,75.46153846,60.0,67.46153846,-11.64285714,-12.85714286,-11.54166667,1.6,1.4,0.2,0.6,1.0,0.2,0,0,0,1,7,Grenada,United States,24-03-2023,CONCACAF Nations League A,0.0,0.075
1769.011038,1465.855675,303.1553632,72.28571429,81,71.5,72.09090909,71.76923077,61.0,65.53846154,72.5,81,70.0,73.33333333,72.0,62.75,64.75,-0.214285714,1.5,-1.242424242,0.8,1.2,0.4,1.2,1.0,0.6,0,0,0,3,0,Tunisia,Libya,24-03-2023,African Nations Cup qualifier,0.0,0.0
1326.857839,1598.993525,-272.135686,63.0,65,63.0,63.0,62.5,38.5,51.0,66.0,72,64.0,66.33333333,77.0,51.83333333,59.5,-3.0,-1.0,-3.333333333,1.8,2.8,0.4,3.2,1.2,0.6,0,0,0,0,4,Montserrat,Haiti,25-03-2023,CONCACAF Nations League B,0.0,0.0
1847.457827,2078.686202,-231.2283751,79.28571429,85,79.0,80.71428571,70.84615385,65.92307692,72.0,86.14285714,89,85.83333333,86.375,81.58333333,69.25,74.41666667,-6.857142857,-6.833333333,-5.660714286,0.8,1.0,0.4,1.6,0.6,0.6,0,0,0,2,1,Morocco,Brazil,25-03-2023,Friendly,0.5,0.0
1509.303191,1864.236073,-354.9328811,64.0,66,64.0,64.0,68.33333333,58.66666667,56.33333333,79.78571429,87,77.0,80.25,71.7,63.0,71.3,-15.78571429,-13.0,-16.25,0.6,1.4,0.2,1.0,2.2,0.4,1,0,0,0,5,Belarus,Switzerland,25-03-2023,European Championship qual,0.0,0.0
1755.744925,1458.096358,297.6485676,76.92857143,86,75.16666667,77.45454545,75.15384615,66.69230769,72.53846154,66.57142857,71,66.4,66.66666667,66.91666667,51.91666667,56.5,10.35714286,8.766666667,10.78787879,2.0,0.8,0.6,1.4,2.2,0.4,0,0,0,3,0,Scotland,Cyprus,25-03-2023,European Championship qual,0.0,0.0
1969.285286,1774.48981,194.7954762,84.64285714,89,83.8,85.14285714,70.61538462,72.92307692,81.84615385,77.78571429,91,81.4,75.875,76.14285714,66.28571429,70.28571429,6.857142857,2.4,9.267857143,2.4,0.8,0.4,1.4,1.6,0.4,0,0,0,3,0,Spain,Norway,25-03-2023,European Championship qual,0.6,0.0
1913.359752,1765.695937,147.663815,80.57142857,87,79.5,80.33333333,69.38461538,66.30769231,76.38461538,74.35714286,77,75.0,74.11111111,68.5,56.75,66.75,6.214285714,4.5,6.222222222,0.8,1.2,0.2,0.4,1.8,0.0,0,0,0,1,1,Croatia,Wales,25-03-2023,European Championship qual,0.2,0.0
1930.702442,1836.214185,94.48825737,85.57142857,89,84.6,86.11111111,71.45454545,74.36363636,80.54545455,73.92857143,78,74.0,74.0,68.58333333,66.33333333,66.5,11.64285714,10.6,12.11111111,2.0,1.6,0.4,1.2,0.4,0.6,0,0,0,2,0,Germany,Peru,25-03-2023,Friendly,0.1,0.0
1537.118368,1755.921024,-218.8026562,67.66666667,81,69.125,64.33333333,73.5,57.58333333,61.25,78.35714286,85,78.66666667,77.88888889,73.58333333,63.41666667,70.75,-10.69047619,-9.541666667,-13.55555556,1.0,3.2,0.0,2.0,1.4,0.6,0,0,0,1,2,Armenia,Turkey,25-03-2023,European Championship qual,0.0,0.0
1766.738804,1732.004764,34.73404036,72.07142857,79,71.71428571,71.25,71.1,66.1,69.2,63.38461538,69,63.5,66.0,66.53846154,53.23076923,55.0,8.686813187,8.214285714,5.25,0.6,0.6,0.2,2.4,0.6,0.8,0,0,0,2,0,Russia,Iraq,26-03-2023,Friendly,0.0,0.0
1816.742663,1596.276359,220.4663035,78.78571429,81,78.55555556,79.2,75.61538462,70.76923077,71.46153846,73.85714286,79,72.81818182,76.0,77.92307692,67.76923077,64.07692308,4.928571429,5.737373737,3.2,1.0,1.0,0.4,0.4,1.2,0.0,0,0,0,2,2,Mexico,Jamaica,26-03-2023,CONCACAF Nations League A,0.2,0.0
1606.351454,1582.512786,23.83866872,68.0,75,68.625,67.55555556,67.75,59.91666667,64.33333333,71.07142857,76,71.5,70.66666667,79.25,61.25,63.75,-3.071428571,-2.875,-3.111111111,0.0,0.8,0.0,0.2,1.0,0.2,0,0,0,2,1,New Zealand,China,26-03-2023,Friendly,0.1,0.0
1618.232721,1685.957386,-67.72466487,76.21428571,84,74.25,77.1,72.41666667,60.41666667,65.91666667,75.71428571,83,77.33333333,74.88888889,69.08333333,63.91666667,69.83333333,0.5,-3.083333333,2.211111111,0.8,1.0,0.0,1.8,1.4,0.6,0,0,0,2,0,Slovakia,Bosnia and Herzegovina,26-03-2023,European Championship qual,0.0,0.0
1969.730126,1809.192018,160.5381074,85.28571429,90,85.625,84.71428571,77.0,72.07692308,80.07692308,76.85714286,82,76.625,76.625,75.0,66.16666667,72.83333333,8.428571429,9.0,8.089285714,1.8,0.6,0.6,1.8,0.8,0.4,0,0,0,2,0,England,Ukraine,26-03-2023,European Championship qual,0.25,0.0
1515.938034,1938.119734,-422.1816997,67.0,76,66.75,66.9,69.08333333,48.75,59.83333333,84.71428571,89,85.0,84.0,76.25,73.75,78.5,-17.71428571,-18.25,-17.1,1.2,1.0,0.2,2.6,0.8,0.6,0,0,0,0,6,Luxembourg,Portugal,26-03-2023,European Championship qual,0.0,0.3
1509.330945,1669.177212,-159.8462676,70.28571429,78,70.77777778,69.25,76.78571429,61.35714286,60.92857143,77.14285714,85,76.5,77.625,78.28571429,59.35714286,65.78571429,-6.857142857,-5.722222222,-8.375,1.0,0.6,0.4,1.6,1.4,0.6,0,0,0,1,1,Angola,Ghana,27-03-2023,African Nations Cup qualifier,0.0,0.0
1792.272426,1366.15603,426.1163964,77.35714286,86,78.57142857,77.0,71.0,67.5,74.14285714,55.0,55,55.0,55.0,72.92857143,62.57142857,66.42857143,22.35714286,23.57142857,22.0,1.2,1.0,0.6,0.8,2.2,0.0,1,0,0,1,0,Algeria,Niger,27-03-2023,African Nations Cup qualifier,0.0,0.0
1990.020814,1279.441257,710.5795565,83.21428571,89,82.14285714,83.77777778,78.92307692,65.15384615,73.46153846,58.0,58,58.0,58.0,65.0,44.5,46.5,25.21428571,24.14285714,25.77777778,1.6,1.6,0.4,1.0,2.0,0.4,0,0,0,3,0,Netherlands,Gibraltar,27-03-2023,European Championship qual,0.1,0.0
1838.004063,1532.414664,305.5893981,76.64285714,79,76.85714286,76.375,75.46153846,60.0,67.46153846,64.0,67,67.0,63.0,62.0,56.33333333,53.0,12.64285714,9.857142857,13.375,2.0,1.2,0.4,0.8,1.8,0.0,0,0,0,1,0,United States,El Salvador,27-03-2023,CONCACAF Nations League A,0.075,0.0
1803.311225,1474.863551,328.4476742,77.07142857,81,77.625,76.0,72.30769231,66.46153846,72.23076923,65.83333333,71,65.0,70.5,71.4,57.4,50.8,11.23809524,12.625,5.5,1.6,1.0,0.8,2.2,1.4,0.8,0,0,0,5,0,Sweden,Azerbaijan,27-03-2023,European Championship qual,0.0,0.0
1698.149322,2022.911187,-324.7618645,73.64285714,76,74.5,73.61538462,63.0,52.2,62.3,86.14285714,91,87.5,85.33333333,84.92307692,73.07692308,77.0,-12.5,-13.0,-11.71794872,1.8,1.6,0.6,2.8,1.0,0.8,0,0,0,0,1,Ireland,France,27-03-2023,European Championship qual,0.0,0.6
1771.396911,1541.172525,230.2243858,79.64285714,85,78.71428571,80.5,71.92857143,63.35714286,71.0,62.42857143,70,58.0,63.8,64.66666667,49.33333333,54.83333333,17.21428571,20.71428571,16.7,1.6,1.2,0.6,1.0,0.6,0.4,0,0,0,2,1,Austria,Estonia,27-03-2023,European Championship qual,0.0,0.0
1706.946368,1721.91485,-14.9684817,74.78571429,81,74.75,74.54545455,70.09090909,58.18181818,66.0,75.57142857,81,76.5,74.4,75.5,65.0,67.14285714,-0.785714286,-1.75,0.145454545,0.4,1.0,0.0,0.4,0.6,0.4,0,0,0,3,2,Chile,Paraguay,27-03-2023,Friendly,0.0,0.0
1345.387469,1774.991453,-429.6039838,65.0,72,65.4,63.2,62.1,55.0,53.2,77.21428571,83,78.0,76.77777778,72.72727273,71.09090909,71.36363636,-12.21428571,-12.6,-13.57777778,1.2,1.8,0.4,2.0,1.8,0.4,0,0,0,0,0,Moldova,Czech Republic,27-03-2023,European Championship qual,0.0,0.0
1829.239323,1532.9273,296.3120235,70.85714286,82,72.5,68.85714286,72.07142857,61.21428571,64.0,64.55555556,74,62.75,65.71428571,71.55555556,45.55555556,53.66666667,6.301587302,9.75,3.142857143,1.0,2.0,0.2,0.8,1.8,0.2,0,0,0,2,1,Iran,Kenya,28-03-2023,Friendly,0.1,0.0
1211.026921,1561.973079,-350.946157,57.0,63,56.5,57.0,67.0,50.0,54.0,69.5,75,69.8,68.5,74.2,57.8,62.3,-12.5,-13.3,-11.5,0.0,0.0,0.0,0.0,0.0,0.0,0,0,0,0,1,Eswatini,Cape Verde,28-03-2023,African Nations Cup qualifier,0.0,0.0
1461.098364,1773.768349,-312.6699856,72.5,81,70.0,73.33333333,72.0,62.75,64.75,72.28571429,81,71.5,72.09090909,71.76923077,61.0,65.53846154,0.214285714,-1.5,1.242424242,1.0,1.6,0.4,1.2,0.2,0.6,0,0,0,0,1,Libya,Tunisia,28-03-2023,African Nations Cup qualifier,0.0,0.0
1507.555214,1532.064527,-24.50931376,65.33333333,66,64.0,66.0,71.5,52.5,52.0,74.0,80,74.71428571,73.55555556,78.21428571,62.57142857,66.42857143,-8.666666667,-10.71428571,-7.555555556,1.4,0.6,0.6,1.4,1.0,0.4,0,0,0,1,1,Mauritania,democratic republic of congo,28-03-2023,African Nations Cup qualifier,0.0,0.0
1391.996936,1643.330753,-251.3338171,65.16666667,76,61.0,67.0,66.33333333,48.5,59.16666667,67.71428571,74,68.125,67.16666667,72.92857143,54.64285714,56.57142857,-2.547619048,-7.125,-0.166666667,0.6,1.8,0.0,2.0,0.8,0.6,0,0,0,1,2,Liberia,South Africa,28-03-2023,African Nations Cup qualifier,0.0,0.1
1396.175751,1742.554893,-346.3791425,59.5,64,55.0,59.5,73.5,35.5,48.5,70.84615385,89,69.11111111,74.75,67.61538462,61.38461538,62.69230769,-11.34615385,-14.11111111,-15.25,0.8,1.0,0.2,2.2,1.0,0.8,0,0,0,0,4,Malawi,Egypt,28-03-2023,African Nations Cup qualifier,0.0,0.2
1674.014562,1722.971296,-48.95673397,66.6,72,67.0,65.25,68.8,53.2,57.2,72.78571429,77,72.71428571,72.5,70.84615385,65.46153846,64.15384615,-6.185714286,-5.714285714,-7.25,1.2,0.4,0.6,2.0,1.0,0.6,1,0,0,1,1,Uzbekistan,Venezuela,28-03-2023,Friendly,0.0,0.0
1663.087958,1592.266654,70.82130428,71.92857143,77,71.5,71.9,75.92307692,54.84615385,62.30769231,68.64285714,74,68.6,69.14285714,68.83333333,56.41666667,60.33333333,3.285714286,2.9,2.757142857,1.0,1.6,0.2,0.0,2.2,0.0,0,0,0,1,2,Saudi Arabia,Bolivia,28-03-2023,Friendly,0.0,0.0
1847.454731,1889.391361,-41.93663043,76.07142857,87,76.625,75.16666667,74.0,69.23076923,69.46153846,81.28571429,88,81.0,81.1,75.38461538,65.07692308,70.76923077,-5.214285714,-4.375,-5.933333333,1.4,2.0,0.2,1.0,0.6,0.4,0,0,0,1,2,South Korea,Uruguay,28-03-2023,Friendly,0.1,0.1
1661.970895,1283.200509,378.7703868,71.0,71,71.0,71.0,82.0,65.0,63.0,66.4,70,67.5,65.5,80.0,53.0,59.0,4.6,3.5,5.5,1.6,0.6,0.8,1.6,2.4,0.2,1,0,0,4,0,Jordan,Philippines,28-03-2023,Friendly,0.2,0.0
1818.569021,1796.5994,21.9696203,72.85714286,78,71.75,72.83333333,71.07692308,60.15384615,62.92307692,75.42857143,80,75.66666667,75.36363636,75.2,55.9,68.7,-2.571428571,-3.916666667,-2.53030303,1.4,1.4,0.6,1.0,1.2,0.2,0,0,0,1,2,Australia,Ecuador,28-03-2023,Friendly,0.0,0.0
1872.770323,1824.461334,48.30898948,79.28571429,85,79.0,80.71428571,70.84615385,65.92307692,72.0,73.92857143,78,74.0,74.0,68.58333333,66.33333333,66.5,5.357142857,5.0,6.714285714,0.8,1.0,0.4,1.2,0.8,0.6,1,0,0,0,0,Morocco,Peru,28-03-2023,Friendly,0.5,0.0
1417.15863,1706.787797,-289.6291664,66.25,74,67.28571429,64.71428571,76.36363636,55.81818182,60.09090909,78.5,83,77.8,78.0,76.92857143,65.35714286,69.5,-12.25,-10.51428571,-13.28571429,0.8,1.6,0.2,2.6,1.0,0.8,0,0,0,0,2,Comoros,Ivory Coast,28-03-2023,African Nations Cup qualifier,0.0,0.0
1420.859332,1767.502004,-346.6426729,73.66666667,81,68.0,76.5,83.66666667,53.33333333,60.33333333,78.5,86,79.16666667,78.42857143,76.69230769,66.61538462,65.84615385,-4.833333333,-11.16666667,-1.928571429,0.6,1.8,0.0,2.0,1.6,0.6,0,0,0,0,1,Mozambique,Senegal,28-03-2023,African Nations Cup qualifier,0.0,0.1
1747.336664,1582.003926,165.3327383,73.92857143,83,75.33333333,73.54545455,73.0,61.66666667,65.58333333,67.91666667,74,71.75,65.71428571,71.58333333,58.41666667,60.16666667,6.011904762,3.583333333,7.831168831,1.2,1.6,0.4,0.6,1.0,0.4,0,0,0,4,1,Canada,Honduras,28-03-2023,CONCACAF Nations League A,0.175,0.0
1779.502802,1665.951096,113.5517065,70.07142857,85,68.0,73.33333333,69.46153846,54.38461538,56.30769231,67.92857143,72,67.625,68.57142857,69.64285714,57.0,57.0,2.142857143,0.375,4.761904762,1.4,2.4,0.6,1.0,1.4,0.0,0,0,0,0,1,Costa Rica,Panama,28-03-2023,CONCACAF Nations League A,0.0,0.15
1666.157399,1766.625357,-100.4679581,73.0,86,73.25,72.66666667,69.76923077,59.69230769,62.92307692,77.78571429,91,81.4,75.875,76.14285714,66.28571429,70.28571429,-4.785714286,-8.15,-3.208333333,2.0,1.0,0.6,0.8,1.8,0.2,0,0,0,1,1,Georgia,Norway,28-03-2023,European Championship qual,0.0,0.0
1862.310082,1900.617958,-38.30787602,78.0,81,78.33333333,77.5,78.07692308,65.76923077,72.30769231,78.42857143,84,79.0,77.875,77.0,68.0,68.84615385,-0.428571429,-0.666666667,-0.375,1.2,1.0,0.4,2.2,1.0,0.6,0,0,0,1,2,Japan,Colombia,28-03-2023,Friendly,0.0,0.25
1942.455293,1948.046819,-5.591525948,85.57142857,89,84.6,86.11111111,71.45454545,74.36363636,80.54545455,82.64285714,91,83.83333333,82.0,69.4,75.6,78.2,2.928571429,0.766666667,4.111111111,1.8,1.0,0.6,1.0,0.8,0.4,0,0,0,2,3,Germany,Belgium,28-03-2023,Friendly,0.1,0.0
1867.907931,1612.357846,255.5500851,79.78571429,87,77.0,80.25,71.7,63.0,71.3,70.5,77,72.0,68.5,71.76923077,61.38461538,62.15384615,9.285714286,5.0,11.75,2.0,1.8,0.6,2.0,1.8,0.4,0,0,0,3,0,Switzerland,Israel,28-03-2023,European Championship qual,0.0,0.0
1762.994781,1906.941461,-143.9466794,78.35714286,85,78.66666667,77.88888889,73.58333333,63.41666667,70.75,80.57142857,87,79.5,80.33333333,69.38461538,66.30769231,76.38461538,-2.214285714,-0.833333333,-2.444444444,2.0,1.6,0.6,1.0,1.4,0.2,0,0,0,0,2,Turkey,Croatia,28-03-2023,European Championship qual,0.0,0.2
1604.520256,1358.436137,246.0841189,66.0,72,64.0,66.33333333,77.0,51.83333333,59.5,69.0,69,69.0,69.0,77.0,68.0,64.0,-3.0,-5.0,-2.666666667,3.8,0.8,0.8,0.8,2.2,0.0,1,0,0,3,1,Haiti,Bermuda,28-03-2023,CONCACAF Nations League B,0.0,0.0
1760.632057,1977.149738,-216.5176809,76.92857143,86,75.16666667,77.45454545,75.15384615,66.69230769,72.53846154,84.64285714,89,83.8,85.14285714,70.61538462,72.92307692,81.84615385,-7.714285714,-8.633333333,-7.688311688,1.8,0.6,0.6,2.4,0.6,0.4,0,0,0,2,0,Scotland,Spain,28-03-2023,European Championship qual,0.0,0.6
1842.704905,1807.763793,34.94111275,76.64285714,79,76.85714286,76.375,75.46153846,60.0,67.46153846,78.78571429,81,78.55555556,79.2,75.61538462,70.76923077,71.46153846,-2.142857143,-1.698412698,-2.825,2.0,1.2,0.4,1.2,1.0,0.4,0,0,0,1,1,United States,Mexico,19-04-2023,Friendly,0.075,0.2
1809.367487,1609.130083,200.2374047,78.78571429,81,78.55555556,79.2,75.61538462,70.76923077,71.46153846,64.2,68,63.66666667,65.0,68.2,53.2,55.0,14.58571429,14.88888889,14.2,1.4,1.2,0.4,2.0,1.0,0.6,0,0,0,2,0,Mexico,Guatemala,07-06-2023,Friendly,0.2,0.0
1681.324923,1817.047606,-135.7226832,77.07142857,85,76.28571429,77.85714286,70.15384615,62.61538462,64.07692308,78.78571429,81,78.55555556,79.2,75.61538462,70.76923077,71.46153846,-1.714285714,-2.26984127,-1.342857143,1.2,1.4,0.2,1.8,0.8,0.6,1,0,0,2,2,Cameroon,Mexico,10-06-2023,Friendly,0.0,0.2
1687.00178,1443.577322,243.4244581,67.92857143,72,67.625,68.57142857,69.64285714,57.0,57.0,56.0,56,56.0,56.0,70.0,55.0,50.0,11.92857143,11.625,12.57142857,1.0,1.2,0.2,1.4,1.2,0.4,0,0,0,3,2,Panama,Nicaragua,10-06-2023,Friendly,0.15,0.0
1676.254299,1685.957672,-9.703373265,66.6,72,67.0,65.25,68.8,53.2,57.2,72.0,72,72.0,72.0,72.92857143,62.57142857,66.42857143,-5.4,-5.0,-6.75,1.0,0.6,0.4,2.0,1.2,0.8,0,0,0,3,0,Uzbekistan,Oman,11-06-2023,Central Asian Nations Cup,0.0,0.0
1206.343024,1566.656976,-360.313952,57.0,63,56.5,57.0,67.0,50.0,54.0,69.5,75,69.8,68.5,74.2,57.8,62.3,-12.5,-13.3,-11.5,0.0,0.5,0.0,0.5,0.0,0.5,0,0,0,0,1,Eswatini,Cape Verde,12-06-2023,African Nations Cup qualifier,0.0,0.0
1926.712771,1800.100281,126.6124897,85.57142857,89,84.6,86.11111111,71.45454545,74.36363636,80.54545455,76.85714286,82,76.625,76.625,75.0,66.16666667,72.83333333,8.714285714,7.975,9.486111111,2.0,1.6,0.4,1.2,1.2,0.2,0,0,0,3,3,Germany,Ukraine,12-06-2023,Friendly,0.1,0.0
1834.158398,1290.82679,543.3316083,70.85714286,82,72.5,68.85714286,72.07142857,61.21428571,64.0,63.0,63,63.0,63.0,80.0,50.0,58.0,7.857142857,9.5,5.857142857,1.4,1.8,0.4,0.8,1.8,0.0,1,0,0,6,1,Iran,Afghanistan,13-06-2023,Central Asian Nations Cup,0.1,0.0
1610.766631,1406.545184,204.2214472,66.0,72,64.0,66.33333333,77.0,51.83333333,59.5,63.66666667,67,60.0,63.66666667,66.66666667,49.66666667,56.0,2.333333333,4.0,2.666666667,4.4,1.0,1.0,1.8,1.0,0.6,1,0,0,3,1,Haiti,Saint Kitts and Nevis,13-06-2023,Friendly,0.0,0.0
1530.9377,1472.813436,58.12426412,74.0,80,74.71428571,73.55555556,78.21428571,62.57142857,66.42857143,61.0,69,58.0,61.0,72.5,41.5,52.5,13.0,16.71428571,12.55555556,1.6,1.0,0.4,0.4,0.6,0.2,1,0,0,1,0,democratic republic of congo,Uganda,14-06-2023,Friendly,0.0,0.0
1746.389866,1515.937606,230.4522603,70.84615385,89,69.11111111,74.75,67.61538462,61.38461538,62.69230769,72.85714286,78,73.0,72.8,67.64285714,63.42857143,63.28571429,-2.010989011,-3.888888889,1.95,2.8,0.2,1.0,1.4,1.2,0.6,1,0,0,2,1,Egypt,Guinea,14-06-2023,African Nations Cup qualifier,0.2,0.0
1990.54743,1916.667418,73.88001238,83.21428571,89,82.14285714,83.77777778,78.92307692,65.15384615,73.46153846,80.57142857,87,79.5,80.33333333,69.38461538,66.30769231,76.38461538,2.642857143,2.642857143,3.444444444,2.0,1.4,0.6,1.2,1.2,0.4,0,0,0,2,4,Netherlands,Croatia,14-06-2023,European Nations League,0.1,0.2
1903.469433,1437.253622,466.2158107,81.28571429,88,81.0,81.1,75.38461538,65.07692308,70.76923077,56.0,56,56.0,56.0,70.0,55.0,50.0,25.28571429,25.0,25.1,1.0,0.8,0.4,1.8,1.6,0.4,0,0,0,4,1,Uruguay,Nicaragua,14-06-2023,Friendly,0.1,0.0
1692.70104,1398.36491,294.3361302,66.6,72,67.0,65.25,68.8,53.2,57.2,63.0,63,63.0,63.0,76.0,61.0,56.0,3.6,4.0,2.25,1.4,0.2,0.6,0.8,1.4,0.2,0,0,0,2,0,Uzbekistan,Turkmenistan,14-06-2023,Central Asian Nations Cup,0.0,0.0
1952.296237,1932.224666,20.07157168,84.64285714,89,83.8,85.14285714,70.61538462,72.92307692,81.84615385,84.35714286,87,84.25,84.22222222,75.5,65.33333333,73.0,0.285714286,-0.45,0.920634921,1.0,1.0,0.2,1.6,1.0,0.6,1,0,0,2,1,Spain,Italy,15-06-2023,European Nations League,0.6,0.0
1756.249838,1693.325481,62.92435703,73.92857143,83,75.33333333,73.54545455,73.0,61.66666667,65.58333333,67.92857143,72,67.625,68.57142857,69.64285714,57.0,57.0,6.0,7.708333333,4.974025974,1.6,1.6,0.4,1.2,1.2,0.4,1,0,0,2,0,Canada,Panama,15-06-2023,CONCACAF Nations League,0.175,0.15
1678.403443,1605.255229,73.14821365,69.07142857,76,71.25,68.2,70.92307692,55.84615385,62.61538462,73.85714286,79,72.81818182,76.0,77.92307692,67.76923077,64.07692308,-4.785714286,-1.568181818,-7.8,1.0,1.4,0.2,0.6,1.4,0.0,1,0,0,2,1,Qatar,Jamaica,15-06-2023,Friendly,0.3,0.0
1841.101211,1811.096999,30.00421156,76.64285714,79,76.85714286,76.375,75.46153846,60.0,67.46153846,78.78571429,81,78.55555556,79.2,75.61538462,70.76923077,71.46153846,-2.142857143,-1.698412698,-2.825,2.0,0.8,0.4,1.8,1.0,0.4,0,0,0,3,0,United States,Mexico,15-06-2023,CONCACAF Nations League,0.075,0.2
2058.803589,1801.558629,257.2449606,84.14285714,90,85.0,83.11111111,73.61538462,71.23076923,77.69230769,72.85714286,78,71.75,72.83333333,71.07692308,60.15384615,62.92307692,11.28571429,13.25,10.27777778,3.4,1.0,0.6,1.4,1.0,0.6,1,0,0,2,0,Argentina,Australia,15-06-2023,Friendly,1.0,0.0
1848.06711,1527.713821,320.3532888,78.0,81,78.33333333,77.5,78.07692308,65.76923077,72.30769231,64.0,67,67.0,63.0,62.0,56.33333333,53.0,14.0,11.33333333,14.5,1.0,1.2,0.2,0.4,1.6,0.0,0,0,0,6,0,Japan,El Salvador,15-06-2023,Friendly,0.0,0.0
1914.860929,1717.599018,197.2619115,78.42857143,84,79.0,77.875,77.0,68.0,68.84615385,63.38461538,69,63.5,66.0,66.53846154,53.23076923,55.0,15.04395604,15.5,11.875,1.8,1.0,0.6,2.4,1.0,0.8,1,0,0,1,0,Colombia,Iraq,16-06-2023,Friendly,0.25,0.0
1850.429776,1665.219743,185.2100334,80.0,86,80.8,78.75,62.41666667,72.66666667,73.66666667,71.0,71,71.0,71.0,82.0,65.0,63.0,9.0,9.8,7.75,2.2,1.4,0.6,2.2,0.6,0.8,1,0,0,3,2,Serbia,Jordan,16-06-2023,Friendly,0.0,0.2
1833.376659,1826.671818,6.704841107,76.07142857,87,76.625,75.16666667,74.0,69.23076923,69.46153846,73.92857143,78,74.0,74.0,68.58333333,66.33333333,66.5,2.142857143,2.625,1.166666667,1.6,2.4,0.2,1.2,0.6,0.6,0,0,0,0,1,South Korea,Peru,16-06-2023,Friendly,0.1,0.0
1807.508506,1621.255362,186.2531437,77.07142857,81,77.625,76.0,72.30769231,66.46153846,72.23076923,68.0,75,68.625,67.55555556,67.75,59.91666667,64.33333333,9.071428571,9.0,8.444444444,2.2,0.8,0.8,0.4,1.0,0.2,0,0,0,4,1,Sweden,New Zealand,16-06-2023,Friendly,0.0,0.1
1408.548478,1978.821863,-570.2733851,67.6,79,71.5,67.6,67.4,54.6,59.8,85.28571429,90,85.625,84.71428571,77.0,72.07692308,80.07692308,-17.68571429,-14.125,-17.11428571,0.8,1.4,0.2,2.2,0.6,0.8,0,0,0,0,4,Malta,England,16-06-2023,European Championship qual,0.0,0.25
1431.630154,1753.268824,-321.6386703,62.16666667,66,65.0,61.8,62.4,53.4,55.6,78.35714286,85,78.66666667,77.88888889,73.58333333,63.41666667,70.75,-16.19047619,-13.66666667,-16.08888889,1.0,1.4,0.0,1.4,1.4,0.6,0,0,0,2,3,Latvia,Turkey,16-06-2023,European Championship qual,0.0,0.0
1807.9166,1921.127149,-113.2105491,79.42857143,90,80.57142857,78.33333333,79.75,73.25,74.625,85.57142857,89,84.6,86.11111111,71.45454545,74.36363636,80.54545455,-6.142857143,-4.028571429,-7.777777778,1.0,1.6,0.4,2.4,1.8,0.4,0,0,0,1,0,Poland,Germany,16-06-2023,Friendly,0.0,0.1
1262.135715,1873.884918,-611.7492035,66.0,66,66.0,66.0,72.92857143,62.57142857,66.42857143,79.78571429,87,77.0,80.25,71.7,63.0,71.3,-13.78571429,-11.0,-14.25,0.4,1.2,0.0,2.4,1.8,0.6,0,0,0,1,2,Andorra,Switzerland,16-06-2023,European Championship qual,0.0,0.0
2027.186449,1278.914641,748.2718085,86.14285714,91,87.5,85.33333333,84.92307692,73.07692308,77.0,58.0,58,58.0,58.0,65.0,44.5,46.5,28.14285714,29.5,27.33333333,2.4,0.8,0.8,0.8,1.6,0.4,1,0,0,3,0,France,Gibraltar,16-06-2023,European Championship qual,0.6,0.0
1420.987531,1835.501768,-414.5142364,65.0,65,65.0,65.0,77.0,62.0,56.0,70.85714286,82,72.5,68.85714286,72.07142857,61.21428571,64.0,-5.857142857,-7.5,-3.857142857,0.6,1.0,0.2,2.2,0.8,0.6,0,0,0,1,5,Kyrgyzstan,Iran,16-06-2023,Central Asian Nations Cup,0.0,0.1
1536.132207,1778.308078,-242.1758711,69.42857143,75,69.42857143,69.0,70.33333333,53.16666667,61.83333333,72.28571429,81,71.5,72.09090909,71.76923077,61.0,65.53846154,-2.857142857,-2.071428571,-3.090909091,1.8,0.8,0.6,1.0,0.2,0.6,0,0,0,1,0,Equatorial Guinea,Tunisia,17-06-2023,African Nations Cup qualifier,0.0,0.0
2053.373706,1509.226438,544.1472684,86.14285714,89,85.83333333,86.375,81.58333333,69.25,74.41666667,72.85714286,78,73.0,72.8,67.64285714,63.42857143,63.28571429,13.28571429,12.83333333,13.575,1.4,1.0,0.4,1.4,1.6,0.4,1,0,0,4,1,Brazil,Guinea,17-06-2023,Friendly,0.0,0.0
1489.461326,1771.33186,-281.8705342,67.5,73,67.75,66.57142857,64.8,51.2,56.5,78.5,86,79.16666667,78.42857143,76.69230769,66.61538462,65.84615385,-11.0,-11.41666667,-11.85714286,0.6,1.4,0.0,2.2,1.2,0.8,0,0,0,1,1,Benin,Senegal,17-06-2023,African Nations Cup qualifier,0.0,0.1
1535.906169,1711.869159,-175.9629903,67.625,75,70.16666667,62.33333333,84.75,57.875,53.875,78.5,83,77.8,78.0,76.92857143,65.35714286,69.5,-10.875,-7.633333333,-15.66666667,1.4,1.6,0.4,2.6,0.8,0.8,0,0,0,3,0,Zambia,Ivory Coast,17-06-2023,African Nations Cup qualifier,0.0,0.0
1388.83652,1761.480184,-372.6436645,57.33333333,63,57.33333333,59.0,64.66666667,50.33333333,51.0,77.21428571,83,78.0,76.77777778,72.72727273,71.09090909,71.36363636,-19.88095238,-20.66666667,-17.77777778,0.8,1.8,0.2,2.0,1.0,0.4,0,0,0,0,3,Faroe Islands,Czech Republic,17-06-2023,European Championship qual,0.0,0.0
1649.426609,1859.734245,-210.3076361,67.71428571,74,68.125,67.16666667,72.92857143,54.64285714,56.57142857,79.28571429,85,79.0,80.71428571,70.84615385,65.92307692,72.0,-11.57142857,-10.875,-13.54761905,1.6,1.0,0.6,0.6,1.0,0.2,0,0,0,2,1,South Africa,Morocco,17-06-2023,African Nations Cup qualifier,0.1,0.5
1762.123426,1785.485558,-23.36213173,77.78571429,91,81.4,75.875,76.14285714,66.28571429,70.28571429,76.92857143,86,75.16666667,77.45454545,75.15384615,66.69230769,72.53846154,0.857142857,6.233333333,-1.579545455,0.8,1.6,0.2,1.6,0.6,0.6,0,0,0,1,2,Norway,Scotland,17-06-2023,European Championship qual,0.0,0.0
1697.667651,1457.102319,240.5653318,66.6,72,67.0,65.25,68.8,53.2,57.2,61.0,61,61.0,61.0,69.0,40.0,55.0,5.6,6.0,4.25,1.4,0.2,0.6,0.6,0.8,0.0,0,0,0,5,1,Uzbekistan,Tajikistan,17-06-2023,Central Asian Nations Cup,0.0,0.0
1963.789342,1778.115039,185.6743035,82.64285714,91,83.83333333,82.0,69.4,75.6,78.2,79.64285714,85,78.71428571,80.5,71.92857143,63.35714286,71.0,3.0,5.119047619,1.5,1.4,0.8,0.6,2.0,1.0,0.8,0,0,0,1,1,Belgium,Austria,17-06-2023,European Championship qual,0.0,0.0
1813.609792,1611.483662,202.1261304,75.42857143,80,75.66666667,75.36363636,75.2,55.9,68.7,68.64285714,74,68.6,69.14285714,68.83333333,56.41666667,60.33333333,6.785714286,7.066666667,6.220779221,1.4,1.4,0.4,0.4,1.8,0.2,1,0,0,1,0,Ecuador,Bolivia,17-06-2023,Friendly,0.0,0.0
1940.708315,1666.87746,273.8308547,84.71428571,89,85.0,84.0,76.25,73.75,78.5,75.71428571,83,77.33333333,74.88888889,69.08333333,63.91666667,69.83333333,9.0,7.666666667,9.111111111,3.4,0.8,0.6,1.6,1.6,0.6,0,0,0,3,0,Portugal,Bosnia and Herzegovina,17-06-2023,European Championship qual,0.3,0.0
1971.1955,1917.147969,54.0475315,83.21428571,89,82.14285714,83.77777778,78.92307692,65.15384615,73.46153846,84.35714286,87,84.25,84.22222222,75.5,65.33333333,73.0,-1.142857143,-2.107142857,-0.444444444,2.0,2.2,0.4,1.4,1.4,0.4,0,0,0,2,3,Netherlands,Italy,18-06-2023,European Nations League,0.1,0.0
1705.225952,1435.207579,270.018373,75.57142857,81,76.5,74.4,75.5,65.0,67.14285714,56.0,56,56.0,56.0,70.0,55.0,50.0,19.57142857,20.5,18.4,0.6,1.2,0.2,1.8,2.4,0.2,0,0,0,2,0,Paraguay,Nicaragua,18-06-2023,Friendly,0.0,0.0
1796.475319,1680.191981,116.2833381,78.78571429,81,78.55555556,79.2,75.61538462,70.76923077,71.46153846,67.92857143,72,67.625,68.57142857,69.64285714,57.0,57.0,10.85714286,10.93055556,10.62857143,1.4,1.6,0.2,1.0,1.4,0.4,1,0,0,1,0,Mexico,Panama,18-06-2023,CONCACAF Nations League,0.2,0.15
1855.722891,1769.383337,86.33955324,76.64285714,79,76.85714286,76.375,75.46153846,60.0,67.46153846,73.92857143,83,75.33333333,73.54545455,73.0,61.66666667,65.58333333,2.714285714,1.523809524,2.829545455,2.4,0.4,0.6,2.0,1.4,0.6,0,0,0,2,0,United States,Canada,18-06-2023,CONCACAF Nations League,0.075,0.175
1556.686271,1544.285674,12.40059621,68.92857143,80,69.0,68.22222222,72.07142857,58.78571429,60.92857143,74.0,80,74.71428571,73.55555556,78.21428571,62.57142857,66.42857143,-5.071428571,-5.714285714,-5.333333333,1.4,0.6,0.6,1.6,0.6,0.6,0,0,0,0,2,Gabon,democratic republic of congo,18-06-2023,African Nations Cup qualifier,0.0,0.0
1384.749207,1662.294893,-277.5456862,68.5,73,65.5,68.25,71.5,58.0,62.16666667,77.14285714,85,76.5,77.625,78.28571429,59.35714286,65.78571429,-8.642857143,-11.0,-9.375,1.2,2.0,0.2,1.4,1.6,0.4,0,0,0,0,0,Madagascar,Ghana,18-06-2023,African Nations Cup qualifier,0.0,0.0
1794.807628,1459.465462,335.3421653,77.35714286,86,78.57142857,77.0,71.0,67.5,74.14285714,61.0,69,58.0,61.0,72.5,41.5,52.5,16.35714286,20.57142857,16.0,1.2,1.0,0.6,0.4,0.8,0.2,1,0,0,2,1,Algeria,Uganda,18-06-2023,African Nations Cup qualifier,0.0,0.0
1753.101034,1290.112842,462.9881918,70.84615385,89,69.11111111,74.75,67.61538462,61.38461538,62.69230769,53.0,55,55.0,51.0,76.0,41.0,41.0,17.84615385,14.11111111,23.75,2.6,0.4,1.0,1.0,1.8,0.2,0,0,0,3,0,Egypt,South Sudan,18-06-2023,Friendly,0.2,0.0
1936.019348,1967.372934,-31.3535861,80.57142857,87,79.5,80.33333333,69.38461538,66.30769231,76.38461538,84.64285714,89,83.8,85.14285714,70.61538462,72.92307692,81.84615385,-4.071428571,-4.3,-4.80952381,1.8,1.4,0.6,1.2,1.0,0.4,1,0,0,0,0,Croatia,Spain,18-06-2023,European Nations League,0.2,0.6
1571.122432,1592.860611,-21.738179,69.5,75,69.8,68.5,74.2,57.8,62.3,70.5,81,71.2,70.85714286,75.46153846,54.53846154,60.07692308,-1.0,-1.4,-2.357143,0.7,0.0,0.7,0.8,1.0,0.3,0,0,0,3,1,Cape Verde,Burkina Faso,18-06-2023,African Nations Cup qualifier,0.0,0.0
1484.793147,2064.733299,-579.9401527,60.66666667,64,60.66666667,62.0,67.0,42.33333333,50.66666667,84.14285714,90,85.0,83.11111111,73.61538462,71.23076923,77.69230769,-23.47619048,-24.33333333,-21.11111111,1.0,1.0,0.2,3.4,0.6,0.8,0,0,0,0,2,Indonesia,Argentina,19-06-2023,Friendly,0.0,1.0
1613.095597,1691.083748,-77.98815089,68.0,75,68.625,67.55555556,67.75,59.91666667,64.33333333,69.07142857,76,71.25,68.2,70.92307692,55.84615385,62.61538462,-1.071428571,-2.625,-0.644444444,0.6,1.6,0.2,1.4,1.2,0.4,1,0,0,1,0,New Zealand,Qatar,19-06-2023,Friendly,0.1,0.3
1979.979222,1602.263368,377.7158542,85.28571429,90,85.625,84.71428571,77.0,72.07692308,80.07692308,71.64285714,80,72.0,71.11111111,69.69230769,62.0,62.53846154,13.64285714,13.625,13.6031746,2.4,0.6,0.8,1.4,1.6,0.4,0,0,0,7,0,England,North Macedonia,19-06-2023,European Championship qual,0.25,0.0
1757.611121,1750.292047,7.319073894,78.35714286,85,78.66666667,77.88888889,73.58333333,63.41666667,70.75,74.35714286,77,75.0,74.11111111,68.5,56.75,66.75,4.0,3.666666667,3.777777778,1.8,1.4,0.8,0.8,2.0,0.2,0,0,0,2,0,Turkey,Wales,19-06-2023,European Championship qual,0.0,0.0
2027.611715,1702.952273,324.6594415,86.14285714,91,87.5,85.33333333,84.92307692,73.07692308,77.0,75.64285714,81,75.5,75.75,74.0,64.91666667,66.08333333,10.5,12.0,9.583333333,2.6,0.6,0.8,1.6,1.0,0.4,0,0,0,1,0,France,Greece,19-06-2023,European Championship qual,0.6,0.0
1874.803521,1655.112664,219.6908563,79.78571429,87,77.0,80.25,71.7,63.0,71.3,73.0,77,72.88888889,73.2,75.36363636,69.18181818,71.45454545,6.785714286,4.111111111,7.05,2.8,1.8,0.8,2.0,0.6,0.6,0,0,0,2,2,Switzerland,Romania,19-06-2023,European Championship qual,0.0,0.0
1657.023421,1592.574923,64.44849783,71.0,71,71.0,71.0,82.0,65.0,63.0,73.85714286,79,72.81818182,76.0,77.92307692,67.76923077,64.07692308,-2.857142857,-1.818181818,-5.0,2.0,1.2,0.6,0.8,1.2,0.0,1,0,0,2,1,Jordan,Jamaica,19-06-2023,Friendly,0.2,0.0
1817.067928,1523.34368,293.7242477,76.07142857,87,76.625,75.16666667,74.0,69.23076923,69.46153846,64.0,67,67.0,63.0,62.0,56.33333333,53.0,12.07142857,9.625,12.16666667,1.2,2.0,0.2,0.2,2.6,0.0,0,0,0,1,1,South Korea,El Salvador,20-06-2023,Friendly,0.1,0.0
1618.313687,1511.97756,106.336127,66.0,72,64.0,66.33333333,77.0,51.83333333,59.5,63.2,77,71.5,62.0,74.0,56.5,60.25,2.8,-7.5,4.333333333,4.4,0.8,1.0,1.2,0.2,0.6,1,0,0,0,0,Haiti,Trinidad and Tobago,20-06-2023,Friendly,0.0,0.0
1821.22663,1734.906852,86.31977809,75.42857143,80,75.66666667,75.36363636,75.2,55.9,68.7,70.07142857,85,68.0,73.33333333,69.46153846,54.38461538,56.30769231,5.357142857,7.666666667,2.03030303,1.2,1.4,0.4,1.0,1.4,0.4,1,0,0,3,1,Ecuador,Costa Rica,20-06-2023,Friendly,0.0,0.0
1760.607052,2054.711046,-294.1039937,78.5,86,79.16666667,78.42857143,76.69230769,66.61538462,65.84615385,86.14285714,89,85.83333333,86.375,81.58333333,69.25,74.41666667,-7.642857143,-6.666666667,-7.946428571,1.8,1.2,0.6,2.0,1.2,0.4,1,0,0,4,2,Senegal,Brazil,20-06-2023,Friendly,0.1,0.0
1798.862284,1752.668327,46.19395699,77.35714286,86,78.57142857,77.0,71.0,67.5,74.14285714,72.28571429,81,71.5,72.09090909,71.76923077,61.0,65.53846154,5.071428571,7.071428571,4.909090909,1.2,1.0,0.6,1.0,0.4,0.6,0,0,0,1,1,Algeria,Tunisia,20-06-2023,Friendly,0.0,0.0
1704.075278,1838.197321,-134.1220428,66.6,72,67.0,65.25,68.8,53.2,57.2,70.85714286,82,72.5,68.85714286,72.07142857,61.21428571,64.0,-4.257142857,-5.5,-3.607142857,2.4,0.4,0.8,2.8,1.0,0.6,0,0,0,0,1,Uzbekistan,Iran,20-06-2023,Central Asian Nations Cup,0.0,0.1
1747.197673,1449.462762,297.7349113,77.78571429,91,81.4,75.875,76.14285714,66.28571429,70.28571429,66.57142857,71,66.4,66.66666667,66.91666667,51.91666667,56.5,11.21428571,15.0,9.208333333,1.0,1.6,0.2,1.2,2.2,0.2,0,0,0,3,1,Norway,Cyprus,20-06-2023,European Championship qual,0.0,0.0
1905.515475,1477.145975,428.3695,81.28571429,88,81.0,81.1,75.38461538,65.07692308,70.76923077,67.5,71,67.5,67.0,66.0,59.0,62.66666667,13.78571429,13.5,14.1,1.8,1.0,0.6,1.4,1.2,0.6,0,0,0,2,0,Uruguay,Cuba,20-06-2023,Friendly,0.1,0.0
1661.395203,1495.502463,165.8927401,75.71428571,83,77.33333333,74.88888889,69.08333333,63.91666667,69.83333333,67.0,76,66.75,66.9,69.08333333,48.75,59.83333333,8.714285714,10.58333333,7.988888889,1.0,1.8,0.4,0.4,1.4,0.2,0,0,0,0,2,Bosnia and Herzegovina,Luxembourg,20-06-2023,European Championship qual,0.0,0.0
1593.422065,1764.833436,-171.4113714,71.5,82,70.66666667,72.125,70.0,57.69230769,58.61538462,77.21428571,83,78.0,76.77777778,72.72727273,71.09090909,71.36363636,-5.714285714,-7.333333333,-4.652777778,0.6,1.0,0.2,2.4,0.6,0.6,0,0,0,1,4,Montenegro,Czech Republic,20-06-2023,Friendly,0.0,0.0
1565.163485,1946.190572,-381.0270868,71.92857143,76,71.55555556,72.6,70.30769231,63.76923077,66.38461538,84.71428571,89,85.0,84.0,76.25,73.75,78.5,-12.78571429,-13.44444444,-11.4,2.0,1.6,0.2,3.8,0.4,0.8,0,0,0,0,1,Iceland,Portugal,20-06-2023,European Championship qual,0.0,0.3
1531.549413,1955.96938,-424.4199675,62.42857143,70,58.0,63.8,64.66666667,49.33333333,54.83333333,82.64285714,91,83.83333333,82.0,69.4,75.6,78.2,-20.21428571,-25.83333333,-18.2,0.8,1.0,0.2,1.4,1.0,0.4,0,0,0,0,3,Estonia,Belgium,20-06-2023,European Championship qual,0.0,0.0
1800.41131,1677.887617,122.5236928,76.92857143,86,75.16666667,77.45454545,75.15384615,66.69230769,72.53846154,73.0,86,73.25,72.66666667,69.76923077,59.69230769,62.92307692,3.928571429,1.916666667,4.787878788,1.6,0.6,0.6,2.2,1.4,0.6,0,0,0,2,0,Scotland,Georgia,20-06-2023,European Championship qual,0.0,0.0
1900.090614,1922.641468,-22.55085466,85.57142857,89,84.6,86.11111111,71.45454545,74.36363636,80.54545455,78.42857143,84,79.0,77.875,77.0,68.0,68.84615385,7.142857143,5.6,8.236111111,2.2,1.8,0.4,1.4,0.6,0.6,0,0,0,0,2,Germany,Colombia,20-06-2023,Friendly,0.1,0.25
1852.437251,1842.980549,9.456702133,78.0,81,78.33333333,77.5,78.07692308,65.76923077,72.30769231,73.92857143,78,74.0,74.0,68.58333333,66.33333333,66.5,4.071428571,4.333333333,3.5,2.2,1.0,0.4,0.6,0.4,0.6,0,0,0,4,1,Japan,Peru,20-06-2023,Friendly,0.0,0.0
1785.935001,1815.668272,-29.73327043,79.64285714,85,78.71428571,80.5,71.92857143,63.35714286,71.0,77.07142857,81,77.625,76.0,72.30769231,66.46153846,72.23076923,2.571428571,1.089285714,4.5,2.0,0.6,0.8,2.6,1.0,0.8,0,0,0,2,0,Austria,Sweden,20-06-2023,European Championship qual,0.0,0.0
1867.826682,1579.509306,288.3173756,76.64285714,79,76.85714286,76.375,75.46153846,60.0,67.46153846,73.85714286,79,72.81818182,76.0,77.92307692,67.76923077,64.07692308,2.785714286,4.038961039,0.375,2.8,0.4,0.8,0.8,1.4,0.0,0,0,0,1,1,United States,Jamaica,24-06-2023,CONCACAF Championship,0.075,0.0
1807.311656,1563.508154,243.8035026,78.78571429,81,78.55555556,79.2,75.61538462,70.76923077,71.46153846,67.91666667,74,71.75,65.71428571,71.58333333,58.41666667,60.16666667,10.86904762,6.805555556,13.48571429,1.2,1.2,0.4,0.4,1.2,0.2,1,0,0,4,0,Mexico,Honduras,25-06-2023,CONCACAF Championship,0.2,0.0
1613.564111,1671.55139,-57.98727865,66.0,72,64.0,66.33333333,77.0,51.83333333,59.5,69.07142857,76,71.25,68.2,70.92307692,55.84615385,62.61538462,-3.071428571,-7.25,-1.866666667,3.2,0.4,0.8,1.0,1.4,0.2,1,0,0,2,1,Haiti,Qatar,25-06-2023,CONCACAF Championship,0.0,0.3
1669.355645,1722.802204,-53.44655927,67.92857143,72,67.625,68.57142857,69.64285714,57.0,57.0,70.07142857,85,68.0,73.33333333,69.46153846,54.38461538,56.30769231,-2.142857143,-0.375,-4.761904762,0.8,1.4,0.4,1.0,2.0,0.2,1,0,0,2,1,Panama,Costa Rica,26-06-2023,CONCACAF Championship,0.15,0.0
1856.940405,1394.411141,462.5292642,76.64285714,79,76.85714286,76.375,75.46153846,60.0,67.46153846,63.66666667,67,60.0,63.66666667,66.66666667,49.66666667,56.0,12.97619048,16.85714286,12.70833333,1.6,0.4,0.6,1.0,1.6,0.2,0,0,0,6,0,United States,Saint Kitts and Nevis,28-06-2023,CONCACAF Championship,0.075,0.0
1813.624293,1632.210001,181.4142912,78.78571429,81,78.55555556,79.2,75.61538462,70.76923077,71.46153846,66.0,72,64.0,66.33333333,77.0,51.83333333,59.5,12.78571429,14.55555556,12.86666667,1.8,1.0,0.6,2.4,0.6,0.8,1,0,0,3,1,Mexico,Haiti,29-06-2023,CONCACAF Championship,0.2,0.0
1557.195517,1652.905499,-95.70998188,67.91666667,74,71.75,65.71428571,71.58333333,58.41666667,60.16666667,69.07142857,76,71.25,68.2,70.92307692,55.84615385,62.61538462,-1.154761905,0.5,-2.485714286,0.4,1.8,0.2,1.0,1.4,0.2,1,0,0,1,1,Honduras,Qatar,29-06-2023,CONCACAF Championship,0.0,0.3
1745.554008,1604.37074,141.1832686,73.92857143,83,75.33333333,73.54545455,73.0,61.66666667,65.58333333,64.2,68,63.66666667,65.0,68.2,53.2,55.0,9.728571429,11.66666667,8.545454545,2.0,1.0,0.6,0.4,0.8,0.4,1,0,0,0,0,Canada,Guatemala,01-07-2023,CONCACAF Championship,0.175,0.0
1648.606101,1821.954541,-173.3484403,69.07142857,76,71.25,68.2,70.92307692,55.84615385,62.61538462,78.78571429,81,78.55555556,79.2,75.61538462,70.76923077,71.46153846,-9.714285714,-7.305555556,-11.0,1.0,1.4,0.2,2.0,1.2,0.6,1,0,0,1,0,Qatar,Mexico,02-07-2023,CONCACAF Championship,0.3,0.2
1859.02747,1514.624299,344.4031708,76.64285714,79,76.85714286,76.375,75.46153846,60.0,67.46153846,63.2,77,71.5,62.0,74.0,56.5,60.25,13.44285714,5.357142857,14.375,2.6,0.4,0.6,1.2,1.0,0.4,0,0,0,6,0,United States,Trinidad and Tobago,02-07-2023,CONCACAF Championship,0.075,0.0
1561.494915,1623.879753,-62.3848375,67.91666667,74,71.75,65.71428571,71.58333333,58.41666667,60.16666667,66.0,72,64.0,66.33333333,77.0,51.83333333,59.5,1.916666667,7.75,-0.619047619,0.6,2.0,0.2,1.8,1.2,0.6,1,0,0,2,1,Honduras,Haiti,02-07-2023,CONCACAF Championship,0.0,0.0
1739.387992,1447.009821,292.3781704,73.92857143,83,75.33333333,73.54545455,73.0,61.66666667,65.58333333,67.5,71,67.5,67.0,66.0,59.0,62.66666667,6.428571429,7.833333333,6.545454545,1.6,1.0,0.4,0.4,2.0,0.2,1,0,0,4,2,Canada,Cuba,04-07-2023,CONCACAF Championship,0.175,0.0
1526.914876,1698.401962,-171.4870853,64.0,67,67.0,63.0,62.0,56.33333333,53.0,67.92857143,72,67.625,68.57142857,69.64285714,57.0,57.0,-3.928571429,-0.625,-5.571428571,0.4,2.0,0.0,1.4,1.4,0.6,1,0,0,2,2,El Salvador,Panama,04-07-2023,CONCACAF Championship,0.0,0.15
1674.079731,1476.232767,197.8469632,67.71428571,74,68.125,67.16666667,72.92857143,54.64285714,56.57142857,64.0,64,64.0,64.0,74.0,66.0,62.0,3.714285714,4.125,3.166666667,1.8,1.2,0.6,1.2,1.2,0.4,0,0,0,1,1,South Africa,Namibia,05-07-2023,COSAFA Cup,0.1,0.0
1691.089116,1671.986592,19.1025244,67.92857143,72,67.625,68.57142857,69.64285714,57.0,57.0,69.07142857,76,71.25,68.2,70.92307692,55.84615385,62.61538462,-1.142857143,-3.625,0.371428571,1.2,1.4,0.4,1.0,1.0,0.4,1,0,0,4,0,Panama,Qatar,08-07-2023,CONCACAF Championship,0.15,0.3
1798.57405,1706.384417,92.18963309,78.78571429,81,78.55555556,79.2,75.61538462,70.76923077,71.46153846,70.07142857,85,68.0,73.33333333,69.46153846,54.38461538,56.30769231,8.714285714,10.55555556,5.866666667,1.6,1.0,0.6,1.6,2.0,0.2,1,0,0,2,0,Mexico,Costa Rica,08-07-2023,CONCACAF Championship,0.2,0.0
1862.901003,1744.402077,118.4989259,76.64285714,79,76.85714286,76.375,75.46153846,60.0,67.46153846,73.92857143,83,75.33333333,73.54545455,73.0,61.66666667,65.58333333,2.714285714,1.523809524,2.829545455,3.6,0.2,0.8,1.6,1.2,0.4,0,0,0,2,2,United States,Canada,09-07-2023,CONCACAF Championship,0.075,0.175
1857.646124,1706.210298,151.435826,76.64285714,79,76.85714286,76.375,75.46153846,60.0,67.46153846,67.92857143,72,67.625,68.57142857,69.64285714,57.0,57.0,8.714285714,9.232142857,7.803571429,3.4,0.6,0.6,2.0,1.0,0.6,0,0,0,1,1,United States,Panama,12-07-2023,CONCACAF Championship,0.075,0.15
1810.42547,1627.282857,183.1426127,78.78571429,81,78.55555556,79.2,75.61538462,70.76923077,71.46153846,73.85714286,79,72.81818182,76.0,77.92307692,67.76923077,64.07692308,4.928571429,5.737373737,3.2,2.0,0.4,0.8,2.4,0.8,0.6,1,0,0,3,0,Mexico,Jamaica,12-07-2023,CONCACAF Championship,0.2,0.0
1679.557579,1550.015119,129.5424599,67.71428571,74,68.125,67.16666667,72.92857143,54.64285714,56.57142857,67.625,75,70.16666667,62.33333333,84.75,57.875,53.875,0.089285714,-2.041666667,4.833333333,1.8,1.0,0.8,1.8,1.4,0.6,0,0,0,1,2,South Africa,Zambia,14-07-2023,COSAFA Cup,0.1,0.0
1657.853822,1436.675131,221.1786909,67.71428571,74,68.125,67.16666667,72.92857143,54.64285714,56.57142857,59.5,64,55.0,59.5,73.5,35.5,48.5,8.214285714,13.125,7.666666667,1.6,1.2,0.6,1.2,0.2,0.6,0,0,0,0,0,South Africa,Malawi,16-07-2023,COSAFA Cup,0.1,0.0
1818.694562,1712.773707,105.9208551,78.78571429,81,78.55555556,79.2,75.61538462,70.76923077,71.46153846,67.92857143,72,67.625,68.57142857,69.64285714,57.0,57.0,10.85714286,10.93055556,10.62857143,2.4,0.4,0.8,2.2,1.0,0.6,1,0,0,1,0,Mexico,Panama,16-07-2023,CONCACAF Championship,0.2,0.15
1609.617604,1701.505838,-91.88823395,68.64285714,74,68.6,69.14285714,68.83333333,56.41666667,60.33333333,67.92857143,72,67.625,68.57142857,69.64285714,57.0,57.0,0.714285714,0.975,0.571428571,0.4,0.8,0.2,1.8,1.0,0.4,0,0,0,1,2,Bolivia,Panama,27-08-2023,Friendly,0.0,0.15
1524.875636,1510.0,14.875636,63.2,77,71.5,62.0,74.0,56.5,60.25,67.0,73,67.5,66.5,72.5,57.0,61.0,-3.8,4.0,-4.5,0.0,3.0,0.0,0.8,1.0,0.3,0,0,0,1,0,Trinidad and Tobago,Curacao,07-09-2023,CONCACAF Nations League A,0.0,0.0
1796.747421,1447.575464,349.171957,77.35714286,86,78.57142857,77.0,71.0,67.5,74.14285714,66.0,72,66.0,66.0,77.5,66.5,55.0,11.35714286,12.57142857,11.0,1.2,1.0,0.6,0.8,0.6,0.6,0,0,0,0,0,Algeria,Tanzania,07-09-2023,African Nations Cup qualifier,0.0,0.0
1752.082747,1670.089038,81.99370924,77.78571429,91,81.4,75.875,76.14285714,66.28571429,70.28571429,71.0,71,71.0,71.0,82.0,65.0,63.0,6.785714286,10.4,4.875,1.2,1.6,0.2,2.0,1.4,0.6,0,0,0,6,0,Norway,Jordan,07-09-2023,Friendly,0.0,0.2
1651.680682,1390.735139,260.9455432,77.14285714,85,76.5,77.625,78.28571429,59.35714286,65.78571429,65.75,81,65.33333333,68.25,70.5,59.5,53.5,11.39285714,11.16666667,9.375,1.0,1.0,0.4,1.6,0.8,0.4,0,0,0,2,1,Ghana,Central African Republic,07-09-2023,African Nations Cup qualifier,0.0,0.0
1656.86541,1502.429412,154.435998,69.07142857,76,71.25,68.2,70.92307692,55.84615385,62.61538462,64.55555556,74,62.75,65.71428571,71.55555556,45.55555556,53.66666667,4.515873016,8.5,2.485714286,0.6,1.6,0.2,1.0,1.0,0.4,0,0,0,1,2,Qatar,Kenya,07-09-2023,Friendly,0.3,0.0
2031.889162,1680.463539,351.4256222,86.14285714,91,87.5,85.33333333,84.92307692,73.07692308,77.0,73.64285714,76,74.5,73.61538462,63.0,52.2,62.3,12.5,13.0,11.71794872,2.4,0.6,0.8,1.6,1.0,0.6,0,0,0,2,0,France,Ireland,07-09-2023,European Championship qual,0.6,0.0
1569.24343,1848.310339,-279.0669088,67.85714286,76,68.14285714,67.375,68.57142857,54.5,60.0,70.85714286,82,72.5,68.85714286,72.07142857,61.21428571,64.0,-3.0,-4.357142857,-1.482142857,0.4,1.2,0.0,3.0,0.8,0.8,0,0,0,0,1,Bulgaria,Iran,07-09-2023,Friendly,0.0,0.1
1477.177796,1709.818479,-232.6406825,62.28571429,66,62.8,62.0,72.5,44.0,51.16666667,63.38461538,69,63.5,66.0,66.53846154,53.23076923,55.0,-1.098901099,-0.7,-4.0,1.6,0.4,0.4,2.0,1.2,0.6,1,0,0,2,2,India,Iraq,07-09-2023,King's Cup,0.0,0.0
1803.300936,1382.203118,421.0978175,79.64285714,85,78.71428571,80.5,71.92857143,63.35714286,71.0,65.0,72,65.4,63.2,62.1,55.0,53.2,14.64285714,13.31428571,17.3,2.2,0.6,0.8,0.8,2.0,0.2,0,0,0,1,1,Austria,Moldova,07-09-2023,Friendly,0.0,0.0
1773.52335,1601.800496,171.7228537,77.21428571,83,78.0,76.77777778,72.72727273,71.09090909,71.36363636,74.5,78,74.75,74.4,71.0,56.91666667,63.25,2.714285714,3.25,2.377777778,2.2,0.8,0.6,1.6,1.0,0.6,0,0,0,1,1,Czech Republic,Albania,07-09-2023,European Championship qual,0.0,0.0
1952.726404,1698.674826,254.0515778,83.21428571,89,82.14285714,83.77777778,78.92307692,65.15384615,73.46153846,75.64285714,81,75.5,75.75,74.0,64.91666667,66.08333333,7.571428571,6.642857143,8.027777778,1.8,2.6,0.2,1.2,0.8,0.4,0,0,0,3,0,Netherlands,Greece,07-09-2023,European Championship qual,0.1,0.0
1937.604419,1740.743676,196.8607427,78.42857143,84,79.0,77.875,77.0,68.0,68.84615385,72.78571429,77,72.71428571,72.5,70.84615385,65.46153846,64.15384615,5.642857143,6.285714286,5.375,1.4,0.6,0.6,1.4,0.6,0.8,0,0,0,1,0,Colombia,Venezuela,07-09-2023,World Cup qualifier,0.25,0.0
1710.808633,1827.415939,-116.6073057,75.57142857,81,76.5,74.4,75.5,65.0,67.14285714,73.92857143,78,74.0,74.0,68.58333333,66.33333333,66.5,1.642857143,2.5,0.4,0.8,1.2,0.2,0.6,1.2,0.4,0,0,0,0,0,Paraguay,Peru,07-09-2023,World Cup qualifier,0.0,0.0
2065.830162,1833.331278,232.4988833,84.14285714,90,85.0,83.11111111,73.61538462,71.23076923,77.69230769,75.42857143,80,75.66666667,75.36363636,75.2,55.9,68.7,8.714285714,9.333333333,7.747474747,3.2,0.6,0.8,1.6,1.4,0.6,0,0,0,1,0,Argentina,Ecuador,07-09-2023,World Cup qualifier,1.0,0.0
1734.629053,1806.049336,-71.42028338,74.35714286,77,75.0,74.11111111,68.5,56.75,66.75,76.07142857,87,76.625,75.16666667,74.0,69.23076923,69.46153846,-1.714285714,-1.625,-1.055555556,0.8,2.0,0.2,1.0,2.0,0.0,0,0,0,0,0,Wales,South Korea,07-09-2023,Friendly,0.0,0.1
1694.532998,1643.87095,50.66204766,70.07142857,85,68.0,73.33333333,69.46153846,54.38461538,56.30769231,71.92857143,77,71.5,71.9,75.92307692,54.84615385,62.30769231,-1.857142857,-3.5,1.433333333,1.6,2.2,0.2,1.0,1.6,0.2,1,0,0,3,1,Costa Rica,Saudi Arabia,08-09-2023,Friendly,0.0,0.0
1441.995736,1605.037307,-163.0415713,67.5,71,67.5,67.0,66.0,59.0,62.66666667,66.0,72,64.0,66.33333333,77.0,51.83333333,59.5,1.5,3.5,0.666666667,0.6,2.8,0.0,1.4,1.4,0.4,1,0,0,0,0,Cuba,Haiti,08-09-2023,CONCACAF Nations League A,0.0,0.0
1755.182951,1446.825737,308.3572138,70.84615385,89,69.11111111,74.75,67.61538462,61.38461538,62.69230769,66.0,66,66.0,66.0,72.0,42.0,65.0,4.846153846,3.111111111,8.75,2.6,0.4,1.0,1.0,1.0,0.4,0,0,0,1,0,Egypt,Ethiopia,08-09-2023,African Nations Cup qualifier,0.2,0.0
1773.274115,1562.891509,210.382606,78.35714286,85,78.66666667,77.88888889,73.58333333,63.41666667,70.75,67.66666667,81,69.125,64.33333333,73.5,57.58333333,61.25,10.69047619,9.541666667,13.55555556,1.8,1.2,0.8,1.8,1.8,0.4,0,0,0,1,1,Turkey,Armenia,08-09-2023,European Championship qual,0.0,0.0
1908.020565,1728.829634,179.190931,81.28571429,88,81.0,81.1,75.38461538,65.07692308,70.76923077,74.78571429,81,74.75,74.54545455,70.09090909,58.18181818,66.0,6.5,6.25,6.554545455,2.2,0.6,0.8,2.2,0.4,0.6,0,0,0,3,1,Uruguay,Chile,08-09-2023,World Cup qualifier,0.1,0.0
1937.459327,1416.813407,520.6459199,80.57142857,87,79.5,80.33333333,69.38461538,66.30769231,76.38461538,62.16666667,66,65.0,61.8,62.4,53.4,55.6,18.4047619,14.5,18.53333333,1.8,0.8,0.6,1.2,2.0,0.0,0,0,0,5,0,Croatia,Latvia,08-09-2023,European Championship qual,0.2,0.0
1638.287662,1134.576322,503.7113403,75.71428571,83,77.33333333,74.88888889,69.08333333,63.91666667,69.83333333,69.0,69,69.0,69.0,70.0,57.0,69.0,6.714285714,8.333333333,5.888888889,0.8,2.2,0.2,0.0,3.2,0.0,0,0,0,2,1,Bosnia and Herzegovina,Liechtenstein,08-09-2023,European Championship qual,0.0,0.0
1444.577688,1810.991711,-366.4140229,66.57142857,71,66.4,66.66666667,66.91666667,51.91666667,56.5,76.92857143,86,75.16666667,77.45454545,75.15384615,66.69230769,72.53846154,-10.35714286,-8.766666667,-10.78787879,1.4,2.4,0.2,2.0,0.6,0.8,0,0,0,0,3,Cyprus,Scotland,08-09-2023,European Championship qual,0.0,0.0
1652.203045,1949.401696,-297.1986504,76.21428571,84,74.25,77.1,72.41666667,60.41666667,65.91666667,84.71428571,89,85.0,84.0,76.25,73.75,78.5,-8.5,-10.75,-6.9,1.0,0.2,0.6,2.8,0.2,0.8,0,0,0,0,1,Slovakia,Portugal,08-09-2023,European Championship qual,0.0,0.3
1667.307217,1965.932955,-298.6257383,73.0,86,73.25,72.66666667,69.76923077,59.69230769,62.92307692,84.64285714,89,83.8,85.14285714,70.61538462,72.92307692,81.84615385,-11.64285714,-10.55,-12.47619048,1.8,1.6,0.4,1.0,0.6,0.4,0,0,0,1,7,Georgia,Spain,08-09-2023,European Championship qual,0.0,0.6
2027.683266,1597.753234,429.9300317,86.14285714,89,85.83333333,86.375,81.58333333,69.25,74.41666667,68.64285714,74,68.6,69.14285714,68.83333333,56.41666667,60.33333333,17.5,17.23333333,17.23214286,2.4,1.8,0.4,0.6,1.0,0.2,0,0,0,5,1,Brazil,Bolivia,08-09-2023,World Cup qualifier,0.0,0.0
1560.856501,1394.895909,165.9605912,74.0,80,74.71428571,73.55555556,78.21428571,62.57142857,66.42857143,60.75,65,60.75,60.75,80.5,56.75,51.75,13.25,13.96428571,12.80555556,2.0,0.4,0.8,0.4,1.4,0.2,0,0,0,2,0,democratic republic of congo,Sudan,09-09-2023,African Nations Cup qualifier,0.0,0.0
1648.852502,1463.415748,185.436754,67.71428571,74,68.125,67.16666667,72.92857143,54.64285714,56.57142857,64.0,64,64.0,64.0,74.0,66.0,62.0,3.714285714,4.125,3.166666667,1.2,1.0,0.4,1.2,1.6,0.0,0,0,0,0,0,South Africa,Namibia,09-09-2023,Friendly,0.1,0.0
1885.127663,1868.001862,17.12580145,85.57142857,89,84.6,86.11111111,71.45454545,74.36363636,80.54545455,78.0,81,78.33333333,77.5,78.07692308,65.76923077,72.30769231,7.571428571,6.266666667,8.611111111,1.4,1.8,0.2,2.6,1.0,0.4,0,0,0,1,4,Germany,Japan,09-09-2023,Friendly,0.1,0.0
1795.628919,1829.962431,-34.33351268,72.85714286,78,71.75,72.83333333,71.07692308,60.15384615,62.92307692,78.78571429,81,78.55555556,79.2,75.61538462,70.76923077,71.46153846,-5.928571429,-6.805555556,-6.366666667,1.2,1.4,0.4,1.8,0.4,0.8,1,0,0,2,2,Australia,Mexico,09-09-2023,Friendly,0.0,0.2
1787.634831,1403.628646,384.0061855,78.5,86,79.16666667,78.42857143,76.69230769,66.61538462,65.84615385,66.0,66,66.0,66.0,61.0,63.0,65.0,12.5,13.16666667,12.42857143,2.2,1.4,0.6,0.6,1.0,0.2,0,0,0,1,1,Senegal,Rwanda,09-09-2023,African Nations Cup qualifier,0.1,0.0
1528.991321,1798.302337,-269.3110154,62.42857143,70,58.0,63.8,64.66666667,49.33333333,54.83333333,77.07142857,81,77.625,76.0,72.30769231,66.46153846,72.23076923,-14.64285714,-19.625,-12.2,0.6,1.4,0.2,2.2,1.4,0.6,0,0,0,0,5,Estonia,Sweden,09-09-2023,European Championship qual,0.0,0.0
1543.498369,1865.849146,-322.3507769,73.92857143,81,73.0,74.16666667,71.38461538,63.92307692,67.30769231,79.78571429,87,77.0,80.25,71.7,63.0,71.3,-5.857142857,-4.0,-6.083333333,0.8,1.0,0.0,2.6,1.8,0.6,0,0,0,2,2,Kosovo,Switzerland,09-09-2023,European Championship qual,0.0,0.0
1473.571254,1958.527471,-484.9562174,65.83333333,71,65.0,70.5,71.4,57.4,50.8,82.64285714,91,83.83333333,82.0,69.4,75.6,78.2,-16.80952381,-18.83333333,-11.5,1.4,2.4,0.4,2.0,0.6,0.6,0,0,0,0,1,Azerbaijan,Belgium,09-09-2023,European Championship qual,0.0,0.0
1983.245832,1816.3405,166.9053317,85.28571429,90,85.625,84.71428571,77.0,72.07692308,80.07692308,76.85714286,82,76.625,76.625,75.0,66.16666667,72.83333333,8.428571429,9.0,8.089285714,3.2,0.6,0.8,1.4,1.4,0.4,1,0,0,1,1,England,Ukraine,09-09-2023,European Championship qual,0.25,0.0
1851.082715,1693.96226,157.1204551,76.64285714,79,76.85714286,76.375,75.46153846,60.0,67.46153846,66.6,72,67.0,65.25,68.8,53.2,57.2,10.04285714,9.857142857,11.125,3.2,0.8,0.4,2.2,0.6,0.6,0,0,0,3,0,United States,Uzbekistan,09-09-2023,Friendly,0.075,0.0
1821.034555,1766.201918,54.83263692,75.85714286,84,75.33333333,76.25,70.58333333,61.66666667,65.33333333,77.21428571,83,78.0,76.77777778,72.72727273,71.09090909,71.36363636,-1.357142857,-2.666666667,-0.527777778,1.6,0.2,0.8,2.2,0.6,0.6,0,0,0,1,1,Hungary,Czech Republic,10-09-2023,Friendly,0.0,0.0
1676.725543,1958.745433,-282.0198903,73.64285714,76,74.5,73.61538462,63.0,52.2,62.3,83.21428571,89,82.14285714,83.77777778,78.92307692,65.15384615,73.46153846,-9.571428571,-7.642857143,-10.16239316,1.4,1.4,0.4,2.0,2.2,0.4,0,0,0,1,2,Ireland,Netherlands,10-09-2023,European Championship qual,0.0,0.1
1615.44977,1722.186996,-106.7372251,64.2,68,63.66666667,65.0,68.2,53.2,55.0,67.92857143,72,67.625,68.57142857,69.64285714,57.0,57.0,-3.728571429,-3.958333333,-3.571428571,1.0,0.6,0.4,2.0,0.6,0.6,0,0,0,1,1,Guatemala,Panama,10-09-2023,CONCACAF Nations League A,0.0,0.15
1529.737695,1700.463078,-170.7253828,62.0,62,62.0,62.0,73.0,33.0,47.0,63.38461538,69,63.5,66.0,66.53846154,53.23076923,55.0,-1.384615385,-1.5,-4.0,1.2,1.6,0.4,1.4,1.6,0.4,0,0,0,2,2,Thailand,Iraq,10-09-2023,King's Cup,0.0,0.0
1350.0,1500.427894,-150.427894,65.0,72,64.5,64.5,72.0,55.5,60.0,67.0,73,67.5,66.5,72.5,57.0,61.0,-2.0,-3.0,-2.0,0.8,1.0,0.3,0.0,1.0,0.0,0,0,0,1,0,Martinique,Curacao,10-09-2023,CONCACAF Nations League A,0.0,0.0
1543.966663,1639.957216,-95.99055329,71.92857143,76,71.55555556,72.6,70.30769231,63.76923077,66.38461538,75.71428571,83,77.33333333,74.88888889,69.08333333,63.91666667,69.83333333,-3.785714286,-5.777777778,-2.288888889,1.8,1.8,0.2,1.0,1.6,0.4,0,0,0,1,0,Iceland,Bosnia and Herzegovina,11-09-2023,European Championship qual,0.0,0.0
1571.547073,1938.981184,-367.434111,67.66666667,81,69.125,64.33333333,73.5,57.58333333,61.25,80.57142857,87,79.5,80.33333333,69.38461538,66.30769231,76.38461538,-12.9047619,-10.375,-16.0,2.0,1.6,0.4,2.4,0.6,0.6,0,0,0,0,1,Armenia,Croatia,11-09-2023,European Championship qual,0.0,0.2
1954.299561,1536.595703,417.7038583,84.71428571,89,85.0,84.0,76.25,73.75,78.5,67.0,76,66.75,66.9,69.08333333,48.75,59.83333333,17.71428571,18.25,17.1,3.0,0.0,1.0,1.4,1.6,0.6,0,0,0,9,0,Portugal,Luxembourg,11-09-2023,European Championship qual,0.3,0.0
1860.303043,1682.320033,177.9830099,76.64285714,79,76.85714286,76.375,75.46153846,60.0,67.46153846,72.0,72,72.0,72.0,72.92857143,62.57142857,66.42857143,4.642857143,4.857142857,4.375,3.6,0.6,0.6,1.2,1.0,0.6,0,0,0,4,0,United States,Oman,12-09-2023,Friendly,0.075,0.0
1884.789896,1764.61855,120.1713454,78.0,81,78.33333333,77.5,78.07692308,65.76923077,72.30769231,78.35714286,85,78.66666667,77.88888889,73.58333333,63.41666667,70.75,-0.357142857,-0.333333333,-0.388888889,3.2,1.0,0.6,1.6,1.2,0.6,1,0,0,4,2,Japan,Turkey,12-09-2023,Friendly,0.0,0.0
1774.796751,1784.528459,-9.731708147,78.5,86,79.16666667,78.42857143,76.69230769,66.61538462,65.84615385,77.35714286,86,78.57142857,77.0,71.0,67.5,74.14285714,1.142857143,0.595238095,1.428571429,2.4,1.0,0.6,1.2,0.6,0.6,0,0,0,0,1,Senegal,Algeria,12-09-2023,Friendly,0.1,0.0
1693.087953,1653.8589,39.22905284,78.5,83,77.8,78.0,76.92857143,65.35714286,69.5,76.21428571,80,74.75,76.72727273,75.78571429,61.78571429,68.28571429,2.285714286,3.05,1.272727273,1.4,1.2,0.6,1.8,0.4,0.6,0,0,0,0,0,Ivory Coast,Mali,12-09-2023,Friendly,0.0,0.0
1835.081123,1633.740733,201.3403897,79.28571429,85,79.0,80.71428571,70.84615385,65.92307692,72.0,70.5,81,71.2,70.85714286,75.46153846,54.53846154,60.07692308,8.785714286,7.8,9.857142857,0.8,1.0,0.2,1.0,1.0,0.4,1,0,0,1,0,Morocco,Burkina Faso,12-09-2023,Friendly,0.5,0.0
1657.508172,1385.90108,271.6070925,77.14285714,85,76.5,77.625,78.28571429,59.35714286,65.78571429,65.16666667,76,61.0,67.0,66.33333333,48.5,59.16666667,11.97619048,15.5,10.625,0.8,0.8,0.4,0.6,1.8,0.0,0,0,0,3,1,Ghana,Liberia,12-09-2023,Friendly,0.0,0.0
1641.040869,1569.746452,71.29441752,67.71428571,74,68.125,67.16666667,72.92857143,54.64285714,56.57142857,74.0,80,74.71428571,73.55555556,78.21428571,62.57142857,66.42857143,-6.285714286,-6.589285714,-6.388888889,1.0,0.8,0.4,1.8,0.4,0.8,0,0,0,1,0,South Africa,democratic republic of congo,12-09-2023,Friendly,0.1,0.0
1759.820257,1759.556149,0.264108561,70.84615385,89,69.11111111,74.75,67.61538462,61.38461538,62.69230769,72.28571429,81,71.5,72.09090909,71.76923077,61.0,65.53846154,-1.43956044,-2.388888889,2.659090909,2.4,0.2,1.0,1.6,0.4,0.6,0,0,0,1,3,Egypt,Tunisia,12-09-2023,Friendly,0.2,0.0
1634.187497,1781.14455,-146.9570536,69.07142857,76,71.25,68.2,70.92307692,55.84615385,62.61538462,72.07142857,79,71.71428571,71.25,71.1,66.1,69.2,-3.0,-0.464285714,-3.05,0.8,1.8,0.2,1.0,0.4,0.4,0,0,0,1,1,Qatar,Russia,12-09-2023,Friendly,0.3,0.0
1471.722357,1657.796415,-186.0740578,65.83333333,71,65.0,70.5,71.4,57.4,50.8,71.0,71,71.0,71.0,82.0,65.0,63.0,-5.166666667,-6.0,-0.5,1.0,2.4,0.2,1.8,2.6,0.4,0,0,0,2,1,Azerbaijan,Jordan,12-09-2023,Friendly,0.0,0.2
1960.376368,1523.389849,436.9865189,82.64285714,91,83.83333333,82.0,69.4,75.6,78.2,62.42857143,70,58.0,63.8,64.66666667,49.33333333,54.83333333,20.21428571,25.83333333,18.2,2.2,0.6,0.8,0.4,2.4,0.0,0,0,0,5,0,Belgium,Estonia,12-09-2023,European Championship qual,0.0,0.0
1853.657017,1504.239581,349.4174362,70.85714286,82,72.5,68.85714286,72.07142857,61.21428571,64.0,70.28571429,78,70.77777778,69.25,76.78571429,61.35714286,60.92857143,0.571428571,1.722222222,-0.392857143,3.0,0.6,1.0,1.4,1.0,0.4,0,0,0,4,0,Iran,Angola,12-09-2023,Friendly,0.1,0.0
1822.238914,2030.167693,-207.9287782,73.92857143,78,74.0,74.0,68.58333333,66.33333333,66.5,86.14285714,89,85.83333333,86.375,81.58333333,69.25,74.41666667,-12.21428571,-11.83333333,-12.375,0.4,1.2,0.2,2.6,1.8,0.4,0,0,0,0,1,Peru,Brazil,12-09-2023,World Cup qualifier,0.0,0.0
1720.420282,1945.398565,-224.9782832,74.78571429,81,74.75,74.54545455,70.09090909,58.18181818,66.0,78.42857143,84,79.0,77.875,77.0,68.0,68.84615385,-3.642857143,-4.25,-3.329545455,2.4,1.0,0.6,1.6,0.6,0.8,0,0,0,0,0,Chile,Colombia,12-09-2023,World Cup qualifier,0.0,0.25
1595.268808,2072.479059,-477.2102515,68.64285714,74,68.6,69.14285714,68.83333333,56.41666667,60.33333333,84.14285714,90,85.0,83.11111111,73.61538462,71.23076923,77.69230769,-15.5,-16.4,-13.96825397,0.8,1.8,0.2,2.8,0.0,1.0,0,0,0,0,3,Bolivia,Argentina,12-09-2023,World Cup qualifier,0.0,1.0
1732.94953,1715.985658,16.96387238,72.78571429,77,72.71428571,72.5,70.84615385,65.46153846,64.15384615,75.57142857,81,76.5,74.4,75.5,65.0,67.14285714,-2.785714286,-3.785714286,-1.9,1.0,0.6,0.6,0.8,1.2,0.2,0,0,0,1,0,Venezuela,Paraguay,12-09-2023,World Cup qualifier,0.0,0.0
1826.682381,1916.429917,-89.7475364,75.42857143,80,75.66666667,75.36363636,75.2,55.9,68.7,81.28571429,88,81.0,81.1,75.38461538,65.07692308,70.76923077,-5.857142857,-5.333333333,-5.736363636,1.4,1.2,0.6,2.4,0.8,0.8,0,0,0,2,1,Ecuador,Uruguay,12-09-2023,World Cup qualifier,0.0,0.1
1814.454147,1976.10091,-161.6467623,76.92857143,86,75.16666667,77.45454545,75.15384615,66.69230769,72.53846154,85.28571429,90,85.625,84.71428571,77.0,72.07692308,80.07692308,-8.357142857,-10.45833333,-7.25974026,2.4,0.2,1.0,3.2,0.4,0.8,0,0,0,1,3,Scotland,England,12-09-2023,Friendly,0.0,0.25
1802.805868,1630.187627,172.6182409,76.07142857,87,76.625,75.16666667,74.0,69.23076923,69.46153846,71.92857143,77,71.5,71.9,75.92307692,54.84615385,62.30769231,4.142857143,5.125,3.266666667,0.8,1.2,0.0,0.8,2.2,0.0,1,0,0,1,0,South Korea,Saudi Arabia,12-09-2023,Friendly,0.1,0.0
1868.339629,2035.627158,-167.2875293,85.57142857,89,84.6,86.11111111,71.45454545,74.36363636,80.54545455,86.14285714,91,87.5,85.33333333,84.92307692,73.07692308,77.0,-0.571428571,-2.9,0.777777778,1.2,2.6,0.0,2.2,0.0,1.0,0,0,0,2,1,Germany,France,12-09-2023,Friendly,0.1,0.6
1854.176081,1267.344367,586.8317133,79.78571429,87,77.0,80.25,71.7,63.0,71.3,66.0,66,66.0,66.0,72.92857143,62.57142857,66.42857143,13.78571429,11.0,14.25,2.8,1.0,0.6,0.6,1.4,0.0,0,0,0,3,0,Switzerland,Andorra,12-09-2023,European Championship qual,0.0,0.0
1764.37537,1662.443331,101.9320385,77.78571429,91,81.4,75.875,76.14285714,66.28571429,70.28571429,73.0,86,73.25,72.66666667,69.76923077,59.69230769,62.92307692,4.785714286,8.15,3.208333333,2.2,1.4,0.4,2.0,2.4,0.4,0,0,0,2,1,Norway,Georgia,12-09-2023,European Championship qual,0.0,0.0
1970.79684,1441.115251,529.6815891,84.64285714,89,83.8,85.14285714,70.61538462,72.92307692,81.84615385,66.57142857,71,66.4,66.66666667,66.91666667,51.91666667,56.5,18.07142857,17.4,18.47619048,2.4,0.8,0.6,0.8,2.6,0.0,0,0,0,6,0,Spain,Cyprus,12-09-2023,European Championship qual,0.6,0.0
1803.903809,1789.9044,13.99940882,77.07142857,81,77.625,76.0,72.30769231,66.46153846,72.23076923,79.64285714,85,78.71428571,80.5,71.92857143,63.35714286,71.0,-2.571428571,-1.089285714,-4.5,2.8,1.2,0.6,2.0,0.8,0.6,0,0,0,1,3,Sweden,Austria,12-09-2023,European Championship qual,0.0,0.0
1828.386441,1684.741933,143.6445083,78.78571429,81,78.55555556,79.2,75.61538462,70.76923077,71.46153846,66.6,72,67.0,65.25,68.8,53.2,57.2,12.18571429,11.55555556,13.95,1.6,0.6,0.6,2.0,1.0,0.6,1,0,0,3,3,Mexico,Uzbekistan,12-09-2023,Friendly,0.2,0.0
1633.288701,1598.035541,35.25316022,73.85714286,79,72.81818182,76.0,77.92307692,67.76923077,64.07692308,66.0,72,64.0,66.33333333,77.0,51.83333333,59.5,7.857142857,8.818181818,9.666666667,2.2,0.8,0.8,0.8,1.2,0.2,0,0,0,2,2,Jamaica,Haiti,12-09-2023,CONCACAF Nations League A,0.0,0.0
1783.496877,1592.372152,191.124725,77.35714286,86,78.57142857,77.0,71.0,67.5,74.14285714,69.5,75,69.8,68.5,74.2,57.8,62.3,7.857143,8.771429,8.5,1.0,0.4,0.6,1.2,0.2,0.8,0,0,0,5,1,Algeria,Cape Verde,12-10-2023,Friendly,0.0,0.0
1743.808095,1571.519647,172.2884475,70.84615385,89,69.11111111,74.75,67.61538462,61.38461538,62.69230769,67.625,75,70.16666667,62.33333333,84.75,57.875,53.875,3.221153846,-1.055555556,12.41666667,2.2,0.8,0.8,2.0,1.0,0.8,1,0,0,1,0,Egypt,Zambia,12-10-2023,Friendly,0.2,0.0
1447.890183,1599.65346,-151.7632768,69.5,78,71.8,68.7,77.0,52.58333333,61.16666667,66.0,72,64.0,66.33333333,77.0,51.83333333,59.5,3.5,7.8,2.366666667,0.6,1.2,0.0,1.2,1.6,0.2,0,0,0,1,1,Suriname,Haiti,12-10-2023,CONCACAF Nations League A,0.0,0.0
1593.340684,1846.72587,-253.3851855,68.64285714,74,68.6,69.14285714,68.83333333,56.41666667,60.33333333,75.42857143,80,75.66666667,75.36363636,75.2,55.9,68.7,-6.785714286,-7.066666667,-6.220779221,0.4,2.2,0.0,1.6,0.8,0.8,0,0,0,1,2,Bolivia,Ecuador,12-10-2023,World Cup qualifier,0.0,0.0
1633.1744,1768.706296,-135.5318955,74.5,78,74.75,74.4,71.0,56.91666667,63.25,77.21428571,83,78.0,76.77777778,72.72727273,71.09090909,71.36363636,-2.714285714,-3.25,-2.377777778,1.6,0.6,0.6,1.8,0.6,0.4,0,0,0,3,0,Albania,Czech Republic,12-10-2023,European Championship qual,0.0,0.0
1972.245054,1805.40389,166.8411637,84.64285714,89,83.8,85.14285714,70.61538462,72.92307692,81.84615385,76.92857143,86,75.16666667,77.45454545,75.15384615,66.69230769,72.53846154,7.714285714,8.633333333,7.688311688,3.0,0.8,0.6,2.0,0.8,0.8,0,0,0,2,0,Spain,Scotland,12-10-2023,European Championship qual,0.6,0.0
1787.259461,1410.674309,376.5851514,77.07142857,81,77.625,76.0,72.30769231,66.46153846,72.23076923,65.0,72,65.4,63.2,62.1,55.0,53.2,12.07142857,12.225,12.8,3.0,1.2,0.6,1.0,1.0,0.4,0,0,0,3,1,Sweden,Moldova,12-10-2023,Friendly,0.0,0.0
1439.667038,1775.811427,-336.1443891,66.57142857,71,66.4,66.66666667,66.91666667,51.91666667,56.5,77.78571429,91,81.4,75.875,76.14285714,66.28571429,70.28571429,-11.21428571,-15.0,-9.208333333,0.8,3.2,0.0,2.6,1.0,0.6,0,0,0,0,4,Cyprus,Norway,12-10-2023,European Championship qual,0.0,0.0
2037.592366,1748.168935,289.4234309,86.14285714,89,85.83333333,86.375,81.58333333,69.25,74.41666667,72.78571429,77,72.71428571,72.5,70.84615385,65.46153846,64.15384615,13.35714286,13.11904762,13.875,2.6,1.6,0.6,0.8,0.4,0.6,0,0,0,1,1,Brazil,Venezuela,12-10-2023,World Cup qualifier,0.0,0.0
2074.407183,1700.766253,373.6409304,84.14285714,90,85.0,83.11111111,73.61538462,71.23076923,77.69230769,75.57142857,81,76.5,74.4,75.5,65.0,67.14285714,8.571428571,8.5,8.711111111,3.0,0.0,1.0,0.8,1.2,0.2,0,0,0,1,0,Argentina,Paraguay,12-10-2023,World Cup qualifier,1.0,0.0
1936.278385,1896.386429,39.8919562,78.42857143,84,79.0,77.875,77.0,68.0,68.84615385,81.28571429,88,81.0,81.1,75.38461538,65.07692308,70.76923077,-2.857142857,-2.0,-3.225,1.2,0.2,0.8,2.4,1.0,0.8,0,0,0,2,2,Colombia,Uruguay,12-10-2023,World Cup qualifier,0.25,0.1
1942.42553,1753.94203,188.4835,80.57142857,87,79.5,80.33333333,69.38461538,66.30769231,76.38461538,78.35714286,85,78.66666667,77.88888889,73.58333333,63.41666667,70.75,2.214285714,0.833333333,2.444444444,2.4,0.4,0.8,1.6,1.8,0.4,0,0,0,0,1,Croatia,Turkey,12-10-2023,European Championship qual,0.2,0.0
1691.004196,1572.900026,118.1041695,66.6,72,67.0,65.25,68.8,53.2,57.2,66.0,66,66.0,66.0,86.0,58.0,60.0,0.6,1.0,-0.75,2.0,1.6,0.4,0.8,0.6,0.6,1,0,0,2,0,Uzbekistan,Vietnam,13-10-2023,Friendly,0.0,0.0
1985.151167,1797.204909,187.9462583,85.28571429,90,85.625,84.71428571,77.0,72.07692308,80.07692308,72.85714286,78,71.75,72.83333333,71.07692308,60.15384615,62.92307692,12.42857143,13.875,11.88095238,3.4,0.4,0.8,1.4,1.8,0.2,0,0,0,1,0,England,Australia,13-10-2023,Friendly,0.25,0.0
1648.80286,1621.541621,27.261239,78.0,88,78.6,76.66666667,79.5,70.28571429,64.5,71.92857143,77,71.5,71.9,75.92307692,54.84615385,62.30769231,6.071428571,7.1,4.766666667,2.0,1.4,0.6,0.8,2.0,0.0,1,0,0,2,2,Nigeria,Saudi Arabia,13-10-2023,Friendly,0.0,0.0
1486.349921,1743.513999,-257.164079,67.0,73,67.5,66.5,72.5,57.0,61.0,67.92857143,72,67.625,68.57142857,69.64285714,57.0,57.0,-0.928571,-0.125,-2.071429,0.0,1.0,0.0,1.6,0.8,0.4,0,0,0,1,2,Curacao,Panama,13-10-2023,CONCACAF Nations League A,0.0,0.15
1693.17801,1640.578455,52.59955497,63.38461538,69,63.5,66.0,66.53846154,53.23076923,55.0,69.07142857,76,71.25,68.2,70.92307692,55.84615385,62.61538462,-5.686813187,-7.75,-2.2,1.4,1.8,0.2,0.8,1.6,0.2,1,0,0,0,0,Iraq,Qatar,13-10-2023,Friendly tournament,0.0,0.3
1633.962449,1857.433347,-223.470898,71.0,71,71.0,71.0,82.0,65.0,63.0,70.85714286,82,72.5,68.85714286,72.07142857,61.21428571,64.0,0.142857143,-1.5,2.142857143,1.8,2.4,0.4,3.4,0.4,1.0,0,0,0,1,3,Jordan,Iran,13-10-2023,Friendly tournament,0.2,0.1
1895.466416,1749.656956,145.8094599,78.0,81,78.33333333,77.5,78.07692308,65.76923077,72.30769231,73.92857143,83,75.33333333,73.54545455,73.0,61.66666667,65.58333333,4.071428571,3.0,3.954545455,3.8,1.2,0.8,1.6,1.6,0.2,0,0,0,4,1,Japan,Canada,13-10-2023,Friendly,0.0,0.175
1806.548748,1962.769294,-156.2205459,79.64285714,85,78.71428571,80.5,71.92857143,63.35714286,71.0,82.64285714,91,83.83333333,82.0,69.4,75.6,78.2,-3.0,-5.119047619,-1.5,1.8,0.8,0.6,2.6,0.6,0.8,0,0,0,2,3,Austria,Belgium,13-10-2023,European Championship qual,0.0,0.0
1131.331926,1619.645833,-488.3139062,69.0,69,69.0,69.0,70.0,57.0,69.0,75.71428571,83,77.33333333,74.88888889,69.08333333,63.91666667,69.83333333,-6.714285714,-8.333333333,-5.888888889,0.2,3.0,0.0,0.4,1.8,0.2,0,0,0,0,2,Liechtenstein,Bosnia and Herzegovina,13-10-2023,European Championship qual,0.0,0.0
1956.950135,1648.880021,308.0701144,84.71428571,89,85.0,84.0,76.25,73.75,78.5,76.21428571,84,74.25,77.1,72.41666667,60.41666667,65.91666667,8.5,10.75,6.9,4.0,0.0,1.0,1.6,0.4,0.8,0,0,0,3,2,Portugal,Slovakia,13-10-2023,European Championship qual,0.3,0.0
1964.016838,2012.468152,-48.45131363,83.21428571,89,82.14285714,83.77777778,78.92307692,65.15384615,73.46153846,86.14285714,91,87.5,85.33333333,84.92307692,73.07692308,77.0,-2.928571429,-5.357142857,-1.555555556,2.4,1.6,0.6,1.6,0.4,0.8,0,0,0,1,2,Netherlands,France,13-10-2023,European Championship qual,0.1,0.6
1811.451875,1775.568311,35.8835633,76.07142857,87,76.625,75.16666667,74.0,69.23076923,69.46153846,72.28571429,81,71.5,72.09090909,71.76923077,61.0,65.53846154,3.785714286,5.125,3.075757576,0.6,0.8,0.2,1.6,0.6,0.6,0,0,0,4,0,South Korea,Tunisia,13-10-2023,Friendly,0.1,0.0
1556.984361,1632.627956,-75.64359448,74.0,80,74.71428571,73.55555556,78.21428571,62.57142857,66.42857143,68.0,75,68.625,67.55555556,67.75,59.91666667,64.33333333,6.0,6.089285714,6.0,1.2,0.4,0.6,0.8,1.4,0.4,1,0,0,1,1,democratic republic of congo,New Zealand,13-10-2023,Friendly,0.0,0.1
1868.755573,1891.498635,-22.74306203,76.64285714,79,76.85714286,76.375,75.46153846,60.0,67.46153846,85.57142857,89,84.6,86.11111111,71.45454545,74.36363636,80.54545455,-8.928571429,-7.742857143,-9.736111111,3.2,0.6,0.6,1.2,2.2,0.2,0,0,0,1,3,United States,Germany,14-10-2023,Friendly,0.075,0.1
1691.289026,1842.724243,-151.4352168,78.5,83,77.8,78.0,76.92857143,65.35714286,69.5,79.28571429,85,79.0,80.71428571,70.84615385,65.92307692,72.0,-0.785714286,-1.2,-2.714285714,1.2,0.8,0.6,0.8,0.6,0.4,0,0,0,1,1,Ivory Coast,Morocco,14-10-2023,Friendly,0.0,0.5
1822.124178,1663.04883,159.0753485,78.78571429,81,78.55555556,79.2,75.61538462,70.76923077,71.46153846,77.14285714,85,76.5,77.625,78.28571429,59.35714286,65.78571429,1.642857143,2.055555556,1.575,2.2,1.0,0.6,1.4,0.6,0.6,1,0,0,2,0,Mexico,Ghana,14-10-2023,Friendly,0.2,0.0
1636.281883,1593.077514,43.204369,73.85714286,79,72.81818182,76.0,77.92307692,67.76923077,64.07692308,66.0,72,64.0,66.33333333,77.0,51.83333333,59.5,7.857142857,8.818181818,9.666666667,1.6,1.2,0.6,1.0,1.6,0.0,1,0,0,3,2,Jamaica,Haiti,15-10-2023,CONCACAF Nations League A,0.0,0.0
1744.099246,1918.507492,-174.4082467,74.35714286,77,75.0,74.11111111,68.5,56.75,66.75,80.57142857,87,79.5,80.33333333,69.38461538,66.30769231,76.38461538,-6.214285714,-4.5,-6.222222222,1.6,1.2,0.4,2.0,0.6,0.6,0,0,0,2,1,Wales,Croatia,15-10-2023,European Championship qual,0.0,0.2
1746.763261,1357.748949,389.0143118,77.21428571,83,78.0,76.77777778,72.72727273,71.09090909,71.36363636,57.33333333,63,57.33333333,59.0,64.66666667,50.33333333,51.0,19.88095238,20.66666667,17.77777778,1.8,1.2,0.4,0.2,2.2,0.0,0,0,0,1,0,Czech Republic,Faroe Islands,15-10-2023,European Championship qual,0.0,0.0
1777.860068,1433.749725,344.1103436,78.35714286,85,78.66666667,77.88888889,73.58333333,63.41666667,70.75,62.16666667,66,65.0,61.8,62.4,53.4,55.6,16.19047619,13.66666667,16.08888889,1.8,1.4,0.6,1.0,2.4,0.2,0,0,0,4,0,Turkey,Latvia,15-10-2023,European Championship qual,0.0,0.0
1779.849759,1981.102498,-201.2527386,77.78571429,91,81.4,75.875,76.14285714,66.28571429,70.28571429,84.64285714,89,83.8,85.14285714,70.61538462,72.92307692,81.84615385,-6.857142857,-2.4,-9.267857143,3.2,0.8,0.8,3.4,0.4,0.8,0,0,0,0,1,Norway,Spain,15-10-2023,European Championship qual,0.0,0.6
1855.231689,1492.206564,363.025125,79.78571429,87,77.0,80.25,71.7,63.0,71.3,64.0,66,64.0,64.0,68.33333333,58.66666667,56.33333333,15.78571429,13.0,16.25,2.4,1.0,0.6,0.6,0.8,0.2,0,0,0,3,3,Switzerland,Belarus,15-10-2023,European Championship qual,0.0,0.0
1972.02366,1790.545211,181.4784485,82.64285714,91,83.83333333,82.0,69.4,75.6,78.2,77.07142857,81,77.625,76.0,72.30769231,66.46153846,72.23076923,5.571428571,6.208333333,6.0,2.6,0.6,0.8,2.6,1.4,0.6,0,0,0,1,1,Belgium,Sweden,16-10-2023,European Championship qual,0.0,0.0
1621.461344,1961.593999,-340.1326548,75.71428571,83,77.33333333,74.88888889,69.08333333,63.91666667,69.83333333,84.71428571,89,85.0,84.0,76.25,73.75,78.5,-9.0,-7.666666667,-9.111111111,0.8,1.4,0.4,3.4,0.4,1.0,0,0,0,0,5,Bosnia and Herzegovina,Portugal,16-10-2023,European Championship qual,0.0,0.3
1512.725817,1797.294382,-284.5685648,65.83333333,71,65.0,70.5,71.4,57.4,50.8,79.64285714,85,78.71428571,80.5,71.92857143,63.35714286,71.0,-13.80952381,-13.71428571,-10.0,1.0,1.6,0.4,1.8,1.2,0.4,0,0,0,0,1,Azerbaijan,Austria,16-10-2023,European Championship qual,0.0,0.0
1710.083068,1950.233751,-240.150683,75.64285714,81,75.5,75.75,74.0,64.91666667,66.08333333,83.21428571,89,82.14285714,83.77777778,78.92307692,65.15384615,73.46153846,-7.571428571,-6.642857143,-8.027777778,1.8,1.0,0.6,2.0,2.0,0.4,0,0,0,0,1,Greece,Netherlands,16-10-2023,European Championship qual,0.0,0.1
1578.687563,1701.765541,-123.077978,71.07142857,76,71.5,70.66666667,79.25,61.25,63.75,66.6,72,67.0,65.25,68.8,53.2,57.2,4.471428571,4.5,5.416666667,1.8,0.4,0.6,2.0,1.6,0.4,0,0,0,1,2,China,Uzbekistan,16-10-2023,Friendly,0.0,0.0
1759.244796,1680.227221,79.01757453,78.5,86,79.16666667,78.42857143,76.69230769,66.61538462,65.84615385,77.07142857,85,76.28571429,77.85714286,70.15384615,62.61538462,64.07692308,1.428571429,2.880952381,0.571428571,1.4,1.0,0.4,1.4,1.2,0.2,1,0,0,1,0,Senegal,Cameroon,16-10-2023,Friendly,0.1,0.0
1807.528354,1752.466085,55.06226845,77.35714286,86,78.57142857,77.0,71.0,67.5,74.14285714,70.84615385,89,69.11111111,74.75,67.61538462,61.38461538,62.69230769,6.510989011,9.46031746,2.25,1.8,0.6,0.6,1.6,0.8,0.8,1,0,0,1,1,Algeria,Egypt,16-10-2023,Friendly,0.0,0.2
1482.642446,1534.447742,-51.805296,67.0,73,67.5,66.5,72.5,57.0,61.0,63.2,77,71.5,62.0,74.0,56.5,60.25,3.8,-4.0,4.5,0.3,1.3,0.0,0.3,2.0,0.3,0,0,0,5,3,Curacao,Trinidad and Tobago,17-10-2023,CONCACAF Nations League A,0.0,0.0
1663.724558,1622.794477,40.93008058,76.21428571,80,74.75,76.72727273,75.78571429,61.78571429,68.28571429,71.92857143,77,71.5,71.9,75.92307692,54.84615385,62.30769231,4.285714286,3.25,4.827272727,1.4,0.2,0.6,1.0,2.0,0.0,1,0,0,3,1,Mali,Saudi Arabia,17-10-2023,Friendly,0.0,0.0
1497.943968,1560.41386,-62.46989206,70.28571429,78,70.77777778,69.25,76.78571429,61.35714286,60.92857143,74.0,80,74.71428571,73.55555556,78.21428571,62.57142857,66.42857143,-3.714285714,-3.936507937,-4.305555556,1.0,1.6,0.2,1.2,0.4,0.6,1,0,0,0,0,Angola,democratic republic of congo,17-10-2023,Friendly,0.0,0.0
1697.852412,1644.724666,53.12774597,78.5,83,77.8,78.0,76.92857143,65.35714286,69.5,67.71428571,74,68.125,67.16666667,72.92857143,54.64285714,56.57142857,10.78571429,9.675,10.83333333,0.8,0.8,0.4,0.4,0.4,0.2,0,0,0,1,1,Ivory Coast,South Africa,17-10-2023,Friendly,0.0,0.1
1587.378113,1514.413642,72.964471,69.5,75,69.8,68.5,74.2,57.8,62.3,66.25,74,67.28571429,64.71428571,76.36363636,55.81818182,60.09090909,3.25,2.514286,3.785714,1.2,1.2,0.6,0.5,2.5,0.0,0,0,0,1,2,Cape Verde,Comoros,17-10-2023,Friendly,0.0,0.0
1627.035651,1690.77405,-63.73839901,71.0,71,71.0,71.0,82.0,65.0,63.0,63.38461538,69,63.5,66.0,66.53846154,53.23076923,55.0,7.615384615,7.5,5.0,1.2,3.0,0.2,0.8,1.4,0.0,0,0,0,2,2,Jordan,Iraq,17-10-2023,Friendly tournament,0.2,0.0
1906.452772,1831.27082,75.18195185,85.57142857,89,84.6,86.11111111,71.45454545,74.36363636,80.54545455,78.78571429,81,78.55555556,79.2,75.61538462,70.76923077,71.46153846,6.785714286,6.044444444,6.911111111,1.2,1.8,0.4,2.2,1.0,0.6,1,0,0,2,2,Germany,Mexico,17-10-2023,Friendly,0.1,0.2
1864.360145,1642.982416,221.3777293,70.85714286,82,72.5,68.85714286,72.07142857,61.21428571,64.0,69.07142857,76,71.25,68.2,70.92307692,55.84615385,62.61538462,1.785714286,1.25,0.657142857,2.8,0.4,1.0,0.6,1.4,0.2,1,0,0,4,0,Iran,Qatar,17-10-2023,Friendly tournament,0.1,0.3
1993.251825,1936.617825,56.63399984,85.28571429,90,85.625,84.71428571,77.0,72.07692308,80.07692308,84.35714286,87,84.25,84.22222222,75.5,65.33333333,73.0,0.928571429,1.375,0.492063492,3.2,0.4,0.8,2.2,1.2,0.6,0,0,0,3,1,England,Italy,17-10-2023,European Championship qual,0.25,0.0
1836.160858,1367.286017,468.8748409,79.28571429,85,79.0,80.71428571,70.84615385,65.92307692,72.0,65.16666667,76,61.0,67.0,66.33333333,48.5,59.16666667,14.11904762,18.0,13.71428571,0.6,0.6,0.2,1.2,2.6,0.0,0,0,0,3,0,Morocco,Liberia,17-10-2023,African Nations Cup qualifier,0.5,0.0
1852.763667,1934.449323,-81.6856554,75.42857143,80,75.66666667,75.36363636,75.2,55.9,68.7,78.42857143,84,79.0,77.875,77.0,68.0,68.84615385,-3.0,-3.333333333,-2.511363636,1.6,0.8,0.8,1.2,0.4,0.6,0,0,0,0,0,Ecuador,Colombia,17-10-2023,World Cup qualifier,0.0,0.25
1697.430195,1587.302886,110.1273083,75.57142857,81,76.5,74.4,75.5,65.0,67.14285714,68.64285714,74,68.6,69.14285714,68.83333333,56.41666667,60.33333333,6.928571429,7.9,5.257142857,0.8,1.0,0.2,0.6,2.4,0.0,0,0,0,1,0,Paraguay,Bolivia,17-10-2023,World Cup qualifier,0.0,0.0
2026.251239,1796.546446,229.7047928,86.14285714,91,87.5,85.33333333,84.92307692,73.07692308,77.0,76.92857143,86,75.16666667,77.45454545,75.15384615,66.69230769,72.53846154,9.214285714,12.33333333,7.878787879,1.8,0.6,0.8,1.6,1.2,0.6,0,0,0,4,1,France,Scotland,17-10-2023,Friendly,0.6,0.0
1825.805226,1562.138681,263.6665454,76.07142857,87,76.625,75.16666667,74.0,69.23076923,69.46153846,66.0,66,66.0,66.0,86.0,58.0,60.0,10.07142857,10.625,9.166666667,1.2,0.4,0.4,0.8,0.8,0.6,0,0,0,6,0,South Korea,Vietnam,17-10-2023,Friendly,0.1,0.0
1794.964237,2077.743241,-282.7790038,73.92857143,78,74.0,74.0,68.58333333,66.33333333,66.5,84.14285714,90,85.0,83.11111111,73.61538462,71.23076923,77.69230769,-10.21428571,-11.0,-9.111111111,0.4,1.4,0.2,1.8,0.0,1.0,0,0,0,0,2,Peru,Argentina,17-10-2023,World Cup qualifier,0.0,1.0
1722.719448,1600.603236,122.1162122,67.92857143,72,67.625,68.57142857,69.64285714,57.0,57.0,64.2,68,63.66666667,65.0,68.2,53.2,55.0,3.728571429,3.958333333,3.571428571,1.6,0.8,0.6,1.0,1.0,0.2,0,0,0,3,0,Panama,Guatemala,17-10-2023,CONCACAF Nations League A,0.15,0.0
1898.21549,2026.678793,-128.4633022,81.28571429,88,81.0,81.1,75.38461538,65.07692308,70.76923077,86.14285714,89,85.83333333,86.375,81.58333333,69.25,74.41666667,-4.857142857,-4.833333333,-5.275,2.4,1.2,0.6,2.6,1.4,0.6,0,0,0,2,0,Uruguay,Brazil,17-10-2023,World Cup qualifier,0.1,0.0
1853.801436,1653.902188,199.899248,76.64285714,79,76.85714286,76.375,75.46153846,60.0,67.46153846,77.14285714,85,76.5,77.625,78.28571429,59.35714286,65.78571429,-0.5,0.357142857,-1.25,2.2,1.2,0.4,1.2,1.0,0.4,0,0,0,4,0,United States,Ghana,17-10-2023,Friendly,0.075,0.0
1789.10425,1629.198457,159.9057934,72.85714286,78,71.75,72.83333333,71.07692308,60.15384615,62.92307692,68.0,75,68.625,67.55555556,67.75,59.91666667,64.33333333,4.857142857,3.125,5.277777778,1.2,1.6,0.2,1.0,1.2,0.4,1,0,0,2,0,Australia,New Zealand,17-10-2023,Friendly tournament,0.0,0.1
1905.119932,1761.21496,143.9049725,78.0,81,78.33333333,77.5,78.07692308,65.76923077,72.30769231,72.28571429,81,71.5,72.09090909,71.76923077,61.0,65.53846154,5.714285714,6.833333333,5.409090909,4.4,1.0,1.0,1.4,1.4,0.4,0,0,0,2,0,Japan,Tunisia,17-10-2023,Friendly,0.0,0.0
1557.567621,1536.467921,21.09969962,74.0,80,74.71428571,73.55555556,78.21428571,62.57142857,66.42857143,65.33333333,66,64.0,66.0,71.5,52.5,52.0,8.666666667,10.71428571,7.555555556,1.0,0.4,0.4,1.8,1.0,0.6,0,0,0,2,0,democratic republic of congo,Mauritania,15-11-2023,World Cup qualifier,0.0,0.0
1964.351633,1822.363728,141.9879049,82.64285714,91,83.83333333,82.0,69.4,75.6,78.2,80.0,86,80.8,78.75,62.41666667,72.66666667,73.66666667,2.642857143,3.033333333,3.25,2.6,0.6,0.8,1.8,1.4,0.4,0,0,0,1,0,Belgium,Serbia,15-11-2023,Friendly,0.0,0.0
1613.615646,1842.754824,-229.1391779,70.5,77,72.0,68.5,71.76923077,61.38461538,62.15384615,79.78571429,87,77.0,80.25,71.7,63.0,71.3,-9.285714286,-5.0,-11.75,1.2,0.8,0.6,2.4,1.6,0.4,1,0,0,1,1,Israel,Switzerland,15-11-2023,European Championship qual,0.0,0.0
1774.636289,1856.457617,-81.82132807,72.78571429,77,72.71428571,72.5,70.84615385,65.46153846,64.15384615,75.42857143,80,75.66666667,75.36363636,75.2,55.9,68.7,-2.642857143,-2.952380952,-2.863636364,1.2,0.4,0.6,1.4,0.8,0.6,0,0,0,0,0,Venezuela,Ecuador,16-11-2023,World Cup qualifier,0.0,0.0
1687.086534,1733.316467,-46.22993305,70.07142857,85,68.0,73.33333333,69.46153846,54.38461538,56.30769231,67.92857143,72,67.625,68.57142857,69.64285714,57.0,57.0,2.142857143,0.375,4.761904762,2.0,2.2,0.4,2.2,0.6,0.8,0,0,0,0,3,Costa Rica,Panama,16-11-2023,CONCACAF Nations League A,0.0,0.15
2082.995434,1919.875818,163.1196158,84.14285714,90,85.0,83.11111111,73.61538462,71.23076923,77.69230769,81.28571429,88,81.0,81.1,75.38461538,65.07692308,70.76923077,2.857142857,4.0,2.011111111,1.8,0.0,1.0,2.0,1.0,0.6,0,0,0,0,2,Argentina,Uruguay,16-11-2023,World Cup qualifier,1.0,0.1
1861.492923,1538.32462,323.1683025,76.64285714,79,76.85714286,76.375,75.46153846,60.0,67.46153846,63.2,77,71.5,62.0,74.0,56.5,60.25,13.44285714,5.357142857,14.375,2.6,0.8,0.6,2.0,3.0,0.6,0,0,0,3,0,United States,Trinidad and Tobago,16-11-2023,CONCACAF Nations League A,0.075,0.0
1575.308365,1610.859617,-35.551252,69.5,75,69.8,68.5,74.2,57.8,62.3,70.28571429,78,70.77777778,69.25,76.78571429,61.35714286,60.92857143,-0.785714,-0.977778,-0.75,1.4,1.6,0.6,0.2,1.5,0.0,0,0,0,0,0,Cape Verde,Angola,16-11-2023,World Cup qualifier,0.0,0.0
1504.851322,1802.501506,-297.6501837,62.42857143,70,58.0,63.8,64.66666667,49.33333333,54.83333333,79.64285714,85,78.71428571,80.5,71.92857143,63.35714286,71.0,-17.21428571,-20.71428571,-16.7,0.2,3.2,0.0,1.8,1.0,0.6,0,0,0,0,2,Estonia,Austria,16-11-2023,European Championship qual,0.0,0.0
1482.749032,1629.938421,-147.1893883,61.0,61,61.0,61.0,69.0,40.0,55.0,71.0,71,71.0,71.0,82.0,65.0,63.0,-10.0,-10.0,-10.0,1.4,1.4,0.4,1.2,2.8,0.2,0,0,0,1,1,Tajikistan,Jordan,16-11-2023,World Cup and Asian Cup qual,0.0,0.2
1608.670706,1098.597436,510.0732699,71.92857143,77,71.5,71.9,75.92307692,54.84615385,62.30769231,63.0,63,63.0,63.0,82.0,55.0,57.0,8.928571429,8.5,8.9,1.0,2.2,0.0,0.2,1.8,0.2,0,0,0,4,0,Saudi Arabia,Pakistan,16-11-2023,World Cup and Asian Cup qual,0.0,0.0
1385.271571,1712.323357,-327.0517865,63.0,63,63.0,63.0,76.0,61.0,56.0,66.6,72,67.0,65.25,68.8,53.2,57.2,-3.6,-4.0,-2.25,0.4,1.6,0.0,1.4,1.6,0.4,0,0,0,1,3,Turkmenistan,Uzbekistan,16-11-2023,World Cup and Asian Cup qual,0.0,0.0
1831.558432,1396.648793,434.909639,76.07142857,87,76.625,75.16666667,74.0,69.23076923,69.46153846,55.0,55,55.0,55.0,75.0,50.0,50.0,21.07142857,21.625,20.16666667,2.4,0.2,0.6,1.4,1.0,0.6,0,0,0,5,0,South Korea,Singapore,16-11-2023,World Cup and Asian Cup qual,0.1,0.0
1668.777162,1789.812429,-121.0352675,73.0,86,73.25,72.66666667,69.76923077,59.69230769,62.92307692,76.92857143,86,75.16666667,77.45454545,75.15384615,66.69230769,72.53846154,-3.928571429,-1.916666667,-4.787878788,2.8,2.2,0.4,1.4,1.8,0.4,0,0,0,2,2,Georgia,Scotland,16-11-2023,European Championship qual,0.0,0.0
1507.518693,1798.217238,-290.6985452,65.83333333,71,65.0,70.5,71.4,57.4,50.8,77.07142857,81,77.625,76.0,72.30769231,66.46153846,72.23076923,-11.23809524,-12.625,-5.5,1.0,0.8,0.4,2.0,1.4,0.4,0,0,0,3,0,Azerbaijan,Sweden,16-11-2023,European Championship qual,0.0,0.0
1772.203704,1354.668233,417.535471,77.78571429,91,81.4,75.875,76.14285714,66.28571429,70.28571429,57.33333333,63,57.33333333,59.0,64.66666667,50.33333333,51.0,20.45238095,24.06666667,16.875,3.0,0.6,0.8,0.2,1.8,0.0,0,0,0,2,0,Norway,Faroe Islands,16-11-2023,Friendly,0.0,0.0
1524.195381,1617.503332,-93.30795103,67.0,76,66.75,66.9,69.08333333,48.75,59.83333333,75.71428571,83,77.33333333,74.88888889,69.08333333,63.91666667,69.83333333,-8.714285714,-10.58333333,-7.988888889,1.2,2.4,0.4,0.8,1.8,0.4,0,0,0,4,1,Luxembourg,Bosnia and Herzegovina,16-11-2023,European Championship qual,0.0,0.0
1428.790195,1988.748554,-559.9583588,66.57142857,71,66.4,66.66666667,66.91666667,51.91666667,56.5,84.64285714,89,83.8,85.14285714,70.61538462,72.92307692,81.84615385,-18.07142857,-17.4,-18.47619048,0.2,4.0,0.0,3.2,0.2,0.8,0,0,0,1,3,Cyprus,Spain,16-11-2023,European Championship qual,0.0,0.6
1127.076965,1965.552012,-838.4750462,69.0,69,69.0,69.0,70.0,57.0,69.0,84.71428571,89,85.0,84.0,76.25,73.75,78.5,-15.71428571,-16.0,-15.0,0.2,2.4,0.0,3.8,0.4,1.0,0,0,0,0,2,Liechtenstein,Portugal,16-11-2023,European Championship qual,0.0,0.3
1930.755373,2005.018465,-74.26309158,78.42857143,84,79.0,77.875,77.0,68.0,68.84615385,86.14285714,89,85.83333333,86.375,81.58333333,69.25,74.41666667,-7.714285714,-6.833333333,-8.5,1.0,0.4,0.4,1.8,1.6,0.4,0,0,0,2,1,Colombia,Brazil,16-11-2023,World Cup qualifier,0.25,0.0
1805.013661,1102.614954,702.3987071,77.35714286,86,78.57142857,77.0,71.0,67.5,74.14285714,68.0,68,68.0,68.0,76.0,66.0,61.0,9.357142857,10.57142857,9.0,1.6,0.6,0.4,0.2,2.0,0.0,0,0,0,3,1,Algeria,Somalia,16-11-2023,World Cup qualifier,0.0,0.0
1635.989998,1283.221073,352.7689256,69.07142857,76,71.25,68.2,70.92307692,55.84615385,62.61538462,63.0,63,63.0,63.0,80.0,50.0,58.0,6.071428571,8.25,5.2,0.4,2.2,0.0,0.8,0.6,0.4,0,0,0,8,1,Qatar,Afghanistan,16-11-2023,World Cup and Asian Cup qual,0.3,0.0
1733.836685,1708.521934,25.31475177,74.78571429,81,74.75,74.54545455,70.09090909,58.18181818,66.0,75.57142857,81,76.5,74.4,75.5,65.0,67.14285714,-0.785714286,-1.75,0.145454545,0.6,1.2,0.2,0.6,0.4,0.4,0,0,0,0,0,Chile,Paraguay,16-11-2023,World Cup qualifier,0.0,0.0
1687.87128,1498.564022,189.3072576,63.38461538,69,63.5,66.0,66.53846154,53.23076923,55.0,60.66666667,64,60.66666667,62.0,67.0,42.33333333,50.66666667,2.717948718,2.833333333,4.0,1.2,1.4,0.0,2.8,0.4,0.6,0,0,0,5,1,Iraq,Indonesia,16-11-2023,World Cup and Asian Cup qual,0.0,0.0
1871.352563,1295.623601,575.7289625,70.85714286,82,72.5,68.85714286,72.07142857,61.21428571,64.0,62.25,69,59.5,63.66666667,64.25,36.75,41.5,8.607142857,13.0,5.19047619,2.6,0.2,1.0,3.0,0.8,0.4,0,0,0,4,0,Iran,Hong Kong,16-11-2023,World Cup and Asian Cup qual,0.1,0.0
1646.210702,1456.263369,189.9473327,77.14285714,85,76.5,77.625,78.28571429,59.35714286,65.78571429,68.5,73,65.5,68.25,71.5,58.0,62.16666667,8.642857143,11.0,9.375,1.0,1.6,0.4,1.6,1.0,0.6,0,0,0,1,0,Ghana,Madagascar,17-11-2023,World Cup qualifier,0.0,0.0
1580.379498,1834.68003,-254.3005322,67.91666667,74,71.75,65.71428571,71.58333333,58.41666667,60.16666667,78.78571429,81,78.55555556,79.2,75.61538462,70.76923077,71.46153846,-10.86904762,-6.805555556,-13.48571429,1.6,0.2,0.4,2.0,1.4,0.4,0,0,0,2,0,Honduras,Mexico,17-11-2023,CONCACAF Nations League A,0.0,0.2
1767.452601,1749.843978,17.60862315,79.42857143,90,80.57142857,78.33333333,79.75,73.25,74.625,77.21428571,83,78.0,76.77777778,72.72727273,71.09090909,71.36363636,2.214285714,2.571428571,1.555555556,1.4,1.2,0.4,1.4,1.2,0.4,0,0,0,1,1,Poland,Czech Republic,17-11-2023,European Championship qual,0.0,0.0
2006.66659,1402.911179,603.7554102,85.28571429,90,85.625,84.71428571,77.0,72.07692308,80.07692308,67.6,79,71.5,67.6,67.4,54.6,59.8,17.68571429,14.125,17.11428571,3.0,0.6,0.8,0.4,2.0,0.2,0,0,0,2,0,England,Malta,17-11-2023,European Championship qual,0.25,0.0
1703.663201,1620.08301,83.58019027,75.64285714,81,75.5,75.75,74.0,64.91666667,66.08333333,68.0,75,68.625,67.55555556,67.75,59.91666667,64.33333333,7.642857143,6.875,8.194444444,1.4,1.0,0.4,1.0,1.6,0.4,0,0,0,2,0,Greece,New Zealand,17-11-2023,Friendly,0.0,0.1
1956.653619,1659.519689,297.1339306,83.21428571,89,82.14285714,83.77777778,78.92307692,65.15384615,73.46153846,73.64285714,76,74.5,73.61538462,63.0,52.2,62.3,9.571428571,7.642857143,10.16239316,1.8,1.2,0.6,1.6,1.2,0.4,0,0,0,1,0,Netherlands,Ireland,18-11-2023,European Championship qual,0.1,0.0
1647.152396,1459.874901,187.2774947,67.71428571,74,68.125,67.16666667,72.92857143,54.64285714,56.57142857,67.5,73,67.75,66.57142857,64.8,51.2,56.5,0.214285714,0.375,0.595238095,0.4,0.2,0.2,1.2,1.6,0.0,0,0,0,2,1,South Africa,Benin,18-11-2023,World Cup qualifier,0.1,0.0
2032.985256,1257.850501,775.1347556,86.14285714,91,87.5,85.33333333,84.92307692,73.07692308,77.0,58.0,58,58.0,58.0,65.0,44.5,46.5,28.14285714,29.5,27.33333333,2.0,0.8,0.8,0.0,3.4,0.0,0,0,0,14,0,France,Gibraltar,18-11-2023,European Championship qual,0.6,0.0
1429.870449,1895.088634,-465.2181854,62.16666667,66,65.0,61.8,62.4,53.4,55.6,80.57142857,87,79.5,80.33333333,69.38461538,66.30769231,76.38461538,-18.4047619,-14.5,-18.53333333,0.6,2.6,0.2,1.4,0.6,0.4,0,0,0,0,2,Latvia,Croatia,18-11-2023,European Championship qual,0.0,0.2
1903.043562,1781.739344,121.3042176,85.57142857,89,84.6,86.11111111,71.45454545,74.36363636,80.54545455,78.35714286,85,78.66666667,77.88888889,73.58333333,63.41666667,70.75,7.214285714,5.933333333,8.222222222,1.6,2.0,0.4,2.0,1.0,0.6,0,0,0,2,3,Germany,Turkey,18-11-2023,Friendly,0.1,0.0
1833.506169,1569.127137,264.3790325,79.78571429,87,77.0,80.25,71.7,63.0,71.3,73.92857143,81,73.0,74.16666667,71.38461538,63.92307692,67.30769231,5.857142857,4.0,6.083333333,2.2,1.6,0.2,1.4,1.2,0.4,0,0,0,1,1,Switzerland,Kosovo,18-11-2023,European Championship qual,0.0,0.0
1647.553242,1740.003439,-92.45019691,73.85714286,79,72.81818182,76.0,77.92307692,67.76923077,64.07692308,73.92857143,83,75.33333333,73.54545455,73.0,61.66666667,65.58333333,-0.071428571,-2.515151515,2.454545455,2.0,1.0,0.6,1.8,2.0,0.2,0,0,0,1,2,Jamaica,Canada,18-11-2023,CONCACAF Nations League A,0.0,0.175
1771.667371,1310.088303,461.5790684,78.5,86,79.16666667,78.42857143,76.69230769,66.61538462,65.84615385,53.0,55,55.0,51.0,76.0,41.0,41.0,25.5,24.16666667,27.42857143,1.4,1.0,0.4,0.6,2.2,0.2,0,0,0,4,0,Senegal,South Sudan,18-11-2023,World Cup qualifier,0.1,0.0
1771.272343,1499.964229,271.3081138,77.07142857,81,77.625,76.0,72.30769231,66.46153846,72.23076923,62.42857143,70,58.0,63.8,64.66666667,49.33333333,54.83333333,14.64285714,19.625,12.2,2.0,1.6,0.4,0.2,3.0,0.0,0,0,0,2,0,Sweden,Estonia,19-11-2023,European Championship qual,0.0,0.0
1597.306754,1667.322504,-70.01575067,75.71428571,83,77.33333333,74.88888889,69.08333333,63.91666667,69.83333333,76.21428571,84,74.25,77.1,72.41666667,60.41666667,65.91666667,-0.5,3.083333333,-2.211111111,1.0,2.2,0.4,2.0,1.2,0.6,0,0,0,1,2,Bosnia and Herzegovina,Slovakia,19-11-2023,European Championship qual,0.0,0.0
1965.806399,1553.380896,412.4255033,84.71428571,89,85.0,84.0,76.25,73.75,78.5,71.92857143,76,71.55555556,72.6,70.30769231,63.76923077,66.38461538,12.78571429,13.44444444,11.4,4.0,0.4,1.0,1.8,1.6,0.4,0,0,0,2,0,Portugal,Iceland,19-11-2023,European Championship qual,0.3,0.0
1974.154093,1534.463588,439.6905049,82.64285714,91,83.83333333,82.0,69.4,75.6,78.2,65.83333333,71,65.0,70.5,71.4,57.4,50.8,16.80952381,18.83333333,11.5,2.2,0.6,0.8,1.4,0.6,0.6,0,0,0,5,0,Belgium,Azerbaijan,19-11-2023,European Championship qual,0.0,0.0
1457.172885,1805.565233,-348.3923482,73.66666667,81,68.0,76.5,83.66666667,53.33333333,60.33333333,77.35714286,86,78.57142857,77.0,71.0,67.5,74.14285714,-3.69047619,-10.57142857,-0.5,2.0,1.6,0.6,2.0,0.6,0.6,0,0,0,0,2,Mozambique,Algeria,19-11-2023,World Cup qualifier,0.0,0.0
1989.974004,1674.135993,315.8380111,84.64285714,89,83.8,85.14285714,70.61538462,72.92307692,81.84615385,73.0,86,73.25,72.66666667,69.76923077,59.69230769,62.92307692,11.64285714,10.55,12.47619048,3.8,0.4,1.0,3.2,2.2,0.4,0,0,0,3,1,Spain,Georgia,19-11-2023,European Championship qual,0.6,0.0
1389.194721,1572.597137,-183.4024158,60.75,65,60.75,60.75,80.5,56.75,51.75,74.0,80,74.71428571,73.55555556,78.21428571,62.57142857,66.42857143,-13.25,-13.96428571,-12.80555556,1.0,1.0,0.2,1.0,0.4,0.4,1,0,0,1,0,Sudan,democratic republic of congo,19-11-2023,World Cup qualifier,0.0,0.0
1756.046613,1420.205216,335.8413967,70.84615385,89,69.11111111,74.75,67.61538462,61.38461538,62.69230769,66.08333333,70,67.11111111,63.8,79.33333333,54.66666667,55.5,4.762820513,2.0,10.95,2.0,0.8,0.6,1.2,1.2,0.2,1,0,0,2,0,Egypt,Sierra Leone,19-11-2023,World Cup qualifier,0.2,0.0
1784.453598,1774.856635,9.59696252,76.92857143,86,75.16666667,77.45454545,75.15384615,66.69230769,72.53846154,77.78571429,91,81.4,75.875,76.14285714,66.28571429,70.28571429,-0.857142857,-6.233333333,1.579545455,1.4,2.2,0.2,2.8,0.4,0.8,0,0,0,3,3,Scotland,Norway,19-11-2023,European Championship qual,0.0,0.0
1747.199976,1673.203025,73.99695118,67.92857143,72,67.625,68.57142857,69.64285714,57.0,57.0,70.07142857,85,68.0,73.33333333,69.46153846,54.38461538,56.30769231,-2.142857143,-0.375,-4.761904762,2.4,0.4,0.8,2.0,2.8,0.4,0,0,0,3,1,Panama,Costa Rica,20-11-2023,CONCACAF Nations League A,0.15,0.0
1750.654191,1429.769449,320.8847417,77.21428571,83,78.0,76.77777778,72.72727273,71.09090909,71.36363636,65.0,72,65.4,63.2,62.1,55.0,53.2,12.21428571,12.6,13.57777778,0.8,1.2,0.2,1.0,1.2,0.2,0,0,0,3,0,Czech Republic,Moldova,20-11-2023,European Championship qual,0.0,0.0
1696.378408,1504.301114,192.0772939,78.5,83,77.8,78.0,76.92857143,65.35714286,69.5,69.85714286,77,70.25,69.0,78.42857143,59.42857143,60.78571429,8.642857143,7.55,9.0,2.4,0.4,0.4,1.6,1.8,0.4,1,0,0,2,0,Ivory Coast,Gambia,20-11-2023,World Cup qualifier,0.0,0.0
1534.015265,1865.802278,-331.7870132,63.2,77,71.5,62.0,74.0,56.5,60.25,76.64285714,79,76.85714286,76.375,75.46153846,60.0,67.46153846,-13.44285714,-5.357142857,-14.375,2.0,2.4,0.6,3.0,0.6,0.8,0,0,0,2,1,Trinidad and Tobago,United States,20-11-2023,CONCACAF Nations League A,0.0,0.075
1619.038599,2007.627151,-388.5885524,71.64285714,80,72.0,71.11111111,69.69230769,62.0,62.53846154,85.28571429,90,85.625,84.71428571,77.0,72.07692308,80.07692308,-13.64285714,-13.625,-13.6031746,1.6,1.8,0.4,2.0,0.6,0.8,0,0,0,1,1,North Macedonia,England,20-11-2023,European Championship qual,0.0,0.25
1201.877568,1577.347747,-375.470179,57.0,63,56.5,57.0,67.0,50.0,54.0,69.5,75,69.8,68.5,74.2,57.8,62.3,-12.5,-13.3,-11.5,0.0,0.7,0.0,1.2,1.6,0.4,0,0,0,0,2,Eswatini,Cape Verde,21-11-2023,World Cup qualifier,0.0,0.0
1417.74709,1655.276367,-237.5292772,66.0,66,66.0,66.0,61.0,63.0,65.0,67.71428571,74,68.125,67.16666667,72.92857143,54.64285714,56.57142857,-1.714285714,-2.125,-1.166666667,0.6,1.0,0.0,0.8,0.4,0.4,0,0,0,2,0,Rwanda,South Africa,21-11-2023,World Cup qualifier,0.0,0.1
1467.733059,1838.17778,-370.4447211,66.0,72,66.0,66.0,77.5,66.5,55.0,79.28571429,85,79.0,80.71428571,70.84615385,65.92307692,72.0,-13.28571429,-13.0,-14.71428571,0.6,0.4,0.4,1.2,0.6,0.4,0,0,0,0,2,Tanzania,Morocco,21-11-2023,World Cup qualifier,0.0,0.5
1420.973447,1654.241867,-233.2684202,66.25,74,67.28571429,64.71428571,76.36363636,55.81818182,60.09090909,77.14285714,85,76.5,77.625,78.28571429,59.35714286,65.78571429,-10.89285714,-9.214285714,-12.91071429,1.8,2.0,0.4,1.2,1.6,0.6,0,0,0,1,0,Comoros,Ghana,21-11-2023,World Cup qualifier,0.0,0.0
1502.131991,1773.765132,-271.6331413,68.38461538,78,69.28571429,67.5,74.15384615,54.92307692,56.30769231,78.5,86,79.16666667,78.42857143,76.69230769,66.61538462,65.84615385,-10.11538462,-9.880952381,-10.92857143,1.8,0.8,0.6,2.0,0.8,0.6,0,0,0,0,0,Togo,Senegal,21-11-2023,World Cup qualifier,0.0,0.1
1623.538472,1610.283248,13.25522379,71.0,71,71.0,71.0,82.0,65.0,63.0,71.92857143,77,71.5,71.9,75.92307692,54.84615385,62.30769231,-0.928571429,-0.5,-0.9,1.0,2.8,0.0,1.6,1.8,0.2,0,0,0,0,2,Jordan,Saudi Arabia,21-11-2023,World Cup and Asian Cup qual,0.2,0.0
1582.15675,1833.977962,-251.8212115,71.07142857,76,71.5,70.66666667,79.25,61.25,63.75,76.07142857,87,76.625,75.16666667,74.0,69.23076923,69.46153846,-5.0,-5.125,-4.5,1.2,1.0,0.4,3.2,0.0,0.8,0,0,0,0,3,China,South Korea,21-11-2023,World Cup and Asian Cup qual,0.0,0.1
1460.749479,1753.138264,-292.3887847,59.5,64,55.0,59.5,73.5,35.5,48.5,72.28571429,81,71.5,72.09090909,71.76923077,61.0,65.53846154,-12.78571429,-16.5,-12.59090909,1.2,0.6,0.4,2.0,1.4,0.6,0,0,0,0,1,Malawi,Tunisia,21-11-2023,World Cup qualifier,0.0,0.0
1716.550028,1872.475396,-155.9253675,66.6,72,67.0,65.25,68.8,53.2,57.2,70.85714286,82,72.5,68.85714286,72.07142857,61.21428571,64.0,-4.257142857,-5.5,-3.607142857,2.0,1.6,0.6,3.2,0.2,1.0,0,0,0,2,2,Uzbekistan,Iran,21-11-2023,World Cup and Asian Cup qual,0.0,0.1
1985.649671,2059.990762,-74.3410907,86.14285714,89,85.83333333,86.375,81.58333333,69.25,74.41666667,84.14285714,90,85.0,83.11111111,73.61538462,71.23076923,77.69230769,2.0,0.833333333,3.263888889,1.6,1.2,0.4,1.4,0.4,0.8,0,0,0,0,1,Brazil,Argentina,21-11-2023,World Cup qualifier,0.0,1.0
1942.88049,1600.967795,341.912695,81.28571429,88,81.0,81.1,75.38461538,65.07692308,70.76923077,68.64285714,74,68.6,69.14285714,68.83333333,56.41666667,60.33333333,12.64285714,12.4,11.95714286,2.0,1.0,0.6,0.8,2.2,0.2,0,0,0,3,0,Uruguay,Bolivia,21-11-2023,World Cup qualifier,0.1,0.0
1751.843668,1635.713013,116.1306549,73.92857143,83,75.33333333,73.54545455,73.0,61.66666667,65.58333333,73.85714286,79,72.81818182,76.0,77.92307692,67.76923077,64.07692308,0.071428571,2.515151515,-2.454545455,1.8,1.8,0.4,2.0,1.4,0.4,0,0,0,2,3,Canada,Jamaica,21-11-2023,CONCACAF Nations League A,0.175,0.0
1852.757753,1732.672957,120.0847964,75.42857143,80,75.66666667,75.36363636,75.2,55.9,68.7,74.78571429,81,74.75,74.54545455,70.09090909,58.18181818,66.0,0.642857143,0.916666667,0.818181818,0.8,0.6,0.4,0.6,1.2,0.2,0,0,0,1,0,Ecuador,Chile,21-11-2023,World Cup qualifier,0.0,0.0
1758.085101,1803.109169,-45.02406753,74.35714286,77,75.0,74.11111111,68.5,56.75,66.75,78.35714286,85,78.66666667,77.88888889,73.58333333,63.41666667,70.75,-4.0,-3.666666667,-3.777777778,1.8,0.4,0.6,2.2,1.4,0.6,0,0,0,1,1,Wales,Turkey,21-11-2023,European Championship qual,0.0,0.0
1654.620277,1607.859452,46.76082561,73.64285714,76,74.5,73.61538462,63.0,52.2,62.3,68.0,75,68.625,67.55555556,67.75,59.91666667,64.33333333,5.642857143,5.875,6.05982906,1.0,1.4,0.2,0.6,1.8,0.2,0,0,0,1,1,Ireland,New Zealand,21-11-2023,Friendly,0.0,0.1
1807.388599,1881.673737,-74.28513764,79.64285714,85,78.71428571,80.5,71.92857143,63.35714286,71.0,85.57142857,89,84.6,86.11111111,71.45454545,74.36363636,80.54545455,-5.928571429,-5.885714286,-5.611111111,1.8,1.0,0.6,2.0,2.2,0.4,0,0,0,2,0,Austria,Germany,21-11-2023,Friendly,0.0,0.1
1715.88676,2033.350288,-317.4635283,75.64285714,81,75.5,75.75,74.0,64.91666667,66.08333333,86.14285714,91,87.5,85.33333333,84.92307692,73.07692308,77.0,-10.5,-12.0,-9.583333333,1.8,0.8,0.6,4.6,0.8,0.8,0,0,0,2,2,Greece,France,21-11-2023,European Championship qual,0.0,0.6
1682.150651,1823.240046,-141.0893952,73.0,77,72.88888889,73.2,75.36363636,69.18181818,71.45454545,79.78571429,87,77.0,80.25,71.7,63.0,71.3,-6.785714286,-4.111111111,-7.05,1.8,0.4,0.6,2.0,1.4,0.2,0,0,0,1,0,Romania,Switzerland,21-11-2023,European Championship qual,0.0,0.0
1257.485469,1961.55303,-704.0675614,58.0,58,58.0,58.0,65.0,44.5,46.5,83.21428571,89,82.14285714,83.77777778,78.92307692,65.15384615,73.46153846,-25.21428571,-24.14285714,-25.77777778,0.0,5.6,0.0,1.6,0.6,0.8,1,0,0,0,6,Gibraltar,Netherlands,21-11-2023,European Championship qual,0.0,0.1
1562.584283,1695.92463,-133.3403473,66.0,66,66.0,66.0,86.0,58.0,60.0,63.38461538,69,63.5,66.0,66.53846154,53.23076923,55.0,2.615384615,2.5,0.0,0.8,2.0,0.4,2.2,1.4,0.2,0,0,0,0,1,Vietnam,Iraq,21-11-2023,World Cup and Asian Cup qual,0.0,0.0
1709.685662,1950.124167,-240.4385041,75.57142857,81,76.5,74.4,75.5,65.0,67.14285714,78.42857143,84,79.0,77.875,77.0,68.0,68.84615385,-2.857142857,-2.5,-3.475,0.2,0.4,0.2,1.0,0.6,0.4,0,0,0,0,1,Paraguay,Colombia,21-11-2023,World Cup qualifier,0.0,0.25
1799.208615,1507.442353,291.7662617,72.85714286,78,71.75,72.83333333,71.07692308,60.15384615,62.92307692,68.5,73,73.0,64.0,66.5,55.0,51.0,4.357142857,-1.25,8.833333333,2.2,1.0,0.4,0.2,1.2,0.0,1,0,0,1,0,Australia,Palestine,21-11-2023,World Cup and Asian Cup qual,0.0,0.0
1915.394076,1493.751251,421.6428258,78.0,81,78.33333333,77.5,78.07692308,65.76923077,72.30769231,63.0,65,65.0,62.0,71.5,51.75,56.0,15.0,13.33333333,15.5,3.8,0.8,1.0,1.0,1.0,0.4,1,0,0,5,0,Japan,Syria,21-11-2023,World Cup and Asian Cup qual,0.0,0.0
1808.692058,1606.367469,202.3245896,78.78571429,81,78.55555556,79.2,75.61538462,70.76923077,71.46153846,67.91666667,74,71.75,65.71428571,71.58333333,58.41666667,60.16666667,10.86904762,6.805555556,13.48571429,1.8,1.8,0.2,2.0,0.2,0.6,0,0,0,2,0,Mexico,Honduras,21-11-2023,CONCACAF Nations League A,0.2,0.0
1897.145703,1541.738806,355.4068972,80.57142857,87,79.5,80.33333333,69.38461538,66.30769231,76.38461538,67.66666667,81,69.125,64.33333333,73.5,57.58333333,61.25,12.9047619,10.375,16.0,1.8,0.6,0.6,0.6,1.6,0.0,0,0,0,1,0,Croatia,Armenia,21-11-2023,European Championship qual,0.2,0.0
1474.166436,1639.702542,-165.5361055,62.28571429,66,62.8,62.0,72.5,44.0,51.16666667,69.07142857,76,71.25,68.2,70.92307692,55.84615385,62.61538462,-6.785714286,-8.45,-6.2,1.2,1.6,0.2,2.0,1.6,0.2,0,0,0,0,3,India,Qatar,21-11-2023,World Cup and Asian Cup qual,0.0,0.3
1956.535536,1777.720251,178.8152847,78.42857143,84,79.0,77.875,77.0,68.0,68.84615385,72.78571429,77,72.71428571,72.5,70.84615385,65.46153846,64.15384615,5.642857143,6.285714286,5.375,1.0,0.6,0.4,1.2,0.4,0.4,1,0,0,1,0,Colombia,Venezuela,10-12-2023,Friendly,0.25,0.0
1964.9583,1816.302268,148.6560327,78.42857143,84,79.0,77.875,77.0,68.0,68.84615385,78.78571429,81,78.55555556,79.2,75.61538462,70.76923077,71.46153846,-0.357142857,0.444444444,-1.325,1.2,0.6,0.6,1.8,1.4,0.4,1,0,0,3,2,Colombia,Mexico,16-12-2023,Friendly,0.25,0.2
1723.284481,1419.104031,304.1804502,66.6,72,67.0,65.25,68.8,53.2,57.2,65.0,65,65.0,65.0,77.0,62.0,56.0,1.6,2.0,0.25,2.4,1.4,0.6,1.4,1.6,0.4,1,0,0,4,1,Uzbekistan,Kyrgyzstan,25-12-2023,Friendly,0.0,0.0
1429.241551,1606.928342,-177.6867913,62.0,62,62.0,62.0,67.0,60.0,50.0,71.0,71,71.0,71.0,82.0,65.0,63.0,-9.0,-9.0,-9.0,1.0,1.2,0.2,1.0,2.0,0.0,0,0,0,2,1,Lebanon,Jordan,28-12-2023,Friendly,0.0,0.2
1648.60819,1138.152673,510.4555167,69.07142857,76,71.25,68.2,70.92307692,55.84615385,62.61538462,63.0,63,63.0,63.0,69.0,62.0,46.0,6.071428571,8.25,5.2,2.4,1.2,0.4,1.0,0.6,0.2,0,0,0,3,0,Qatar,Cambodia,31-12-2023,Friendly,0.3,0.0
1917.990047,1521.85506,396.1349872,78.0,81,78.33333333,77.5,78.07692308,65.76923077,72.30769231,62.0,62,62.0,62.0,73.0,33.0,47.0,16.0,16.33333333,15.5,4.0,0.6,1.0,1.4,2.8,0.2,0,0,0,5,0,Japan,Thailand,01-01-2024,Friendly,0.0,0.0
1626.893378,1452.778411,174.1149671,71.92857143,77,71.5,71.9,75.92307692,54.84615385,62.30769231,62.0,62,62.0,62.0,67.0,60.0,50.0,9.928571429,9.5,9.9,1.8,1.2,0.4,1.2,1.4,0.2,1,0,0,1,0,Saudi Arabia,Lebanon,04-01-2024,Friendly,0.0,0.0
1512.59202,1809.361261,-296.7692407,68.38461538,78,69.28571429,67.5,74.15384615,54.92307692,56.30769231,77.35714286,86,78.57142857,77.0,71.0,67.5,74.14285714,-8.972527473,-9.285714286,-9.5,1.6,0.6,0.6,2.4,0.6,0.8,0,0,0,0,3,Togo,Algeria,05-01-2024,Friendly,0.0,0.0
1650.217366,1583.391483,66.82588366,69.07142857,76,71.25,68.2,70.92307692,55.84615385,62.61538462,71.0,71,71.0,71.0,82.0,65.0,63.0,-1.928571429,0.25,-2.8,2.8,1.0,0.6,1.0,2.0,0.0,0,0,0,1,2,Qatar,Jordan,05-01-2024,Friendly,0.3,0.2
1865.740943,1636.866105,228.8748379,70.85714286,82,72.5,68.85714286,72.07142857,61.21428571,64.0,70.5,81,71.2,70.85714286,75.46153846,54.53846154,60.07692308,0.357142857,1.3,-2.0,3.4,0.6,0.8,1.2,0.6,0.4,0,0,0,2,1,Iran,Burkina Faso,05-01-2024,Friendly,0.1,0.0
1804.237613,1598.553641,205.6839714,72.85714286,78,71.75,72.83333333,71.07692308,60.15384615,62.92307692,72.0,72,72.0,72.0,74.0,68.0,52.0,0.857142857,-0.25,0.833333333,2.4,0.6,0.6,1.2,0.6,0.6,1,0,0,2,0,Australia,Bahrain,06-01-2024,Friendly,0.0,0.0
1758.15209,1512.683469,245.4686219,72.28571429,81,71.5,72.09090909,71.76923077,61.0,65.53846154,65.33333333,66,64.0,66.0,71.5,52.5,52.0,6.952380952,7.5,6.090909091,1.6,1.4,0.6,1.0,1.2,0.4,0,0,0,0,0,Tunisia,Mauritania,06-01-2024,Friendly,0.0,0.0
1704.336042,1416.160725,288.1753168,78.5,83,77.8,78.0,76.92857143,65.35714286,69.5,66.08333333,70,67.11111111,63.8,79.33333333,54.66666667,55.5,12.41666667,10.68888889,14.2,2.6,0.4,0.4,0.8,1.0,0.2,0,0,0,5,1,Ivory Coast,Sierra Leone,06-01-2024,Friendly,0.0,0.0
1840.059985,1706.068799,133.991186,76.07142857,87,76.625,75.16666667,74.0,69.23076923,69.46153846,63.38461538,69,63.5,66.0,66.53846154,53.23076923,55.0,12.68681319,13.125,9.166666667,3.8,0.0,1.0,2.0,1.0,0.4,1,0,0,1,0,South Korea,Iraq,06-01-2024,Friendly,0.1,0.0
1493.727578,1548.857061,-55.12948247,70.28571429,78,70.77777778,69.25,76.78571429,61.35714286,60.92857143,74.0,80,74.71428571,73.55555556,78.21428571,62.57142857,66.42857143,-3.714285714,-3.936507937,-4.305555556,0.2,1.0,0.0,0.6,0.6,0.2,1,0,0,0,0,Angola,democratic republic of congo,06-01-2024,Friendly,0.0,0.0
1760.091104,1462.297729,297.7933751,70.84615385,89,69.11111111,74.75,67.61538462,61.38461538,62.69230769,66.0,72,66.0,66.0,77.5,66.5,55.0,4.846153846,3.111111111,8.75,2.2,0.8,0.6,0.4,0.6,0.2,0,0,0,2,0,Egypt,Tanzania,07-01-2024,Friendly,0.2,0.0
1728.017943,1502.413356,225.6045872,66.6,72,67.0,65.25,68.8,53.2,57.2,68.5,73,73.0,64.0,66.5,55.0,51.0,-1.9,-6.0,1.25,2.6,1.0,0.8,0.2,1.4,0.0,1,0,0,1,0,Uzbekistan,Palestine,07-01-2024,Friendly,0.0,0.0
1628.867461,1466.398575,162.4688862,77.14285714,85,76.5,77.625,78.28571429,59.35714286,65.78571429,64.0,64,64.0,64.0,74.0,66.0,62.0,13.14285714,12.5,13.625,0.8,1.6,0.4,0.8,0.6,0.2,0,0,0,0,0,Ghana,Namibia,08-01-2024,Friendly,0.0,0.0
1763.305103,1365.357984,397.9471187,78.5,86,79.16666667,78.42857143,76.69230769,66.61538462,65.84615385,55.0,55,55.0,55.0,72.92857143,62.57142857,66.42857143,23.5,24.16666667,23.42857143,1.2,0.4,0.4,1.2,1.0,0.4,0,0,0,1,0,Senegal,Niger,08-01-2024,Friendly,0.1,0.0
1814.269389,1409.383866,404.8855234,77.35714286,86,78.57142857,77.0,71.0,67.5,74.14285714,68.5,75,68.5,68.5,69.0,51.5,58.5,8.857142857,10.07142857,8.5,2.8,0.6,0.8,1.8,2.2,0.4,1,0,0,4,0,Algeria,Burundi,09-01-2024,Friendly,0.0,0.0
1872.500398,1451.608531,420.8918672,70.85714286,82,72.5,68.85714286,72.07142857,61.21428571,64.0,60.66666667,64,60.66666667,62.0,67.0,42.33333333,50.66666667,10.19047619,11.83333333,6.857142857,3.0,0.8,0.8,1.8,2.4,0.2,1,0,0,5,0,Iran,Indonesia,09-01-2024,Friendly,0.1,0.0
1920.958516,1602.431532,318.5269841,78.0,81,78.33333333,77.5,78.07692308,65.76923077,72.30769231,71.0,71,71.0,71.0,82.0,65.0,63.0,7.0,7.333333333,6.5,4.2,0.2,1.0,1.2,1.6,0.2,1,0,0,6,1,Japan,Jordan,09-01-2024,Friendly,0.0,0.2
1495.552987,1635.485126,-139.932139,68.5,73,73.0,64.0,66.5,55.0,51.0,71.92857143,77,71.5,71.9,75.92307692,54.84615385,62.30769231,-3.428571429,1.5,-7.9,0.2,1.2,0.0,2.0,1.0,0.6,1,0,0,0,0,Palestine,Saudi Arabia,09-01-2024,Friendly,0.0,0.0
1629.368238,1315.855887,313.5123509,71.92857143,77,71.5,71.9,75.92307692,54.84615385,62.30769231,62.25,69,59.5,63.66666667,64.25,36.75,41.5,9.678571429,12.0,8.233333333,1.6,0.6,0.6,1.0,2.2,0.2,1,0,0,2,0,Saudi Arabia,Hong Kong,10-01-2024,Friendly,0.0,0.0
1630.106651,1546.339349,83.76730183,70.5,81,71.2,70.85714286,75.46153846,54.53846154,60.07692308,74.0,80,74.71428571,73.55555556,78.21428571,62.57142857,66.42857143,-3.5,-3.514285714,-2.698412698,1.4,0.8,0.4,0.6,0.4,0.2,1,0,0,2,1,Burkina Faso,democratic republic of congo,10-01-2024,Friendly,0.0,0.0
1841.56922,1411.043487,430.5257327,79.28571429,85,79.0,80.71428571,70.84615385,65.92307692,72.0,66.08333333,70,67.11111111,63.8,79.33333333,54.66666667,55.5,13.20238095,11.88888889,16.91428571,1.6,0.6,0.6,0.8,1.6,0.2,1,0,0,3,1,Morocco,Sierra Leone,11-01-2024,Friendly,0.5,0.0
1776.82089,1494.415682,282.4052074,77.07142857,81,77.625,76.0,72.30769231,66.46153846,72.23076923,62.42857143,70,58.0,63.8,64.66666667,49.33333333,54.83333333,14.64285714,19.625,12.2,1.4,1.6,0.4,0.2,2.4,0.0,1,0,0,2,1,Sweden,Estonia,12-01-2024,Friendly,0.0,0.0
1631.177317,1444.186662,186.990655,69.07142857,76,71.25,68.2,70.92307692,55.84615385,62.61538462,62.0,62,62.0,62.0,67.0,60.0,50.0,7.071428571,9.25,6.2,3.0,1.4,0.6,0.8,1.0,0.2,0,0,0,3,0,Qatar,Lebanon,12-01-2024,Asian Cup,0.3,0.0
1811.736223,1465.260788,346.4754346,72.85714286,78,71.75,72.83333333,71.07692308,60.15384615,62.92307692,62.28571429,66,62.8,62.0,72.5,44.0,51.16666667,10.57142857,8.95,10.83333333,2.4,0.2,0.8,1.0,2.0,0.2,1,0,0,2,0,Australia,India,13-01-2024,Asian Cup,0.0,0.0
1489.205224,1734.878311,-245.6730873,63.0,65,65.0,62.0,71.5,51.75,56.0,66.6,72,67.0,65.25,68.8,53.2,57.2,-3.6,-2.0,-3.25,1.0,2.0,0.2,2.4,1.0,0.8,1,0,0,0,0,Syria,Uzbekistan,13-01-2024,Asian Cup,0.0,0.0
1586.834052,1581.47865,5.355402,77.14285714,85,76.5,77.625,78.28571429,59.35714286,65.78571429,69.5,75,69.8,68.5,74.2,57.8,62.3,7.642857,6.7,9.125,0.2,1.4,0.2,1.4,1.6,0.4,1,0,0,1,2,Ghana,Cape Verde,14-01-2024,African Nations Cup,0.0,0.0
1764.974786,1466.517564,298.4572218,70.84615385,89,69.11111111,74.75,67.61538462,61.38461538,62.69230769,73.66666667,81,68.0,76.5,83.66666667,53.33333333,60.33333333,-2.820512821,1.111111111,-1.75,2.4,0.2,0.8,1.6,1.6,0.4,1,0,0,2,2,Egypt,Mozambique,14-01-2024,African Nations Cup,0.2,0.0
1925.368478,1530.289034,395.0794434,78.0,81,78.33333333,77.5,78.07692308,65.76923077,72.30769231,66.0,66,66.0,66.0,86.0,58.0,60.0,12.0,12.33333333,11.5,4.6,0.2,1.0,0.6,2.2,0.2,1,0,0,4,2,Japan,Vietnam,14-01-2024,Asian Cup,0.0,0.0
1875.106699,1501.669876,373.4368229,70.85714286,82,72.5,68.85714286,72.07142857,61.21428571,64.0,68.5,73,73.0,64.0,66.5,55.0,51.0,2.357142857,-0.5,4.857142857,3.4,0.6,0.8,0.0,0.8,0.0,1,0,0,4,1,Iran,Palestine,14-01-2024,Asian Cup,0.1,0.0
1850.178214,1570.794124,279.3840902,76.07142857,87,76.625,75.16666667,74.0,69.23076923,69.46153846,72.0,72,72.0,72.0,74.0,68.0,52.0,4.071428571,4.625,3.166666667,3.8,0.0,1.0,0.6,1.4,0.4,1,0,0,3,1,South Korea,Bahrain,15-01-2024,Asian Cup,0.1,0.0
1817.104955,1516.506197,300.5987578,77.35714286,86,78.57142857,77.0,71.0,67.5,74.14285714,70.28571429,78,70.77777778,69.25,76.78571429,61.35714286,60.92857143,7.071428571,7.793650794,7.75,2.6,0.4,0.8,0.6,0.0,0.2,1,0,0,1,1,Algeria,Angola,15-01-2024,African Nations Cup,0.0,0.0
1598.02157,1525.12536,72.8962099,71.0,71,71.0,71.0,82.0,65.0,63.0,59.0,61,59.0,59.0,70.5,55.0,54.0,12.0,12.0,12.0,1.0,2.4,0.2,2.2,1.8,0.6,1,0,0,4,0,Jordan,Malaysia,15-01-2024,Asian Cup,0.2,0.0
1766.245598,1496.34348,269.9021179,78.5,86,79.16666667,78.42857143,76.69230769,66.61538462,65.84615385,69.85714286,77,70.25,69.0,78.42857143,59.42857143,60.78571429,8.642857143,8.916666667,9.428571429,1.2,0.2,0.6,1.6,1.8,0.4,1,0,0,3,0,Senegal,Gambia,15-01-2024,African Nations Cup,0.1,0.0
1695.95057,1449.00223,246.9483404,63.38461538,69,63.5,66.0,66.53846154,53.23076923,55.0,60.66666667,64,60.66666667,62.0,67.0,42.33333333,50.66666667,2.717948718,2.833333333,4.0,1.6,0.8,0.4,0.6,3.4,0.0,1,0,0,3,1,Iraq,Indonesia,15-01-2024,Asian Cup,0.0,0.0
1473.379004,1756.773023,-283.3940189,64.0,64,64.0,64.0,74.0,66.0,62.0,72.28571429,81,71.5,72.09090909,71.76923077,61.0,65.53846154,-8.285714286,-7.5,-8.090909091,0.8,0.6,0.2,1.4,0.4,0.6,1,0,0,1,0,Namibia,Tunisia,16-01-2024,African Nations Cup,0.0,0.0
1678.182937,1619.861028,58.32190952,76.21428571,80,74.75,76.72727273,75.78571429,61.78571429,68.28571429,67.71428571,74,68.125,67.16666667,72.92857143,54.64285714,56.57142857,8.5,6.625,9.560606061,2.8,1.0,0.8,0.6,0.8,0.2,1,0,0,2,0,Mali,South Africa,16-01-2024,African Nations Cup,0.0,0.1
1633.889108,1678.48108,-44.59197162,71.92857143,77,71.5,71.9,75.92307692,54.84615385,62.30769231,72.0,72,72.0,72.0,72.92857143,62.57142857,66.42857143,-0.071428571,-0.5,-0.1,1.8,0.0,0.8,1.2,1.0,0.6,1,0,0,2,1,Saudi Arabia,Oman,16-01-2024,Asian Cup,0.0,0.0
1844.0458,1457.414048,386.6317516,79.28571429,85,79.0,80.71428571,70.84615385,65.92307692,72.0,66.0,72,66.0,66.0,77.5,66.5,55.0,13.28571429,13.0,14.71428571,2.0,0.4,0.8,0.4,1.0,0.2,1,0,0,3,0,Morocco,Tanzania,17-01-2024,African Nations Cup,0.5,0.0
1639.311301,1502.671146,136.6401549,69.07142857,76,71.25,68.2,70.92307692,55.84615385,62.61538462,61.0,61,61.0,61.0,69.0,40.0,55.0,8.071428571,10.25,7.2,3.6,0.6,0.8,2.2,0.6,0.6,0,0,0,1,0,Qatar,Tajikistan,17-01-2024,Asian Cup,0.3,0.0
1534.123926,1562.070418,-27.94649156,74.0,80,74.71428571,73.55555556,78.21428571,62.57142857,66.42857143,67.625,75,70.16666667,62.33333333,84.75,57.875,53.875,6.375,4.547619048,11.22222222,0.6,0.6,0.2,1.8,1.2,0.4,1,0,0,1,1,democratic republic of congo,Zambia,17-01-2024,African Nations Cup,0.0,0.0
1815.569325,1498.946946,316.6223798,72.85714286,78,71.75,72.83333333,71.07692308,60.15384615,62.92307692,63.0,65,65.0,62.0,71.5,51.75,56.0,9.857142857,6.75,10.83333333,2.8,0.0,1.0,0.8,1.6,0.2,1,0,0,1,0,Australia,Syria,18-01-2024,Asian Cup,0.0,0.0
1725.13659,1461.427686,263.7089036,66.6,72,67.0,65.25,68.8,53.2,57.2,62.28571429,66,62.8,62.0,72.5,44.0,51.16666667,4.314285714,4.2,3.25,2.0,0.8,0.6,0.6,2.0,0.2,1,0,0,3,0,Uzbekistan,India,18-01-2024,Asian Cup,0.0,0.0
1753.842673,1603.039628,150.8030448,70.84615385,89,69.11111111,74.75,67.61538462,61.38461538,62.69230769,77.14285714,85,76.5,77.625,78.28571429,59.35714286,65.78571429,-6.296703297,-7.388888889,-2.875,2.6,0.6,0.6,0.4,1.4,0.2,1,0,0,2,2,Egypt,Ghana,18-01-2024,African Nations Cup,0.2,0.0
1716.202019,1612.569545,103.6324747,78.5,83,77.8,78.0,76.92857143,65.35714286,69.5,78.0,88,78.6,76.66666667,79.5,70.28571429,64.5,0.5,-0.8,1.333333333,3.8,0.4,0.8,1.2,1.4,0.2,0,0,0,0,1,Ivory Coast,Nigeria,18-01-2024,African Nations Cup,0.0,0.0
1771.831364,1652.090851,119.7405128,78.5,86,79.16666667,78.42857143,76.69230769,66.61538462,65.84615385,77.07142857,85,76.28571429,77.85714286,70.15384615,62.61538462,64.07692308,1.428571429,2.880952381,0.571428571,1.8,0.0,0.8,1.2,0.8,0.2,1,0,0,3,1,Senegal,Cameroon,19-01-2024,African Nations Cup,0.1,0.0
1878.446269,1307.197218,571.249051,70.85714286,82,72.5,68.85714286,72.07142857,61.21428571,64.0,62.25,69,59.5,63.66666667,64.25,36.75,41.5,8.607142857,13.0,5.19047619,3.4,0.8,0.8,1.2,2.0,0.2,1,0,0,1,0,Iran,Hong Kong,19-01-2024,Asian Cup,0.1,0.0
1702.171974,1928.353351,-226.1813768,63.38461538,69,63.5,66.0,66.53846154,53.23076923,55.0,78.0,81,78.33333333,77.5,78.07692308,65.76923077,72.30769231,-14.61538462,-14.83333333,-11.5,2.2,1.0,0.6,5.0,0.6,1.0,1,0,0,2,1,Iraq,Japan,19-01-2024,Asian Cup,0.0,0.0
1606.863972,1504.684661,102.17931,69.5,75,69.8,68.5,74.2,57.8,62.3,73.66666667,81,68.0,76.5,83.66666667,53.33333333,60.33333333,-4.166667,1.8,-8.0,1.2,1.6,0.4,0.8,2.5,0.0,1,0,0,3,0,Cape Verde,Mozambique,19-01-2024,African Nations Cup,0.0,0.0
1805.92218,1653.009594,152.9125853,77.35714286,86,78.57142857,77.0,71.0,67.5,74.14285714,70.5,81,71.2,70.85714286,75.46153846,54.53846154,60.07692308,6.857142857,7.371428571,6.142857143,2.6,0.4,0.8,1.6,0.8,0.6,1,0,0,2,2,Algeria,Burkina Faso,20-01-2024,African Nations Cup,0.0,0.0
1610.712983,1855.516766,-244.8037836,71.0,71,71.0,71.0,82.0,65.0,63.0,76.07142857,87,76.625,75.16666667,74.0,69.23076923,69.46153846,-5.071428571,-5.625,-4.166666667,1.6,2.2,0.4,3.6,0.2,1.0,1,0,0,2,2,Jordan,South Korea,20-01-2024,Asian Cup,0.2,0.1
1691.52206,1730.009692,-38.4876314,76.21428571,80,74.75,76.72727273,75.78571429,61.78571429,68.28571429,72.28571429,81,71.5,72.09090909,71.76923077,61.0,65.53846154,3.928571429,3.25,4.636363636,3.0,1.0,0.8,1.4,0.2,0.6,1,0,0,1,1,Mali,Tunisia,20-01-2024,African Nations Cup,0.0,0.0
1837.929954,1723.556413,114.373541,76.64285714,79,76.85714286,76.375,75.46153846,60.0,67.46153846,74.71428571,88,73.2,76.0,67.58333333,62.0,67.41666667,1.928571429,3.657142857,0.375,2.6,1.0,0.6,2.2,0.6,0.8,0,0,0,0,1,United States,Slovenia,20-01-2024,Friendly,0.075,0.0
1651.931442,1421.631051,230.3003912,71.92857143,77,71.5,71.9,75.92307692,54.84615385,62.30769231,65.0,65,65.0,65.0,77.0,62.0,56.0,6.928571429,6.5,6.9,1.4,0.2,0.8,0.8,1.8,0.2,1,0,0,2,0,Saudi Arabia,Kyrgyzstan,21-01-2024,Asian Cup,0.0,0.0
1535.408141,1847.164913,-311.7567719,74.0,80,74.71428571,73.55555556,78.21428571,62.57142857,66.42857143,79.28571429,85,79.0,80.71428571,70.84615385,65.92307692,72.0,-5.285714286,-4.285714286,-7.158730159,0.8,0.8,0.2,2.4,0.4,0.8,1,0,0,1,1,democratic republic of congo,Morocco,21-01-2024,African Nations Cup,0.0,0.5
1606.521905,1500.142335,106.3795699,67.71428571,74,68.125,67.16666667,72.92857143,54.64285714,56.57142857,64.0,64,64.0,64.0,74.0,66.0,62.0,3.714285714,4.125,3.166666667,0.6,1.2,0.2,0.6,0.2,0.4,1,0,0,4,0,South Africa,Namibia,21-01-2024,African Nations Cup,0.1,0.0
1624.716469,1718.920373,-94.203904,69.5,75,69.8,68.5,74.2,57.8,62.3,70.84615385,89,69.11111111,74.75,67.61538462,61.38461538,62.69230769,-1.346154,0.688889,-6.25,1.6,0.6,0.6,1.8,1.0,0.4,1,0,0,2,2,Cape Verde,Egypt,22-01-2024,African Nations Cup,0.0,0.2
1695.566241,1579.354826,116.2114147,78.5,83,77.8,78.0,76.92857143,65.35714286,69.5,69.42857143,75,69.42857143,69.0,70.33333333,53.16666667,61.83333333,9.071428571,8.371428571,9.0,3.6,0.4,0.8,1.6,0.8,0.6,0,0,0,0,4,Ivory Coast,Equatorial Guinea,22-01-2024,African Nations Cup,0.0,0.0
1609.578782,1466.156728,143.4220536,77.14285714,85,76.5,77.625,78.28571429,59.35714286,65.78571429,73.66666667,81,68.0,76.5,83.66666667,53.33333333,60.33333333,3.476190476,8.5,1.125,0.8,1.0,0.2,1.0,1.6,0.2,1,0,0,2,2,Ghana,Mozambique,22-01-2024,African Nations Cup,0.0,0.0
1649.324323,1531.030306,118.2940169,69.07142857,76,71.25,68.2,70.92307692,55.84615385,62.61538462,71.07142857,76,71.5,70.66666667,79.25,61.25,63.75,-2.0,-0.25,-2.466666667,2.2,0.4,0.8,0.2,1.4,0.0,0,0,0,1,0,Qatar,China,22-01-2024,Asian Cup,0.3,0.0
1879.59738,1640.323006,239.2743733,70.85714286,82,72.5,68.85714286,72.07142857,61.21428571,64.0,64.0,72,61.0,64.58333333,67.63636364,43.09090909,54.09090909,6.857142857,11.5,4.273809524,2.8,0.8,0.8,1.4,0.6,0.6,1,0,0,2,1,Iran,United Arab Emirates,23-01-2024,Asian Cup,0.1,0.0
1820.02114,1730.888645,89.13249511,72.85714286,78,71.75,72.83333333,71.07692308,60.15384615,62.92307692,66.6,72,67.0,65.25,68.8,53.2,57.2,6.257142857,4.75,7.583333333,2.6,0.0,1.0,2.0,0.6,0.6,1,0,0,1,1,Australia,Uzbekistan,23-01-2024,Asian Cup,0.0,0.0
1782.525535,1553.947073,228.5784615,78.5,86,79.16666667,78.42857143,76.69230769,66.61538462,65.84615385,72.85714286,78,73.0,72.8,67.64285714,63.42857143,63.28571429,5.642857143,6.166666667,5.628571429,2.2,0.2,0.8,1.2,0.6,0.6,1,0,0,2,0,Senegal,Guinea,23-01-2024,African Nations Cup,0.1,0.0
1496.466084,1799.302306,-302.8362227,65.33333333,66,64.0,66.0,71.5,52.5,52.0,77.35714286,86,78.57142857,77.0,71.0,67.5,74.14285714,-12.02380952,-14.57142857,-11.0,0.4,1.2,0.0,2.4,0.6,0.6,1,0,0,1,0,Mauritania,Algeria,23-01-2024,African Nations Cup,0.0,0.0
1546.847895,1459.051025,87.79687035,74.0,80,74.71428571,73.55555556,78.21428571,62.57142857,66.42857143,66.0,72,66.0,66.0,77.5,66.5,55.0,8.0,8.714285714,7.555555556,0.6,1.0,0.0,0.2,1.6,0.0,1,0,0,0,0,democratic republic of congo,Tanzania,24-01-2024,African Nations Cup,0.0,0.0
1835.725159,1556.030113,279.6950463,79.28571429,85,79.0,80.71428571,70.84615385,65.92307692,72.0,67.625,75,70.16666667,62.33333333,84.75,57.875,53.875,11.66071429,8.833333333,18.38095238,2.4,0.4,0.8,1.6,1.4,0.2,1,0,0,1,0,Morocco,Zambia,24-01-2024,African Nations Cup,0.5,0.0
1903.195841,1462.598254,440.5975872,78.0,81,78.33333333,77.5,78.07692308,65.76923077,72.30769231,60.66666667,64,60.66666667,62.0,67.0,42.33333333,50.66666667,17.33333333,17.66666667,15.5,4.2,1.0,0.8,0.6,2.8,0.2,1,0,0,3,1,Japan,Indonesia,24-01-2024,Asian Cup,0.0,0.0
1727.329483,1507.486733,219.8427508,63.38461538,69,63.5,66.0,66.53846154,53.23076923,55.0,66.0,66,66.0,66.0,86.0,58.0,60.0,-2.615384615,-2.5,0.0,2.2,0.8,0.8,1.0,1.6,0.2,1,0,0,3,2,Iraq,Vietnam,24-01-2024,Asian Cup,0.0,0.0
1617.770505,1728.244485,-110.4739805,67.71428571,74,68.125,67.16666667,72.92857143,54.64285714,56.57142857,72.28571429,81,71.5,72.09090909,71.76923077,61.0,65.53846154,-4.571428571,-3.375,-4.924242424,1.2,1.0,0.4,0.8,0.4,0.4,1,0,0,0,0,South Africa,Tunisia,24-01-2024,African Nations Cup,0.1,0.0
1658.647248,1536.742028,121.9052205,71.92857143,77,71.5,71.9,75.92307692,54.84615385,62.30769231,62.0,62,62.0,62.0,73.0,33.0,47.0,9.928571429,9.5,9.9,1.4,0.2,0.8,1.2,1.6,0.4,1,0,0,0,0,Saudi Arabia,Thailand,25-01-2024,Asian Cup,0.0,0.0
1498.856902,1845.800275,-346.9433728,59.0,61,59.0,59.0,70.5,55.0,54.0,76.07142857,87,76.625,75.16666667,74.0,69.23076923,69.46153846,-17.07142857,-17.625,-16.16666667,1.4,2.0,0.4,2.8,0.6,0.8,1,0,0,3,3,Malaysia,South Korea,25-01-2024,Asian Cup,0.0,0.1
1579.032616,1620.429474,-41.39685759,72.0,72,72.0,72.0,74.0,68.0,52.0,71.0,71,71.0,71.0,82.0,65.0,63.0,1.0,1.0,1.0,0.4,2.0,0.2,2.0,2.2,0.4,1,0,0,1,0,Bahrain,Jordan,25-01-2024,Asian Cup,0.0,0.2
1542.888619,1740.506789,-197.6181699,74.0,80,74.71428571,73.55555556,78.21428571,62.57142857,66.42857143,70.84615385,89,69.11111111,74.75,67.61538462,61.38461538,62.69230769,3.153846154,5.603174603,-1.194444444,0.6,0.8,0.0,2.0,1.2,0.4,1,0,0,1,1,democratic republic of congo,Egypt,28-01-2024,African Nations Cup,0.0,0.2
1816.004178,1460.250946,355.753232,72.85714286,78,71.75,72.83333333,71.07692308,60.15384615,62.92307692,60.66666667,64,60.66666667,62.0,67.0,42.33333333,50.66666667,12.19047619,11.08333333,10.83333333,1.4,0.2,0.8,0.8,2.6,0.2,1,0,0,4,0,Australia,Indonesia,28-01-2024,Asian Cup,0.0,0.0
1660.077864,1512.509398,147.5684659,69.07142857,76,71.25,68.2,70.92307692,55.84615385,62.61538462,68.5,73,73.0,64.0,66.5,55.0,51.0,0.571428571,-1.75,4.2,1.8,0.4,0.8,1.0,1.2,0.2,0,0,0,2,1,Qatar,Palestine,29-01-2024,Asian Cup,0.3,0.0
1602.532048,1734.370306,-131.8382576,71.0,71,71.0,71.0,82.0,65.0,63.0,63.38461538,69,63.5,66.0,66.53846154,53.23076923,55.0,7.615384615,7.5,5.0,1.8,2.0,0.4,1.8,1.0,0.8,1,0,0,3,2,Jordan,Iraq,29-01-2024,Asian Cup,0.2,0.0
1674.405545,1789.29409,-114.8885453,78.5,83,77.8,78.0,76.92857143,65.35714286,69.5,78.5,86,79.16666667,78.42857143,76.69230769,66.61538462,65.84615385,0.0,-1.366666667,-0.428571429,1.8,1.2,0.6,1.8,0.2,0.8,0,0,0,1,1,Ivory Coast,Senegal,29-01-2024,African Nations Cup,0.0,0.1
1631.333615,1467.948693,163.384922,69.5,75,69.8,68.5,74.2,57.8,62.3,65.33333333,66,64.0,66.0,71.5,52.5,52.0,4.166667,5.8,2.5,1.8,0.6,0.6,0.6,1.2,0.2,1,0,0,1,0,Cape Verde,Mauritania,29-01-2024,African Nations Cup,0.0,0.0
1622.693224,1841.055754,-218.3625307,67.71428571,74,68.125,67.16666667,72.92857143,54.64285714,56.57142857,79.28571429,85,79.0,80.71428571,70.84615385,65.92307692,72.0,-11.57142857,-10.875,-13.54761905,0.8,0.8,0.2,2.0,0.4,0.8,1,0,0,2,0,South Africa,Morocco,30-01-2024,African Nations Cup,0.1,0.5
1734.905607,1542.136398,192.7692087,66.6,72,67.0,65.25,68.8,53.2,57.2,62.0,62,62.0,62.0,73.0,33.0,47.0,4.6,5.0,3.25,1.8,0.4,0.6,1.0,1.2,0.4,1,0,0,2,1,Uzbekistan,Thailand,30-01-2024,Asian Cup,0.0,0.0
1653.252878,1833.624299,-180.3714207,71.92857143,77,71.5,71.9,75.92307692,54.84615385,62.30769231,76.07142857,87,76.625,75.16666667,74.0,69.23076923,69.46153846,-4.142857143,-5.125,-3.266666667,1.2,0.2,0.6,2.4,1.2,0.6,1,0,0,1,1,Saudi Arabia,South Korea,30-01-2024,Asian Cup,0.0,0.1
1905.54315,1596.930041,308.6131086,78.0,81,78.33333333,77.5,78.07692308,65.76923077,72.30769231,72.0,72,72.0,72.0,74.0,68.0,52.0,6.0,6.333333333,5.5,3.8,1.2,0.8,0.6,1.6,0.4,1,0,0,3,1,Japan,Bahrain,31-01-2024,Asian Cup,0.0,0.0
1886.043174,1508.714829,377.3283447,70.85714286,82,72.5,68.85714286,72.07142857,61.21428571,64.0,63.0,65,65.0,62.0,71.5,51.75,56.0,7.857142857,7.5,6.857142857,2.8,0.6,1.0,0.8,0.8,0.2,1,0,0,1,1,Iran,Syria,31-01-2024,Asian Cup,0.1,0.0
1624.327877,1511.900148,112.4277287,71.0,71,71.0,71.0,82.0,65.0,63.0,61.0,61,61.0,61.0,69.0,40.0,55.0,10.0,10.0,10.0,2.0,2.2,0.4,1.0,0.8,0.4,1,0,0,1,0,Jordan,Tajikistan,02-02-2024,Asian Cup,0.2,0.0
1825.991591,1819.660714,6.33087724,76.07142857,87,76.625,75.16666667,74.0,69.23076923,69.46153846,72.85714286,78,71.75,72.83333333,71.07692308,60.15384615,62.92307692,3.214285714,4.875,2.333333333,2.0,1.4,0.4,2.0,0.2,0.8,1,0,0,2,1,South Korea,Australia,02-02-2024,Asian Cup,0.1,0.0
1551.12015,1565.615663,-14.49551233,74.0,80,74.71428571,73.55555556,78.21428571,62.57142857,66.42857143,72.85714286,78,73.0,72.8,67.64285714,63.42857143,63.28571429,1.142857143,1.714285714,0.755555556,0.8,1.0,0.0,1.0,0.6,0.6,1,0,0,3,1,democratic republic of congo,Guinea,02-02-2024,African Nations Cup,0.0,0.0
1873.316332,1910.174618,-36.85828582,70.85714286,82,72.5,68.85714286,72.07142857,61.21428571,64.0,78.0,81,78.33333333,77.5,78.07692308,65.76923077,72.30769231,-7.142857143,-5.833333333,-8.642857143,2.6,0.6,0.8,3.4,1.4,0.8,1,0,0,2,1,Iran,Japan,03-02-2024,Asian Cup,0.1,0.0
1645.373389,1639.722205,5.651184,69.5,75,69.8,68.5,74.2,57.8,62.3,67.71428571,74,68.125,67.16666667,72.92857143,54.64285714,56.57142857,1.785714,1.675,1.333333,2.0,0.6,0.8,1.2,0.8,0.4,1,0,0,0,0,Cape Verde,South Africa,03-02-2024,African Nations Cup,0.0,0.1
1669.663258,1742.839452,-73.17619411,69.07142857,76,71.25,68.2,70.92307692,55.84615385,62.61538462,66.6,72,67.0,65.25,68.8,53.2,57.2,2.471428571,4.25,2.95,1.6,0.6,0.8,1.4,0.4,0.6,0,0,0,1,1,Qatar,Uzbekistan,03-02-2024,Asian Cup,0.3,0.0
1679.511591,1698.705378,-19.19378638,78.5,83,77.8,78.0,76.92857143,65.35714286,69.5,76.21428571,80,74.75,76.72727273,75.78571429,61.78571429,68.28571429,2.285714286,3.05,1.272727273,1.6,1.4,0.4,2.2,0.8,0.6,0,0,0,2,1,Ivory Coast,Mali,03-02-2024,African Nations Cup,0.0,0.0
1635.323843,1841.700075,-206.3762325,71.0,71,71.0,71.0,82.0,65.0,63.0,76.07142857,87,76.625,75.16666667,74.0,69.23076923,69.46153846,-5.071428571,-5.625,-4.166666667,2.0,1.0,0.6,2.2,1.6,0.4,1,0,0,2,0,Jordan,South Korea,06-02-2024,Asian Cup,0.2,0.1
1696.3946,1567.787306,128.6072933,78.5,83,77.8,78.0,76.92857143,65.35714286,69.5,74.0,80,74.71428571,73.55555556,78.21428571,62.57142857,66.42857143,4.5,3.085714286,4.444444444,1.0,1.4,0.4,1.2,0.8,0.2,0,0,0,1,0,Ivory Coast,democratic republic of congo,07-02-2024,African Nations Cup,0.0,0.0
1672.984185,1891.00738,-218.0231951,69.07142857,76,71.25,68.2,70.92307692,55.84615385,62.61538462,70.85714286,82,72.5,68.85714286,72.07142857,61.21428571,64.0,-1.785714286,-1.25,-0.657142857,1.6,0.4,0.8,2.0,0.8,0.8,0,0,0,3,2,Qatar,Iran,07-02-2024,Asian Cup,0.3,0.1
1670.609302,1645.845052,24.7642491,78.0,88,78.6,76.66666667,79.5,70.28571429,64.5,67.71428571,74,68.125,67.16666667,72.92857143,54.64285714,56.57142857,10.28571429,10.475,9.5,1.2,0.2,0.8,1.2,0.4,0.4,1,0,0,1,1,Nigeria,South Africa,07-02-2024,African Nations Cup,0.0,0.1
1557.453434,1646.983561,-89.53012651,74.0,80,74.71428571,73.55555556,78.21428571,62.57142857,66.42857143,67.71428571,74,68.125,67.16666667,72.92857143,54.64285714,56.57142857,6.285714286,6.589285714,6.388888889,1.0,0.8,0.2,1.4,0.2,0.4,1,0,0,0,0,democratic republic of congo,South Africa,10-02-2024,African Nations Cup,0.0,0.1
1697.885673,1659.848088,38.03758514,69.07142857,76,71.25,68.2,70.92307692,55.84615385,62.61538462,71.0,71,71.0,71.0,82.0,65.0,63.0,-1.928571429,0.25,-2.8,1.6,0.8,0.8,1.6,1.0,0.6,0,0,0,3,1,Qatar,Jordan,10-02-2024,Asian Cup,0.3,0.2
1706.728471,1669.470793,37.25767835,78.5,83,77.8,78.0,76.92857143,65.35714286,69.5,78.0,88,78.6,76.66666667,79.5,70.28571429,64.5,0.5,-0.8,1.333333333,0.8,1.4,0.4,1.2,0.2,0.8,0,0,0,2,1,Ivory Coast,Nigeria,11-02-2024,African Nations Cup,0.0,0.0
1968.531782,1782.082536,186.4492461,84.71428571,89,85.0,84.0,76.25,73.75,78.5,77.07142857,81,77.625,76.0,72.30769231,66.46153846,72.23076923,7.642857143,7.375,8.0,4.2,0.4,1.0,1.6,1.2,0.6,0,0,0,5,2,Portugal,Sweden,21-03-2024,Friendly,0.3,0.0
1863.437818,1574.826076,288.6117416,75.42857143,80,75.66666667,75.36363636,75.2,55.9,68.7,64.2,68,63.66666667,65.0,68.2,53.2,55.0,11.22857143,12.0,10.36363636,1.0,0.4,0.6,0.6,1.6,0.0,1,0,0,2,0,Ecuador,Guatemala,21-03-2024,Friendly,0.0,0.0
1712.140943,1490.230962,221.9099813,69.07142857,76,71.25,68.2,70.92307692,55.84615385,62.61538462,66.0,71,66.0,66.0,60.0,38.5,53.5,3.071428571,5.25,2.2,2.0,1.0,0.8,1.4,1.4,0.4,0,0,0,3,0,Qatar,Kuwait,21-03-2024,World Cup and Asian Cup qual,0.3,0.0
1584.488148,1827.305358,-242.8172098,75.71428571,83,77.33333333,74.88888889,69.08333333,63.91666667,69.83333333,76.85714286,82,76.625,76.625,75.0,66.16666667,72.83333333,-1.142857143,0.708333333,-1.736111111,0.8,2.4,0.2,1.4,0.8,0.4,0,0,0,1,2,Bosnia and Herzegovina,Ukraine,21-03-2024,European Championship qual,0.0,0.0
1816.84522,1663.349355,153.4958642,76.64285714,79,76.85714286,76.375,75.46153846,60.0,67.46153846,73.85714286,79,72.81818182,76.0,77.92307692,67.76923077,64.07692308,2.785714286,4.038961039,0.375,1.8,1.2,0.4,1.0,0.8,0.4,0,0,0,3,1,United States,Jamaica,21-03-2024,CONCACAF Nations League,0.075,0.0
1806.758855,1759.842898,46.91595785,78.78571429,81,78.55555556,79.2,75.61538462,70.76923077,71.46153846,67.92857143,72,67.625,68.57142857,69.64285714,57.0,57.0,10.85714286,10.93055556,10.62857143,1.6,1.4,0.4,2.4,0.6,0.8,1,0,0,3,0,Mexico,Panama,21-03-2024,CONCACAF Nations League,0.2,0.15
1248.201988,1642.949446,-394.7474579,66.0,66,66.0,66.0,72.92857143,62.57142857,66.42857143,67.71428571,74,68.125,67.16666667,72.92857143,54.64285714,56.57142857,-1.714285714,-2.125,-1.166666667,0.0,2.6,0.0,0.6,0.2,0.2,1,0,0,1,1,Andorra,South Africa,21-03-2024,Friendly tournament,0.0,0.1
1660.885586,1500.904182,159.9814036,71.92857143,77,71.5,71.9,75.92307692,54.84615385,62.30769231,61.0,61,61.0,61.0,69.0,40.0,55.0,10.92857143,10.5,10.9,1.4,0.4,0.6,0.6,0.8,0.2,0,0,0,1,0,Saudi Arabia,Tajikistan,21-03-2024,World Cup and Asian Cup qual,0.0,0.0
1817.175831,1534.202554,282.973277,76.07142857,87,76.625,75.16666667,74.0,69.23076923,69.46153846,62.0,62,62.0,62.0,73.0,33.0,47.0,14.07142857,14.625,13.16666667,1.6,1.8,0.2,0.6,1.4,0.2,0,0,0,1,1,South Korea,Thailand,21-03-2024,World Cup and Asian Cup qual,0.1,0.0
1892.483571,1518.742184,373.7413866,78.0,81,78.33333333,77.5,78.07692308,65.76923077,72.30769231,63.0,63,63.0,63.0,57.0,68.0,49.0,15.0,15.33333333,14.5,2.4,1.6,0.6,1.4,1.0,0.2,0,0,0,1,0,Japan,North Korea,21-03-2024,World Cup and Asian Cup qual,0.0,0.0
1866.105892,1368.115097,497.9907946,70.85714286,82,72.5,68.85714286,72.07142857,61.21428571,64.0,63.0,63,63.0,63.0,76.0,61.0,56.0,7.857142857,9.5,5.857142857,1.6,1.2,0.6,0.8,2.0,0.0,0,0,0,5,0,Iran,Turkmenistan,21-03-2024,World Cup and Asian Cup qual,0.1,0.0
1298.315311,1739.518524,-441.2032131,62.25,69,59.5,63.66666667,64.25,36.75,41.5,66.6,72,67.0,65.25,68.8,53.2,57.2,-4.35,-7.5,-1.583333333,0.4,2.2,0.0,1.4,0.6,0.4,0,0,0,0,2,Hong Kong,Uzbekistan,21-03-2024,World Cup and Asian Cup qual,0.0,0.0
1803.952229,1426.894403,377.0578262,72.85714286,78,71.75,72.83333333,71.07692308,60.15384615,62.92307692,62.0,62,62.0,62.0,67.0,60.0,50.0,10.85714286,9.75,10.83333333,1.8,0.6,0.6,0.6,1.4,0.2,0,0,0,2,0,Australia,Lebanon,21-03-2024,World Cup and Asian Cup qual,0.0,0.0
1712.574477,1310.357212,402.2172649,63.38461538,69,63.5,66.0,66.53846154,53.23076923,55.0,66.4,70,67.5,65.5,80.0,53.0,59.0,-3.015384615,-4.0,0.5,2.0,1.6,0.6,0.8,1.0,0.4,0,0,0,1,0,Iraq,Philippines,21-03-2024,World Cup and Asian Cup qual,0.0,0.0
1093.954289,1645.592818,-551.6385294,63.0,63,63.0,63.0,82.0,55.0,57.0,71.0,71,71.0,71.0,82.0,65.0,63.0,-8.0,-8.0,-8.0,0.4,2.2,0.2,1.4,1.2,0.6,0,0,0,0,3,Pakistan,Jordan,21-03-2024,World Cup and Asian Cup qual,0.0,0.2
1784.188044,1549.237005,234.9510391,78.5,86,79.16666667,78.42857143,76.69230769,66.61538462,65.84615385,68.92857143,80,69.0,68.22222222,72.07142857,58.78571429,60.92857143,9.571428571,10.16666667,10.20634921,2.0,0.4,0.8,1.2,1.4,0.4,1,0,0,3,0,Senegal,Gabon,22-03-2024,Friendly,0.1,0.0
1775.298479,1755.012801,20.28567806,77.78571429,91,81.4,75.875,76.14285714,66.28571429,70.28571429,77.21428571,83,78.0,76.77777778,72.72727273,71.09090909,71.36363636,0.571428571,3.4,-0.902777778,2.2,1.0,0.6,1.2,1.0,0.4,0,0,0,1,2,Norway,Czech Republic,22-03-2024,Friendly,0.0,0.0
1732.275258,1609.999958,122.2752996,70.84615385,89,69.11111111,74.75,67.61538462,61.38461538,62.69230769,68.0,75,68.625,67.55555556,67.75,59.91666667,64.33333333,2.846153846,0.486111111,7.194444444,1.8,1.4,0.2,0.6,1.2,0.2,0,0,0,1,0,Egypt,New Zealand,22-03-2024,Friendly tournament,0.2,0.1
1494.122569,1212.359541,281.763029,67.0,73,67.5,66.5,72.5,57.0,61.0,54.0,54,54.0,54.0,58.0,49.0,52.0,13.0,13.5,12.5,1.5,1.8,0.2,0.8,1.0,0.3,0,0,0,4,1,Curacao,Barbados,22-03-2024,World Cup qualifier,0.0,0.0
2072.618536,1471.994979,600.6235575,84.14285714,90,85.0,83.11111111,73.61538462,71.23076923,77.69230769,64.0,67,67.0,63.0,62.0,56.33333333,53.0,20.14285714,18.0,20.11111111,1.4,0.4,0.8,0.6,1.0,0.0,1,0,0,3,0,Argentina,El Salvador,22-03-2024,Friendly,1.0,0.0
1772.067063,1597.045186,175.0218766,77.35714286,86,78.57142857,77.0,71.0,67.5,74.14285714,68.64285714,74,68.6,69.14285714,68.83333333,56.41666667,60.33333333,8.714285714,9.971428571,7.857142857,2.0,0.8,0.4,0.6,1.8,0.2,0,0,0,3,2,Algeria,Bolivia,22-03-2024,Friendly tournament,0.0,0.0
1655.180026,1603.325196,51.85482953,78.0,88,78.6,76.66666667,79.5,70.28571429,64.5,77.14285714,85,76.5,77.625,78.28571429,59.35714286,65.78571429,0.857142857,2.1,-0.958333333,1.2,0.6,0.6,1.0,1.4,0.0,1,0,0,2,1,Nigeria,Ghana,22-03-2024,Friendly,0.0,0.0
1962.099419,1784.011754,178.0876653,83.21428571,89,82.14285714,83.77777778,78.92307692,65.15384615,73.46153846,76.92857143,86,75.16666667,77.45454545,75.15384615,66.69230769,72.53846154,6.285714286,6.976190476,6.323232323,2.2,0.6,0.8,1.4,2.8,0.0,0,0,0,4,0,Netherlands,Scotland,22-03-2024,Friendly,0.1,0.0
1974.501713,1994.443151,-19.94143861,78.42857143,84,79.0,77.875,77.0,68.0,68.84615385,84.64285714,89,83.8,85.14285714,70.61538462,72.92307692,81.84615385,-6.214285714,-4.8,-7.267857143,1.4,0.6,0.8,3.0,0.4,1.0,1,0,0,1,0,Colombia,Spain,22-03-2024,Friendly,0.25,0.6
1817.773352,1801.047263,16.72608927,75.85714286,84,75.33333333,76.25,70.58333333,61.66666667,65.33333333,78.35714286,85,78.66666667,77.88888889,73.58333333,63.41666667,70.75,-2.5,-3.333333333,-1.638888889,2.0,1.4,0.4,2.2,1.4,0.6,0,0,0,1,0,Hungary,Turkey,22-03-2024,Friendly,0.0,0.0
1816.143482,1564.768456,251.3750264,79.28571429,85,79.0,80.71428571,70.84615385,65.92307692,72.0,70.28571429,78,70.77777778,69.25,76.78571429,61.35714286,60.92857143,9.0,8.222222222,11.46428571,1.6,0.8,0.6,1.8,0.8,0.6,0,0,0,1,0,Morocco,Angola,22-03-2024,Friendly,0.5,0.0
2021.783578,1862.303973,159.4796046,86.14285714,91,87.5,85.33333333,84.92307692,73.07692308,77.0,85.57142857,89,84.6,86.11111111,71.45454545,74.36363636,80.54545455,0.571428571,2.9,-0.777777778,4.6,1.2,0.6,1.8,1.8,0.4,0,0,0,0,2,France,Germany,23-03-2024,Friendly,0.6,0.1
1680.14111,1826.758363,-146.6172526,76.21428571,84,74.25,77.1,72.41666667,60.41666667,65.91666667,79.64285714,85,78.71428571,80.5,71.92857143,63.35714286,71.0,-3.428571429,-4.464285714,-3.4,2.4,1.2,0.8,2.0,0.8,0.8,0,0,0,0,2,Slovakia,Austria,23-03-2024,Friendly,0.0,0.0
1730.686305,1555.40861,175.2776953,73.92857143,83,75.33333333,73.54545455,73.0,61.66666667,65.58333333,63.2,77,71.5,62.0,74.0,56.5,60.25,10.72857143,3.833333333,11.54545455,2.2,2.4,0.4,1.0,2.0,0.2,1,0,0,2,0,Canada,Trinidad and Tobago,23-03-2024,Copa América qualifier,0.175,0.0
1849.573538,1801.077711,48.49582627,79.5,84,77.0,80.18181818,67.41666667,62.33333333,71.83333333,79.78571429,87,77.0,80.25,71.7,63.0,71.3,-0.285714286,0.0,-0.068181818,1.6,1.0,0.8,1.6,1.2,0.2,0,0,0,0,0,Denmark,Switzerland,23-03-2024,Friendly,0.0,0.0
1900.808701,1723.321766,177.4869349,80.57142857,87,79.5,80.33333333,69.38461538,66.30769231,76.38461538,72.28571429,81,71.5,72.09090909,71.76923077,61.0,65.53846154,8.285714286,8.0,8.242424242,1.0,0.6,0.6,0.6,0.4,0.2,1,0,0,0,0,Croatia,Tunisia,23-03-2024,Friendly tournament,0.2,0.0
1448.866078,1721.019239,-272.1531603,67.5,73,67.75,66.57142857,64.8,51.2,56.5,78.5,83,77.8,78.0,76.92857143,65.35714286,69.5,-11.0,-10.05,-11.42857143,1.0,1.6,0.0,1.2,1.4,0.6,1,0,0,2,2,Benin,Ivory Coast,23-03-2024,Friendly,0.0,0.0
1994.714698,1973.021897,21.69280101,85.28571429,90,85.625,84.71428571,77.0,72.07692308,80.07692308,86.14285714,89,85.83333333,86.375,81.58333333,69.25,74.41666667,-0.857142857,-0.208333333,-1.660714286,2.0,0.6,0.8,0.6,1.2,0.2,0,0,0,0,1,England,Brazil,23-03-2024,Friendly,0.25,0.0
1652.47977,1976.512785,-324.0330142,73.64285714,76,74.5,73.61538462,63.0,52.2,62.3,82.64285714,91,83.83333333,82.0,69.4,75.6,78.2,-9.0,-9.333333333,-8.384615385,1.2,1.2,0.2,3.0,0.6,0.8,0,0,0,0,0,Ireland,Belgium,23-03-2024,Friendly,0.0,0.0
1932.675027,1868.544265,64.13076235,84.35714286,87,84.25,84.22222222,75.5,65.33333333,73.0,75.42857143,80,75.66666667,75.36363636,75.2,55.9,68.7,8.928571429,8.583333333,8.858585859,2.4,1.2,0.6,1.0,0.2,0.6,1,0,0,2,0,Italy,Ecuador,24-03-2024,Friendly,0.0,0.0
1653.991476,1745.99042,-91.99894419,73.85714286,79,72.81818182,76.0,77.92307692,67.76923077,64.07692308,67.92857143,72,67.625,68.57142857,69.64285714,57.0,57.0,5.928571429,5.193181818,7.428571429,1.2,1.4,0.4,2.2,1.0,0.8,1,0,0,1,0,Jamaica,Panama,24-03-2024,CONCACAF Nations League,0.0,0.15
1826.203099,1820.611333,5.591765992,76.64285714,79,76.85714286,76.375,75.46153846,60.0,67.46153846,78.78571429,81,78.55555556,79.2,75.61538462,70.76923077,71.46153846,-2.142857143,-1.698412698,-2.825,2.2,0.8,0.6,1.8,1.4,0.4,0,0,0,2,0,United States,Mexico,24-03-2024,CONCACAF Nations League,0.075,0.2
1773.929631,1631.934245,141.9953863,77.07142857,81,77.625,76.0,72.30769231,66.46153846,72.23076923,74.5,78,74.75,74.4,71.0,56.91666667,63.25,2.571428571,2.875,1.6,1.4,2.0,0.4,1.2,0.8,0.4,0,0,0,1,0,Sweden,Albania,25-03-2024,Friendly,0.0,0.0
1710.54551,1946.803099,-236.2575889,78.5,83,77.8,78.0,76.92857143,65.35714286,69.5,81.28571429,88,81.0,81.1,75.38461538,65.07692308,70.76923077,-2.785714286,-3.2,-3.1,1.6,1.0,0.6,2.0,0.8,0.6,1,0,0,2,1,Ivory Coast,Uruguay,26-03-2024,Friendly,0.0,0.1
1977.525821,1990.019592,-12.49377038,84.64285714,89,83.8,85.14285714,70.61538462,72.92307692,81.84615385,86.14285714,89,85.83333333,86.375,81.58333333,69.25,74.41666667,-1.5,-2.033333333,-1.232142857,1.8,0.6,0.8,0.6,1.2,0.2,0,0,0,3,3,Spain,Brazil,26-03-2024,Friendly,0.6,0.0
1544.955268,1806.423116,-261.4678473,62.0,62,62.0,62.0,73.0,33.0,47.0,76.07142857,87,76.625,75.16666667,74.0,69.23076923,69.46153846,-14.07142857,-14.625,-13.16666667,0.8,0.6,0.2,1.4,1.6,0.2,0,0,0,0,3,Thailand,South Korea,26-03-2024,World Cup and Asian Cup qual,0.0,0.1
1780.62604,1629.939496,150.6865445,77.35714286,86,78.57142857,77.0,71.0,67.5,74.14285714,67.71428571,74,68.125,67.16666667,72.92857143,54.64285714,56.57142857,9.642857143,10.44642857,9.833333333,2.0,1.2,0.4,0.8,0.4,0.2,0,0,0,3,3,Algeria,South Africa,26-03-2024,Friendly tournament,0.0,0.1
1836.380561,1785.816934,50.5636272,79.64285714,85,78.71428571,80.5,71.92857143,63.35714286,71.0,78.35714286,85,78.66666667,77.88888889,73.58333333,63.41666667,70.75,1.285714286,0.047619048,2.611111111,1.8,0.6,0.8,1.8,0.8,0.6,0,0,0,6,1,Austria,Turkey,26-03-2024,Friendly,0.0,0.0
1646.875977,1092.671131,554.2048459,71.0,71,71.0,71.0,82.0,65.0,63.0,63.0,63,63.0,63.0,82.0,55.0,57.0,8.0,8.0,8.0,2.0,1.0,0.8,0.4,2.6,0.2,0,0,0,7,0,Jordan,Pakistan,26-03-2024,World Cup and Asian Cup qual,0.2,0.0
1664.188943,1803.296635,-139.1076915,73.64285714,76,74.5,73.61538462,63.0,52.2,62.3,79.78571429,87,77.0,80.25,71.7,63.0,71.3,-6.142857143,-2.5,-6.634615385,1.0,0.8,0.2,1.0,1.2,0.0,0,0,0,0,1,Ireland,Switzerland,26-03-2024,Friendly,0.0,0.0
1822.238168,1502.29521,319.9429579,79.28571429,85,79.0,80.71428571,70.84615385,65.92307692,72.0,65.33333333,66,64.0,66.0,71.5,52.5,52.0,13.95238095,15.0,14.71428571,1.2,0.6,0.6,0.6,1.4,0.2,0,0,0,0,0,Morocco,Mauritania,26-03-2024,Friendly,0.5,0.0
1599.409429,1730.851462,-131.4420336,68.0,75,68.625,67.55555556,67.75,59.91666667,64.33333333,72.28571429,81,71.5,72.09090909,71.76923077,61.0,65.53846154,-4.285714286,-2.875,-4.535353535,0.4,1.4,0.0,0.6,0.4,0.2,1,0,0,0,0,New Zealand,Tunisia,26-03-2024,Friendly tournament,0.1,0.0
1758.365349,1670.518912,87.84643744,77.78571429,91,81.4,75.875,76.14285714,66.28571429,70.28571429,76.21428571,84,74.25,77.1,72.41666667,60.41666667,65.91666667,1.571428571,7.15,-1.225,2.0,1.2,0.4,1.8,1.6,0.6,0,0,0,1,1,Norway,Slovakia,26-03-2024,Friendly,0.0,0.0
1775.56297,1550.124397,225.438573,76.92857143,86,75.16666667,77.45454545,75.15384615,66.69230769,72.53846154,70.92857143,75,69.0,71.09090909,58.23076923,53.30769231,63.84615385,6.0,6.166666667,6.363636364,1.2,3.0,0.0,1.2,1.2,0.4,0,0,0,0,1,Scotland,Northern Ireland,26-03-2024,Friendly,0.0,0.0
1790.762895,1459.339807,331.4230876,78.5,86,79.16666667,78.42857143,76.69230769,66.61538462,65.84615385,67.5,73,67.75,66.57142857,64.8,51.2,56.5,11.0,11.41666667,11.85714286,2.4,0.4,0.8,1.0,1.4,0.0,1,0,0,1,0,Senegal,Benin,26-03-2024,Friendly,0.1,0.0
1885.172525,1970.548202,-85.37567751,85.57142857,89,84.6,86.11111111,71.45454545,74.36363636,80.54545455,83.21428571,89,82.14285714,83.77777778,78.92307692,65.15384615,73.46153846,2.357142857,2.457142857,2.333333333,1.8,1.6,0.4,2.6,0.4,0.8,0,0,0,2,1,Germany,Netherlands,26-03-2024,Friendly,0.1,0.1
1998.915026,1734.478733,264.4362924,86.14285714,91,87.5,85.33333333,84.92307692,73.07692308,77.0,74.78571429,81,74.75,74.54545455,70.09090909,58.18181818,66.0,11.35714286,12.75,10.78787879,4.4,1.2,0.6,1.0,0.8,0.4,0,0,0,3,2,France,Chile,26-03-2024,Friendly,0.6,0.0
1977.717004,1964.803612,12.91339217,85.28571429,90,85.625,84.71428571,77.0,72.07692308,80.07692308,82.64285714,91,83.83333333,82.0,69.4,75.6,78.2,2.642857143,1.791666667,2.714285714,1.4,0.6,0.6,2.0,0.6,0.6,0,0,0,2,2,England,Belgium,26-03-2024,Friendly,0.25,0.0
1742.865788,1893.279005,-150.4132173,70.84615385,89,69.11111111,74.75,67.61538462,61.38461538,62.69230769,80.57142857,87,79.5,80.33333333,69.38461538,66.30769231,76.38461538,-9.725274725,-10.38888889,-5.583333333,1.6,1.4,0.2,0.8,0.6,0.4,0,0,0,2,4,Egypt,Croatia,26-03-2024,Friendly tournament,0.2,0.2
1771.945931,1523.096955,248.8489765,77.21428571,83,78.0,76.77777778,72.72727273,71.09090909,71.36363636,67.66666667,81,69.125,64.33333333,73.5,57.58333333,61.25,9.547619048,8.875,12.44444444,1.4,1.0,0.6,0.4,1.6,0.0,0,0,0,2,1,Czech Republic,Armenia,26-03-2024,Friendly,0.0,0.0
1991.419043,1697.382991,294.036052,78.42857143,84,79.0,77.875,77.0,68.0,68.84615385,73.0,77,72.88888889,73.2,75.36363636,69.18181818,71.45454545,5.428571429,6.111111111,4.675,1.6,0.6,1.0,1.6,0.4,0.6,1,0,0,3,2,Colombia,Romania,26-03-2024,Friendly,0.25,0.0
1807.229966,1423.616666,383.6133,72.85714286,78,71.75,72.83333333,71.07692308,60.15384615,62.92307692,62.0,62,62.0,62.0,67.0,60.0,50.0,10.85714286,9.75,10.83333333,1.8,0.6,0.6,0.2,1.6,0.0,0,0,0,5,0,Australia,Lebanon,26-03-2024,World Cup and Asian Cup qual,0.0,0.0
2073.596038,1681.353031,392.2430074,84.14285714,90,85.0,83.11111111,73.61538462,71.23076923,77.69230769,70.07142857,85,68.0,73.33333333,69.46153846,54.38461538,56.30769231,14.07142857,17.0,9.777777778,1.4,0.4,0.8,1.4,2.2,0.4,1,0,0,3,1,Argentina,Costa Rica,26-03-2024,Friendly,1.0,0.0
1732.548372,1976.684687,-244.1363143,74.71428571,88,73.2,76.0,67.58333333,62.0,67.41666667,84.71428571,89,85.0,84.0,76.25,73.75,78.5,-10.0,-11.8,-8.0,1.4,1.0,0.6,3.4,0.8,1.0,0,0,0,2,0,Slovenia,Portugal,26-03-2024,Friendly,0.0,0.3
1741.858261,1295.975574,445.8826863,66.6,72,67.0,65.25,68.8,53.2,57.2,62.25,69,59.5,63.66666667,64.25,36.75,41.5,4.35,7.5,1.583333333,1.8,0.6,0.6,0.2,2.2,0.0,0,0,0,3,0,Uzbekistan,Hong Kong,26-03-2024,World Cup and Asian Cup qual,0.0,0.0
1366.392658,1867.828331,-501.435673,63.0,63,63.0,63.0,76.0,61.0,56.0,70.85714286,82,72.5,68.85714286,72.07142857,61.21428571,64.0,-7.857142857,-9.5,-5.857142857,0.8,2.6,0.0,2.4,1.2,0.6,0,0,0,0,1,Turkmenistan,Iran,26-03-2024,World Cup and Asian Cup qual,0.0,0.1
1491.791573,1669.998196,-178.206623,61.0,61,61.0,61.0,69.0,40.0,55.0,71.92857143,77,71.5,71.9,75.92307692,54.84615385,62.30769231,-10.92857143,-10.5,-10.9,0.6,1.0,0.2,1.2,0.4,0.6,0,0,0,1,1,Tajikistan,Saudi Arabia,26-03-2024,World Cup and Asian Cup qual,0.0,0.0
1307.481701,1715.449989,-407.9682884,66.4,70,67.5,65.5,80.0,53.0,59.0,63.38461538,69,63.5,66.0,66.53846154,53.23076923,55.0,3.015384615,4.0,-0.5,0.4,1.0,0.2,2.2,1.4,0.8,0,0,0,0,5,Philippines,Iraq,26-03-2024,World Cup and Asian Cup qual,0.0,0.0
1483.255272,1719.116633,-235.8613609,66.0,71,66.0,66.0,60.0,38.5,53.5,69.07142857,76,71.25,68.2,70.92307692,55.84615385,62.61538462,-3.071428571,-5.25,-2.2,1.0,1.8,0.2,2.4,1.0,0.8,0,0,0,1,2,Kuwait,Qatar,26-03-2024,World Cup and Asian Cup qual,0.0,0.3
1589.695625,1441.440642,148.2549827,77.14285714,85,76.5,77.625,78.28571429,59.35714286,65.78571429,61.0,69,58.0,61.0,72.5,41.5,52.5,16.14285714,18.5,16.625,1.2,1.6,0.0,0.8,1.8,0.4,1,0,0,2,2,Ghana,Uganda,26-03-2024,Friendly,0.0,0.0
1207.153916,1500.719968,-293.566052,68.0,68,68.0,68.0,86.0,61.0,61.0,67.0,73,67.5,66.5,72.5,57.0,61.0,1.0,0.5,1.5,0.8,1.0,0.3,2.0,1.6,0.4,0,0,0,0,2,Aruba,Curacao,26-03-2024,World Cup qualifier,0.0,0.0
1678.323673,1921.338747,-243.0150741,70.07142857,85,68.0,73.33333333,69.46153846,54.38461538,56.30769231,81.28571429,88,81.0,81.1,75.38461538,65.07692308,70.76923077,-11.21428571,-13.0,-7.766666667,1.4,2.0,0.4,2.0,0.8,0.6,0,0,0,0,0,Costa Rica,Uruguay,31-05-2024,Friendly,0.0,0.1
1804.868821,1592.708184,212.1606366,78.78571429,81,78.55555556,79.2,75.61538462,70.76923077,71.46153846,68.64285714,74,68.6,69.14285714,68.83333333,56.41666667,60.33333333,10.14285714,9.955555556,10.05714286,1.4,1.4,0.4,1.0,1.4,0.4,1,0,0,1,0,Mexico,Bolivia,31-05-2024,Friendly,0.2,0.0
1977.122594,1578.146692,398.9759024,85.28571429,90,85.625,84.71428571,77.0,72.07692308,80.07692308,75.71428571,83,77.33333333,74.88888889,69.08333333,63.91666667,69.83333333,9.571428571,8.291666667,9.825396825,1.6,1.0,0.4,1.0,2.6,0.2,0,0,0,3,0,England,Bosnia and Herzegovina,03-06-2024,Friendly,0.25,0.0
1905.026949,1840.357951,64.66899846,85.57142857,89,84.6,86.11111111,71.45454545,74.36363636,80.54545455,76.85714286,82,76.625,76.625,75.0,66.16666667,72.83333333,8.714285714,7.975,9.486111111,1.6,1.6,0.4,1.8,0.6,0.8,0,0,0,0,0,Germany,Ukraine,03-06-2024,Friendly,0.1,0.0
1750.428491,1237.938252,512.4902384,76.92857143,86,75.16666667,77.45454545,75.15384615,66.69230769,72.53846154,58.0,58,58.0,58.0,65.0,44.5,46.5,18.92857143,17.16666667,19.45454545,1.2,2.8,0.0,0.0,5.2,0.0,1,0,0,2,0,Scotland,Gibraltar,03-06-2024,Friendly,0.0,0.0
1902.754812,1606.73654,296.0182712,80.57142857,87,79.5,80.33333333,69.38461538,66.30769231,76.38461538,71.64285714,80,72.0,71.11111111,69.69230769,62.0,62.53846154,8.928571429,7.5,9.222222222,1.6,0.8,0.6,1.4,1.8,0.2,0,0,0,3,0,Croatia,North Macedonia,03-06-2024,Friendly,0.2,0.0
1850.068321,1788.663851,61.40447007,79.64285714,85,78.71428571,80.5,71.92857143,63.35714286,71.0,80.0,86,80.8,78.75,62.41666667,72.66666667,73.66666667,-0.357142857,-2.085714286,1.75,2.6,0.2,1.0,1.2,1.6,0.4,0,0,0,2,1,Austria,Serbia,04-06-2024,Friendly,0.0,0.0
1945.754787,1772.129173,173.6256134,84.35714286,87,84.25,84.22222222,75.5,65.33333333,73.0,78.35714286,85,78.66666667,77.88888889,73.58333333,63.41666667,70.75,6.0,5.583333333,6.333333333,2.0,1.2,0.6,1.8,2.0,0.4,0,0,0,0,0,Italy,Turkey,04-06-2024,Friendly,0.0,0.0
1950.987621,1641.571555,309.4160654,84.71428571,89,85.0,84.0,76.25,73.75,78.5,72.5,81,72.0,72.71428571,66.33333333,64.41666667,65.91666667,12.21428571,13.0,11.28571429,2.8,0.8,0.8,2.0,1.6,0.6,0,0,0,4,2,Portugal,Finland,04-06-2024,Friendly,0.3,0.0
1813.212193,1474.305402,338.9067911,79.78571429,87,77.0,80.25,71.7,63.0,71.3,62.42857143,70,58.0,63.8,64.66666667,49.33333333,54.83333333,17.35714286,19.0,16.45,0.6,0.6,0.2,0.6,2.6,0.0,0,0,0,4,0,Switzerland,Estonia,04-06-2024,Friendly,0.0,0.0
1965.398022,1625.225622,340.1724,82.64285714,91,83.83333333,82.0,69.4,75.6,78.2,71.5,82,70.66666667,72.125,70.0,57.69230769,58.61538462,11.14285714,13.16666667,9.875,1.8,0.6,0.4,1.4,1.2,0.6,0,0,0,2,0,Belgium,Montenegro,05-06-2024,Friendly,0.0,0.0
1849.278324,1783.731798,65.54652532,79.5,84,77.0,80.18181818,67.41666667,62.33333333,71.83333333,77.07142857,81,77.625,76.0,72.30769231,66.46153846,72.23076923,2.428571429,-0.625,4.181818182,1.2,0.8,0.6,1.4,1.8,0.6,0,0,0,2,1,Denmark,Sweden,05-06-2024,Friendly,0.0,0.0
1725.071493,1569.973224,155.0982685,72.28571429,81,71.5,72.09090909,71.76923077,61.0,65.53846154,69.42857143,75,69.42857143,69.0,70.33333333,53.16666667,61.83333333,2.857142857,2.071428571,3.090909091,0.2,0.4,0.0,2.0,0.8,0.6,0,0,0,1,0,Tunisia,Equatorial Guinea,05-06-2024,World Cup qualifier,0.0,0.0
1754.403931,1569.342934,185.0609962,77.78571429,91,81.4,75.875,76.14285714,66.28571429,70.28571429,73.92857143,81,73.0,74.16666667,71.38461538,63.92307692,67.30769231,3.857142857,8.4,1.708333333,1.4,1.4,0.2,0.6,0.8,0.4,0,0,0,3,0,Norway,Kosovo,05-06-2024,Friendly,0.0,0.0
1978.100933,1256.989964,721.110969,84.64285714,89,83.8,85.14285714,70.61538462,72.92307692,81.84615385,66.0,66,66.0,66.0,72.92857143,62.57142857,66.42857143,18.64285714,17.8,19.14285714,2.0,1.2,0.6,0.2,1.8,0.0,0,0,0,5,0,Spain,Andorra,05-06-2024,Friendly,0.6,0.0
1911.674414,1812.155498,99.51891516,81.28571429,88,81.0,81.1,75.38461538,65.07692308,70.76923077,78.78571429,81,78.55555556,79.2,75.61538462,70.76923077,71.46153846,2.5,2.444444444,1.9,1.6,0.4,0.6,1.6,1.0,0.6,1,0,0,4,0,Uruguay,Mexico,05-06-2024,Friendly,0.1,0.2
2004.647352,1552.634252,452.0131,86.14285714,91,87.5,85.33333333,84.92307692,73.07692308,77.0,67.0,76,66.75,66.9,69.08333333,48.75,59.83333333,19.14285714,20.75,18.43333333,4.6,1.4,0.6,1.4,1.0,0.6,0,0,0,3,0,France,Luxembourg,05-06-2024,Friendly,0.6,0.0
1774.091356,1567.383887,206.7074686,77.35714286,86,78.57142857,77.0,71.0,67.5,74.14285714,72.85714286,78,73.0,72.8,67.64285714,63.42857143,63.28571429,4.5,5.571428571,4.2,1.8,1.8,0.2,2.6,1.2,0.6,0,0,0,1,2,Algeria,Guinea,06-06-2024,World Cup qualifier,0.0,0.0
1378.925514,1812.236289,-433.3107745,55.0,55,55.0,55.0,75.0,50.0,50.0,76.07142857,87,76.625,75.16666667,74.0,69.23076923,69.46153846,-21.07142857,-21.625,-20.16666667,1.0,2.8,0.2,1.4,1.0,0.4,0,0,0,0,7,Singapore,South Korea,06-06-2024,World Cup and Asian Cup qual,0.0,0.1
1744.140247,1378.38915,365.7510969,66.6,72,67.0,65.25,68.8,53.2,57.2,63.0,63,63.0,63.0,76.0,61.0,56.0,3.6,4.0,2.25,1.8,0.6,0.6,1.4,2.0,0.2,0,0,0,3,1,Uzbekistan,Turkmenistan,06-06-2024,World Cup and Asian Cup qual,0.0,0.0
1950.693778,1739.236052,211.4577257,83.21428571,89,82.14285714,83.77777778,78.92307692,65.15384615,73.46153846,73.92857143,83,75.33333333,73.54545455,73.0,61.66666667,65.58333333,9.285714286,6.80952381,10.23232323,2.6,0.4,0.8,1.8,2.0,0.4,0,0,0,4,0,Netherlands,Canada,06-06-2024,Friendly,0.1,0.175
1573.597061,1319.086956,254.5101048,66.0,72,64.0,66.33333333,77.0,51.83333333,59.5,65.0,67,63.0,65.0,73.0,45.33333333,55.66666667,1.0,1.0,1.333333333,1.6,1.6,0.2,0.8,1.4,0.2,0,0,0,2,1,Haiti,Saint Lucia,06-06-2024,World Cup qualifier,0.0,0.0
1725.850032,1408.35848,317.4915521,67.92857143,72,67.625,68.57142857,69.64285714,57.0,57.0,61.6,65,59.0,63.33333333,73.4,46.4,55.4,6.328571429,8.625,5.238095238,1.8,1.0,0.6,2.2,1.2,0.4,0,0,0,2,0,Panama,Guyana,06-06-2024,World Cup qualifier,0.15,0.0
1091.406045,1662.442722,-571.0366767,63.0,63,63.0,63.0,82.0,55.0,57.0,71.92857143,77,71.5,71.9,75.92307692,54.84615385,62.30769231,-8.928571429,-8.5,-8.9,0.4,4.0,0.2,1.0,0.4,0.4,0,0,0,0,3,Pakistan,Saudi Arabia,06-06-2024,World Cup and Asian Cup qual,0.0,0.0
1302.95296,1725.664151,-422.7111914,63.0,63,63.0,63.0,80.0,50.0,58.0,69.07142857,76,71.25,68.2,70.92307692,55.84615385,62.61538462,-6.071428571,-8.25,-5.2,0.8,2.6,0.4,2.4,1.0,0.8,1,0,0,0,0,Afghanistan,Qatar,06-06-2024,World Cup and Asian Cup qual,0.0,0.3
1794.898109,1561.487549,233.4105598,78.5,86,79.16666667,78.42857143,76.69230769,66.61538462,65.84615385,74.0,80,74.71428571,73.55555556,78.21428571,62.57142857,66.42857143,4.5,4.452380952,4.873015873,2.0,0.4,0.8,0.8,0.6,0.2,0,0,0,1,1,Senegal,democratic republic of congo,06-06-2024,World Cup qualifier,0.1,0.0
1705.534867,1583.254506,122.280362,76.21428571,80,74.75,76.72727273,75.78571429,61.78571429,68.28571429,77.14285714,85,76.5,77.625,78.28571429,59.35714286,65.78571429,-0.928571429,-1.75,-0.897727273,1.4,0.6,0.6,1.6,2.0,0.0,0,0,0,1,2,Mali,Ghana,06-06-2024,World Cup qualifier,0.0,0.0
1293.693588,1869.518737,-575.8251489,62.25,69,59.5,63.66666667,64.25,36.75,41.5,70.85714286,82,72.5,68.85714286,72.07142857,61.21428571,64.0,-8.607142857,-13.0,-5.19047619,0.2,2.4,0.0,2.2,1.0,0.6,0,0,0,2,4,Hong Kong,Iran,06-06-2024,World Cup and Asian Cup qual,0.0,0.1
1489.118709,1718.240028,-229.121319,60.66666667,64,60.66666667,62.0,67.0,42.33333333,50.66666667,63.38461538,69,63.5,66.0,66.53846154,53.23076923,55.0,-2.717948718,-2.833333333,-4.0,1.0,1.4,0.4,2.6,1.2,0.8,0,0,0,0,2,Indonesia,Iraq,06-06-2024,World Cup and Asian Cup qual,0.0,0.0
1648.141062,1499.347046,148.7940157,71.0,71,71.0,71.0,82.0,65.0,63.0,61.0,61,61.0,61.0,69.0,40.0,55.0,10.0,10.0,10.0,2.8,0.6,0.8,0.8,1.0,0.2,0,0,0,3,0,Jordan,Tajikistan,06-06-2024,World Cup and Asian Cup qual,0.2,0.0
1733.389981,1594.20739,139.1825911,70.84615385,89,69.11111111,74.75,67.61538462,61.38461538,62.69230769,70.5,81,71.2,70.85714286,75.46153846,54.53846154,60.07692308,0.346153846,-2.088888889,3.892857143,1.6,1.8,0.2,1.0,1.8,0.0,0,0,0,2,1,Egypt,Burkina Faso,06-06-2024,World Cup qualifier,0.2,0.0
1810.617229,1557.571845,253.0453835,79.28571429,85,79.0,80.71428571,70.84615385,65.92307692,72.0,67.625,75,70.16666667,62.33333333,84.75,57.875,53.875,11.66071429,8.833333333,18.38095238,0.6,0.6,0.4,1.2,1.2,0.2,0,0,0,2,1,Morocco,Zambia,07-06-2024,World Cup qualifier,0.5,0.0
1736.009862,1536.379606,199.6302559,78.5,83,77.8,78.0,76.92857143,65.35714286,69.5,68.92857143,80,69.0,68.22222222,72.07142857,58.78571429,60.92857143,9.571428571,8.8,9.777777778,1.8,1.0,0.8,1.2,1.4,0.4,0,0,0,1,0,Ivory Coast,Gabon,07-06-2024,World Cup qualifier,0.0,0.0
1778.112684,1418.651006,359.4616777,77.21428571,83,78.0,76.77777778,72.72727273,71.09090909,71.36363636,67.6,79,71.5,67.6,67.4,54.6,59.8,9.614285714,6.5,9.177777778,1.8,0.6,0.8,0.6,2.2,0.0,1,0,0,7,1,Czech Republic,Malta,07-06-2024,Friendly,0.0,0.0
1653.808742,1636.47418,17.33456234,78.0,88,78.6,76.66666667,79.5,70.28571429,64.5,67.71428571,74,68.125,67.16666667,72.92857143,54.64285714,56.57142857,10.28571429,10.475,9.5,1.0,1.2,0.4,1.0,1.0,0.0,0,0,0,1,1,Nigeria,South Africa,07-06-2024,World Cup qualifier,0.0,0.1
1774.409764,1703.274293,71.13547055,73.92857143,78,74.0,74.0,68.58333333,66.33333333,66.5,75.57142857,81,76.5,74.4,75.5,65.0,67.14285714,-1.642857143,-2.5,-0.4,1.4,1.2,0.4,0.2,0.6,0.2,0,0,0,0,0,Peru,Paraguay,07-06-2024,Friendly,0.0,0.0
1752.019861,1636.958366,115.0614952,76.92857143,86,75.16666667,77.45454545,75.15384615,66.69230769,72.53846154,72.5,81,72.0,72.71428571,66.33333333,64.41666667,65.91666667,4.428571429,3.166666667,4.74025974,1.4,2.0,0.2,2.2,2.0,0.6,0,0,0,2,2,Scotland,Finland,07-06-2024,Friendly,0.0,0.0
1980.047313,1596.482405,383.5649079,85.28571429,90,85.625,84.71428571,77.0,72.07692308,80.07692308,71.92857143,76,71.55555556,72.6,70.30769231,63.76923077,66.38461538,13.35714286,14.06944444,12.11428571,1.6,0.8,0.4,1.6,1.0,0.6,0,0,0,0,1,England,Iceland,07-06-2024,Friendly,0.25,0.0
1902.082754,1733.331031,168.7517231,85.57142857,89,84.6,86.11111111,71.45454545,74.36363636,80.54545455,75.64285714,81,75.5,75.75,74.0,64.91666667,66.08333333,9.928571429,9.1,10.36111111,1.2,1.2,0.4,1.8,0.6,0.4,0,0,0,2,1,Germany,Greece,07-06-2024,Friendly,0.1,0.0
1770.715018,1775.462552,-4.747533928,77.07142857,81,77.625,76.0,72.30769231,66.46153846,72.23076923,80.0,86,80.8,78.75,62.41666667,72.66666667,73.66666667,-2.928571429,-3.175,-2.75,1.6,1.6,0.6,0.8,1.8,0.2,0,0,0,0,3,Sweden,Serbia,08-06-2024,Friendly,0.0,0.0
1989.44448,1800.617154,188.8273258,86.14285714,89,85.83333333,86.375,81.58333333,69.25,74.41666667,78.78571429,81,78.55555556,79.2,75.61538462,70.76923077,71.46153846,7.357142857,7.277777778,7.175,1.0,1.6,0.2,1.2,1.8,0.4,1,0,0,3,2,Brazil,Mexico,08-06-2024,Friendly,0.0,0.2
1862.295104,1762.605484,99.68961948,79.5,84,77.0,80.18181818,67.41666667,62.33333333,71.83333333,77.78571429,91,81.4,75.875,76.14285714,66.28571429,70.28571429,1.714285714,-4.4,4.306818182,1.2,0.8,0.6,2.0,1.2,0.4,0,0,0,3,1,Denmark,Norway,08-06-2024,Friendly,0.0,0.0
1978.597053,1575.258877,403.3381759,84.64285714,89,83.8,85.14285714,70.61538462,72.92307692,81.84615385,70.92857143,75,69.0,71.09090909,58.23076923,53.30769231,63.84615385,13.71428571,14.8,14.05194805,2.8,1.2,0.6,0.8,1.2,0.4,0,0,0,5,1,Spain,Northern Ireland,08-06-2024,Friendly,0.6,0.0
1969.355241,1550.425931,418.9293102,82.64285714,91,83.83333333,82.0,69.4,75.6,78.2,67.0,76,66.75,66.9,69.08333333,48.75,59.83333333,15.64285714,17.08333333,15.1,2.0,0.4,0.6,1.4,1.4,0.6,0,0,0,3,0,Belgium,Luxembourg,08-06-2024,Friendly,0.0,0.0
1817.194747,1863.26962,-46.07487358,79.78571429,87,77.0,80.25,71.7,63.0,71.3,79.64285714,85,78.71428571,80.5,71.92857143,63.35714286,71.0,0.142857143,-1.714285714,-0.25,1.2,0.4,0.4,2.8,0.4,1.0,0,0,0,1,1,Switzerland,Austria,08-06-2024,Friendly,0.0,0.0
1656.1397,1644.96679,11.17291,77.07142857,85,76.28571429,77.85714286,70.15384615,62.61538462,64.07692308,69.5,75,69.8,68.5,74.2,57.8,62.3,7.571429,6.485714,9.357143,1.0,2.0,0.0,1.6,0.6,0.6,0,0,0,4,1,Cameroon,Cape Verde,08-06-2024,World Cup qualifier,0.0,0.0
1955.60081,1907.68093,47.91987998,84.71428571,89,85.0,84.0,76.25,73.75,78.5,80.57142857,87,79.5,80.33333333,69.38461538,66.30769231,76.38461538,4.142857143,5.5,3.666666667,2.6,1.2,0.8,2.0,0.4,0.8,0,0,0,1,2,Portugal,Croatia,08-06-2024,Friendly,0.3,0.2
1841.945611,1996.392906,-154.4472952,76.64285714,79,76.85714286,76.375,75.46153846,60.0,67.46153846,78.42857143,84,79.0,77.875,77.0,68.0,68.84615385,-1.785714286,-2.142857143,-1.5,1.8,0.8,0.6,1.8,0.8,1.0,0,0,0,1,5,United States,Colombia,08-06-2024,Friendly,0.075,0.25
2006.855673,1731.92658,274.9290931,86.14285714,91,87.5,85.33333333,84.92307692,73.07692308,77.0,73.92857143,83,75.33333333,73.54545455,73.0,61.66666667,65.58333333,12.21428571,12.16666667,11.78787879,4.4,1.2,0.6,1.4,2.4,0.4,0,0,0,0,0,France,Canada,09-06-2024,Friendly,0.6,0.175
1730.282706,1328.375146,401.9075596,67.92857143,72,67.625,68.57142857,69.64285714,57.0,57.0,63.0,65,63.0,63.0,62.5,38.5,51.0,4.928571429,4.625,5.571428571,1.6,1.2,0.6,1.6,2.6,0.4,1,0,0,3,1,Panama,Montserrat,09-06-2024,World Cup qualifier,0.15,0.0
1325.494965,1733.162887,-407.6679215,63.0,65,63.0,63.0,62.5,38.5,51.0,67.92857143,72,67.625,68.57142857,69.64285714,57.0,57.0,-4.928571429,-4.625,-5.571428571,1.6,2.6,0.4,1.6,1.2,0.6,0,0,0,1,3,Montserrat,Panama,09-06-2024,World Cup qualifier,0.0,0.15
1212.359541,1585.279239,-372.9196984,54.0,54,54.0,54.0,58.0,49.0,52.0,66.0,72,64.0,66.33333333,77.0,51.83333333,59.5,-12.0,-10.0,-12.33333333,1.0,4.4,0.0,1.6,1.4,0.4,0,0,0,1,3,Barbados,Haiti,09-06-2024,World Cup qualifier,0.0,0.0
2076.625397,1855.464506,221.1608909,84.14285714,90,85.0,83.11111111,73.61538462,71.23076923,77.69230769,75.42857143,80,75.66666667,75.36363636,75.2,55.9,68.7,8.714285714,9.333333333,7.747474747,1.8,0.6,0.8,0.6,0.4,0.4,1,0,0,1,0,Argentina,Ecuador,09-06-2024,Friendly,1.0,0.0
1570.866253,1510.049155,60.81709754,74.0,80,74.71428571,73.55555556,78.21428571,62.57142857,66.42857143,68.38461538,78,69.28571429,67.5,74.15384615,54.92307692,56.30769231,5.615384615,5.428571429,6.055555556,1.0,0.8,0.2,0.8,1.2,0.2,0,0,0,1,0,democratic republic of congo,Togo,09-06-2024,World Cup qualifier,0.0,0.0
1938.364251,1575.221973,363.1422783,84.35714286,87,84.25,84.22222222,75.5,65.33333333,73.0,75.71428571,83,77.33333333,74.88888889,69.08333333,63.91666667,69.83333333,8.642857143,6.916666667,9.333333333,1.8,0.6,0.6,0.6,3.2,0.0,0,0,0,1,0,Italy,Bosnia and Herzegovina,09-06-2024,Friendly,0.0,0.0
1474.31722,1734.368413,-260.0511926,64.0,64,64.0,64.0,74.0,66.0,62.0,72.28571429,81,71.5,72.09090909,71.76923077,61.0,65.53846154,-8.285714286,-7.5,-8.090909091,0.4,1.8,0.0,0.4,0.2,0.2,1,0,0,0,0,Namibia,Tunisia,09-06-2024,World Cup qualifier,0.0,0.0
1493.620536,1785.519405,-291.898869,65.33333333,66,64.0,66.0,71.5,52.5,52.0,78.5,86,79.16666667,78.42857143,76.69230769,66.61538462,65.84615385,-13.16666667,-15.16666667,-12.42857143,0.2,1.0,0.2,1.6,0.4,0.6,0,0,0,0,1,Mauritania,Senegal,09-06-2024,World Cup qualifier,0.0,0.1
1794.758085,1779.519709,15.23837615,79.42857143,90,80.57142857,78.33333333,79.75,73.25,74.625,78.35714286,85,78.66666667,77.88888889,73.58333333,63.41666667,70.75,1.071428571,1.904761905,0.444444444,2.2,0.6,0.6,1.0,2.0,0.2,0,0,0,2,1,Poland,Turkey,10-06-2024,Friendly,0.0,0.0
1958.003251,1625.31324,332.6900113,83.21428571,89,82.14285714,83.77777778,78.92307692,65.15384615,73.46153846,71.92857143,76,71.55555556,72.6,70.30769231,63.76923077,66.38461538,11.28571429,10.58730159,11.17777778,3.2,0.4,0.8,1.8,0.6,0.8,0,0,0,4,0,Netherlands,Iceland,10-06-2024,Friendly,0.1,0.0
1781.700649,1601.810422,179.8902267,77.21428571,83,78.0,76.77777778,72.72727273,71.09090909,71.36363636,71.64285714,80,72.0,71.11111111,69.69230769,62.0,62.53846154,5.571428571,6.0,5.666666667,3.0,0.8,0.8,0.8,2.2,0.0,0,0,0,2,1,Czech Republic,North Macedonia,10-06-2024,Friendly,0.0,0.0
1604.664182,1414.14013,190.5240523,77.14285714,85,76.5,77.625,78.28571429,59.35714286,65.78571429,65.75,81,65.33333333,68.25,70.5,59.5,53.5,11.39285714,11.16666667,9.375,1.8,1.8,0.2,2.8,1.0,0.6,0,0,0,4,3,Ghana,Central African Republic,10-06-2024,World Cup qualifier,0.0,0.0
1464.513404,1749.556192,-285.0427882,61.0,69,58.0,61.0,72.5,41.5,52.5,77.35714286,86,78.57142857,77.0,71.0,67.5,74.14285714,-16.35714286,-20.57142857,-16.0,1.2,1.2,0.6,1.8,2.0,0.2,0,0,0,1,2,Uganda,Algeria,10-06-2024,World Cup qualifier,0.0,0.0
1625.609733,1461.098364,164.511369,69.5,75,69.8,68.5,74.2,57.8,62.3,72.5,81,70.0,73.33333333,72.0,62.75,64.75,-3.0,-0.2,-4.833333,1.4,1.2,0.4,0.0,2.0,0.0,0,0,0,1,0,Cape Verde,Libya,11-06-2024,World Cup qualifier,0.0,0.0
1637.271804,1424.239623,213.0321814,67.71428571,74,68.125,67.16666667,72.92857143,54.64285714,56.57142857,67.30769231,77,67.22222222,69.33333333,70.84615385,55.84615385,56.15384615,0.406593407,0.902777778,-2.166666667,1.2,1.2,0.0,0.8,1.6,0.0,0,0,0,3,1,South Africa,Zimbabwe,11-06-2024,World Cup qualifier,0.1,0.0
1663.595189,1657.679156,5.916033781,71.92857143,77,71.5,71.9,75.92307692,54.84615385,62.30769231,71.0,71,71.0,71.0,82.0,65.0,63.0,0.928571429,0.5,0.9,1.2,0.4,0.4,3.2,0.6,0.8,0,0,0,1,2,Saudi Arabia,Jordan,11-06-2024,World Cup and Asian Cup qual,0.0,0.2
1814.676484,1525.427612,289.248872,76.07142857,87,76.625,75.16666667,74.0,69.23076923,69.46153846,71.07142857,76,71.5,70.66666667,79.25,61.25,63.75,5.0,5.125,4.5,2.6,0.8,0.6,1.4,1.0,0.2,0,0,0,1,0,South Korea,China,11-06-2024,World Cup and Asian Cup qual,0.1,0.0
1728.746407,1706.505182,22.24122537,74.78571429,81,74.75,74.54545455,70.09090909,58.18181818,66.0,75.57142857,81,76.5,74.4,75.5,65.0,67.14285714,-0.785714286,-1.75,0.145454545,1.0,1.4,0.2,0.2,0.4,0.2,0,0,0,3,0,Chile,Paraguay,11-06-2024,Friendly,0.0,0.0
1712.245489,1414.561281,297.6842086,69.07142857,76,71.25,68.2,70.92307692,55.84615385,62.61538462,62.28571429,66,62.8,62.0,72.5,44.0,51.16666667,6.785714286,8.45,6.2,2.2,0.8,0.8,0.2,1.2,0.0,0,0,0,2,1,Qatar,India,11-06-2024,World Cup and Asian Cup qual,0.3,0.0
1937.407906,1678.057256,259.3506502,84.71428571,89,85.0,84.0,76.25,73.75,78.5,73.64285714,76,74.5,73.61538462,63.0,52.2,62.3,11.07142857,10.5,10.38461538,2.4,1.6,0.6,0.6,0.8,0.2,0,0,0,3,0,Portugal,Ireland,11-06-2024,Friendly,0.3,0.0
1816.664615,1404.779736,411.8848781,79.28571429,85,79.0,80.71428571,70.84615385,65.92307692,72.0,65.28571429,72,64.125,65.8,72.42857143,56.71428571,56.0,14.0,14.875,14.91428571,0.8,0.6,0.6,1.2,1.8,0.2,0,0,0,6,0,Morocco,Congo,11-06-2024,World Cup qualifier,0.5,0.0
1870.64097,1747.614485,123.026485,70.85714286,82,72.5,68.85714286,72.07142857,61.21428571,64.0,66.6,72,67.0,65.25,68.8,53.2,57.2,4.257142857,5.5,3.607142857,2.8,1.2,0.8,2.2,0.6,0.8,0,0,0,0,0,Iran,Uzbekistan,11-06-2024,World Cup and Asian Cup qual,0.1,0.0
1811.318369,1508.475862,302.8425077,72.85714286,78,71.75,72.83333333,71.07692308,60.15384615,62.92307692,68.5,73,73.0,64.0,66.5,55.0,51.0,4.357142857,-1.25,8.833333333,2.8,0.4,0.8,2.0,0.4,0.6,0,0,0,5,0,Australia,Palestine,11-06-2024,World Cup and Asian Cup qual,0.0,0.0
1724.991921,1475.136474,249.8554467,63.38461538,69,63.5,66.0,66.53846154,53.23076923,55.0,66.0,66,66.0,66.0,86.0,58.0,60.0,-2.615384615,-2.5,0.0,2.6,1.0,0.8,1.0,2.0,0.2,0,0,0,3,1,Iraq,Vietnam,11-06-2024,World Cup and Asian Cup qual,0.0,0.0
1743.710399,1519.618889,224.0915103,78.5,83,77.8,78.0,76.92857143,65.35714286,69.5,64.55555556,74,62.75,65.71428571,71.55555556,45.55555556,53.66666667,13.94444444,15.05,12.28571429,1.6,0.8,0.8,2.8,0.8,0.6,1,0,0,0,0,Ivory Coast,Kenya,11-06-2024,World Cup qualifier,0.0,0.0
1896.430804,1498.935366,397.4954381,78.0,81,78.33333333,77.5,78.07692308,65.76923077,72.30769231,63.0,65,65.0,62.0,71.5,51.75,56.0,15.0,13.33333333,15.5,2.6,0.8,0.8,2.0,0.6,0.4,0,0,0,5,0,Japan,Syria,11-06-2024,World Cup and Asian Cup qual,0.0,0.0
1848.465264,1585.421507,263.0437574,75.42857143,80,75.66666667,75.36363636,75.2,55.9,68.7,68.64285714,74,68.6,69.14285714,68.83333333,56.41666667,60.33333333,6.785714286,7.066666667,6.220779221,0.6,0.6,0.4,1.0,1.4,0.4,1,0,0,3,1,Ecuador,Bolivia,12-06-2024,Friendly,0.0,0.0
1832.623954,1997.514492,-164.8905376,76.64285714,79,76.85714286,76.375,75.46153846,60.0,67.46153846,86.14285714,89,85.83333333,86.375,81.58333333,69.25,74.41666667,-9.5,-8.976190476,-10.0,1.4,1.8,0.4,1.6,1.6,0.4,0,0,0,1,1,United States,Brazil,12-06-2024,Friendly,0.075,0.0
1910.869921,1746.906662,163.9632585,85.57142857,89,84.6,86.11111111,71.45454545,74.36363636,80.54545455,76.92857143,86,75.16666667,77.45454545,75.15384615,66.69230769,72.53846154,8.642857143,9.433333333,8.656565657,1.2,0.8,0.6,1.4,2.0,0.2,0,0,0,5,1,Germany,Scotland,14-06-2024,European Championship,0.1,0.0
2083.624638,1579.286958,504.3376798,84.14285714,90,85.0,83.11111111,73.61538462,71.23076923,77.69230769,64.2,68,63.66666667,65.0,68.2,53.2,55.0,19.94285714,21.33333333,18.11111111,1.6,0.6,0.8,2.0,0.6,0.4,1,0,0,4,1,Argentina,Guatemala,14-06-2024,Friendly,1.0,0.0
1981.455722,1925.873834,55.58188766,84.64285714,89,83.8,85.14285714,70.61538462,72.92307692,81.84615385,80.57142857,87,79.5,80.33333333,69.38461538,66.30769231,76.38461538,4.071428571,4.3,4.80952381,3.2,1.2,0.6,2.0,0.6,0.8,1,0,0,3,0,Spain,Croatia,15-06-2024,European Championship,0.6,0.2
1819.304221,1822.178266,-2.874045165,79.78571429,87,77.0,80.25,71.7,63.0,71.3,75.85714286,84,75.33333333,76.25,70.58333333,61.66666667,65.33333333,3.928571429,1.666666667,4.0,1.2,0.4,0.4,2.0,0.6,0.8,1,0,0,3,1,Switzerland,Hungary,15-06-2024,European Championship,0.0,0.0
2005.714562,1579.651364,426.063198,78.42857143,84,79.0,77.875,77.0,68.0,68.84615385,68.64285714,74,68.6,69.14285714,68.83333333,56.41666667,60.33333333,9.785714286,10.4,8.732142857,2.6,1.0,1.0,0.8,2.0,0.2,1,0,0,3,0,Colombia,Bolivia,15-06-2024,Friendly,0.25,0.0
1962.112275,1810.056781,152.0554935,83.21428571,89,82.14285714,83.77777778,78.92307692,65.15384615,73.46153846,79.42857143,90,80.57142857,78.33333333,79.75,73.25,74.625,3.785714286,1.571428571,5.444444444,3.8,0.4,0.8,2.4,0.6,0.8,1,0,0,2,1,Netherlands,Poland,16-06-2024,European Championship,0.1,0.0
1951.216479,1791.243934,159.9725451,85.28571429,90,85.625,84.71428571,77.0,72.07692308,80.07692308,80.0,86,80.8,78.75,62.41666667,72.66666667,73.66666667,5.285714286,4.825,5.964285714,1.2,1.0,0.2,1.4,1.6,0.4,1,0,0,1,0,England,Serbia,16-06-2024,European Championship,0.25,0.0
1735.957332,1691.528031,44.42930101,67.92857143,72,67.625,68.57142857,69.64285714,57.0,57.0,75.57142857,81,76.5,74.4,75.5,65.0,67.14285714,-7.642857143,-8.875,-5.828571429,1.6,1.2,0.6,0.2,0.8,0.2,0,0,0,0,1,Panama,Paraguay,16-06-2024,Friendly,0.15,0.0
1854.235407,1583.746567,270.4888403,75.42857143,80,75.66666667,75.36363636,75.2,55.9,68.7,67.91666667,74,71.75,65.71428571,71.58333333,58.41666667,60.16666667,7.511904762,3.916666667,9.649350649,1.2,0.8,0.6,2.2,1.6,0.4,1,0,0,2,1,Ecuador,Honduras,16-06-2024,Friendly,0.0,0.0
1694.820033,1971.988716,-277.1686837,76.21428571,84,74.25,77.1,72.41666667,60.41666667,65.91666667,82.64285714,91,83.83333333,82.0,69.4,75.6,78.2,-6.428571429,-9.583333333,-4.9,2.2,0.8,0.6,2.4,0.4,0.6,1,0,0,1,0,Slovakia,Belgium,17-06-2024,European Championship,0.0,0.0
1996.309269,1861.160145,135.1491235,86.14285714,91,87.5,85.33333333,84.92307692,73.07692308,77.0,79.64285714,85,78.71428571,80.5,71.92857143,63.35714286,71.0,6.5,8.785714286,4.833333333,1.6,1.2,0.4,2.6,0.6,0.8,1,0,0,1,0,France,Austria,17-06-2024,European Championship,0.6,0.0
1943.279282,1790.085069,153.1942129,84.71428571,89,85.0,84.0,76.25,73.75,78.5,77.21428571,83,78.0,76.77777778,72.72727273,71.09090909,71.36363636,7.5,7.0,7.222222222,2.6,1.6,0.6,3.2,0.8,1.0,1,0,0,2,1,Portugal,Czech Republic,18-06-2024,European Championship,0.3,0.0
1764.221012,1695.979682,68.24133028,78.35714286,85,78.66666667,77.88888889,73.58333333,63.41666667,70.75,73.0,86,73.25,72.66666667,69.76923077,59.69230769,62.92307692,5.357142857,5.416666667,5.222222222,0.6,2.0,0.0,1.6,1.2,0.4,1,0,0,3,1,Turkey,Georgia,18-06-2024,European Championship,0.0,0.0
1631.22161,1912.41186,-281.1902499,74.5,78,74.75,74.4,71.0,56.91666667,63.25,80.57142857,87,79.5,80.33333333,69.38461538,66.30769231,76.38461538,-6.071428571,-4.75,-5.933333333,1.4,1.4,0.4,1.8,1.2,0.6,1,0,0,2,2,Albania,Croatia,19-06-2024,European Championship,0.0,0.2
1919.833877,1806.045915,113.7879625,85.57142857,89,84.6,86.11111111,71.45454545,74.36363636,80.54545455,75.85714286,84,75.33333333,76.25,70.58333333,61.66666667,65.33333333,9.714285714,9.266666667,9.861111111,2.2,0.6,0.8,1.6,1.0,0.6,0,0,0,2,0,Germany,Hungary,19-06-2024,European Championship,0.1,0.0
1737.942706,1835.436573,-97.49386726,76.92857143,86,75.16666667,77.45454545,75.15384615,66.69230769,72.53846154,79.78571429,87,77.0,80.25,71.7,63.0,71.3,-2.857142857,-1.833333333,-2.795454545,1.0,2.4,0.2,1.8,0.4,0.6,1,0,0,1,1,Scotland,Switzerland,19-06-2024,European Championship,0.0,0.0
1994.917696,1946.577298,48.34039796,84.64285714,89,83.8,85.14285714,70.61538462,72.92307692,81.84615385,84.35714286,87,84.25,84.22222222,75.5,65.33333333,73.0,0.285714286,-0.45,0.920634921,3.2,1.0,0.6,1.4,0.4,0.8,1,0,0,1,0,Spain,Italy,20-06-2024,European Championship,0.6,0.0
1868.599592,1960.329421,-91.7298293,79.5,84,77.0,80.18181818,67.41666667,62.33333333,71.83333333,85.28571429,90,85.625,84.71428571,77.0,72.07692308,80.07692308,-5.785714286,-8.625,-4.532467532,1.6,0.6,0.6,1.2,0.8,0.4,1,0,0,1,1,Denmark,England,20-06-2024,European Championship,0.0,0.25
2085.288495,1742.472984,342.8155116,84.14285714,90,85.0,83.11111111,73.61538462,71.23076923,77.69230769,73.92857143,83,75.33333333,73.54545455,73.0,61.66666667,65.58333333,10.21428571,9.666666667,9.565656566,2.4,0.4,1.0,1.2,1.6,0.4,1,0,0,2,0,Argentina,Canada,20-06-2024,Copa América,1.0,0.175
1851.087979,1800.643907,50.4440711,79.64285714,85,78.71428571,80.5,71.92857143,63.35714286,71.0,79.42857143,90,80.57142857,78.33333333,79.75,73.25,74.625,0.214285714,-1.857142857,2.166666667,2.2,0.8,0.6,2.2,1.0,0.6,1,0,0,3,1,Austria,Poland,21-06-2024,European Championship,0.0,0.0
2006.381436,1971.525149,34.8562869,86.14285714,91,87.5,85.33333333,84.92307692,73.07692308,77.0,83.21428571,89,82.14285714,83.77777778,78.92307692,65.15384615,73.46153846,2.928571429,5.357142857,1.555555556,1.4,0.8,0.6,3.0,0.6,0.8,1,0,0,0,0,France,Netherlands,21-06-2024,European Championship,0.6,0.1
1408.452897,1618.594967,-210.1420707,68.0,68,68.0,68.0,83.0,54.0,54.0,68.0,75,68.625,67.55555556,67.75,59.91666667,64.33333333,0.0,-0.625,0.444444444,1.0,2.8,0.2,0.8,0.8,0.2,0,0,0,0,4,Vanuatu,New Zealand,21-06-2024,Oceania Nations Cup,0.0,0.1
1780.715688,1683.082513,97.63317534,77.21428571,83,78.0,76.77777778,72.72727273,71.09090909,71.36363636,73.0,86,73.25,72.66666667,69.76923077,59.69230769,62.92307692,4.214285714,4.75,4.111111111,2.8,1.2,0.8,1.4,1.4,0.4,1,0,0,1,1,Czech Republic,Georgia,22-06-2024,European Championship,0.0,0.0
1792.547143,1683.009499,109.537644,78.78571429,81,78.55555556,79.2,75.61538462,70.76923077,71.46153846,73.85714286,79,72.81818182,76.0,77.92307692,67.76923077,64.07692308,4.928571429,5.737373737,3.2,1.2,1.8,0.4,1.2,1.0,0.6,1,0,0,1,0,Mexico,Jamaica,22-06-2024,Copa América,0.2,0.0
1751.981359,1859.805617,-107.824258,72.78571429,77,72.71428571,72.5,70.84615385,65.46153846,64.15384615,75.42857143,80,75.66666667,75.36363636,75.2,55.9,68.7,-2.642857143,-2.952380952,-2.863636364,0.4,0.8,0.0,1.4,1.0,0.6,1,0,0,2,1,Venezuela,Ecuador,22-06-2024,Copa América,0.0,0.0
1945.384234,1694.144165,251.2400687,82.64285714,91,83.83333333,82.0,69.4,75.6,78.2,73.0,77,72.88888889,73.2,75.36363636,69.18181818,71.45454545,9.642857143,10.94444444,8.8,1.4,0.6,0.4,1.2,0.8,0.2,1,0,0,2,0,Belgium,Romania,22-06-2024,European Championship,0.0,0.0
1952.648663,1777.118182,175.5304814,84.71428571,89,85.0,84.0,76.25,73.75,78.5,78.35714286,85,78.66666667,77.88888889,73.58333333,63.41666667,70.75,6.357142857,6.333333333,6.111111111,2.0,1.4,0.6,1.0,2.0,0.2,1,0,0,3,0,Portugal,Turkey,22-06-2024,European Championship,0.3,0.0
1795.106393,1742.318217,52.78817608,75.85714286,84,75.33333333,76.25,70.58333333,61.66666667,65.33333333,76.92857143,86,75.16666667,77.45454545,75.15384615,66.69230769,72.53846154,-1.071428571,0.166666667,-1.204545455,1.4,1.4,0.4,1.2,1.8,0.2,1,0,0,1,0,Hungary,Scotland,23-06-2024,European Championship,0.0,0.0
1930.773399,1831.061061,99.7123374,85.57142857,89,84.6,86.11111111,71.45454545,74.36363636,80.54545455,79.78571429,87,77.0,80.25,71.7,63.0,71.3,5.785714286,7.6,5.861111111,2.2,0.6,0.8,2.0,0.6,0.6,0,0,0,1,1,Germany,Switzerland,23-06-2024,European Championship,0.1,0.0
1839.694402,1577.115448,262.5789541,76.64285714,79,76.85714286,76.375,75.46153846,60.0,67.46153846,68.64285714,74,68.6,69.14285714,68.83333333,56.41666667,60.33333333,8.0,8.257142857,7.232142857,1.4,1.6,0.4,0.8,2.0,0.2,0,0,0,2,0,United States,Bolivia,23-06-2024,Copa América,0.075,0.0
1923.212758,1717.922368,205.2903901,81.28571429,88,81.0,81.1,75.38461538,65.07692308,70.76923077,67.92857143,72,67.625,68.57142857,69.64285714,57.0,57.0,13.35714286,13.375,12.52857143,2.0,0.4,0.6,1.6,0.8,0.6,1,0,0,3,1,Uruguay,Panama,23-06-2024,Copa América,0.1,0.15
1990.444044,1694.539767,295.9042767,86.14285714,89,85.83333333,86.375,81.58333333,69.25,74.41666667,70.07142857,85,68.0,73.33333333,69.46153846,54.38461538,56.30769231,16.07142857,17.83333333,13.04166667,1.6,1.4,0.4,2.2,0.8,0.6,1,0,0,0,0,Brazil,Costa Rica,24-06-2024,Copa América,0.0,0.0
2008.250479,1709.562996,298.687483,78.42857143,84,79.0,77.875,77.0,68.0,68.84615385,75.57142857,81,76.5,74.4,75.5,65.0,67.14285714,2.857142857,2.5,3.475,3.0,1.0,1.0,0.2,0.8,0.2,1,0,0,2,1,Colombia,Paraguay,24-06-2024,Copa América,0.25,0.0
1901.704327,1932.789201,-31.08487447,80.57142857,87,79.5,80.33333333,69.38461538,66.30769231,76.38461538,84.35714286,87,84.25,84.22222222,75.5,65.33333333,73.0,-3.785714286,-4.75,-3.888888889,2.2,1.6,0.6,1.0,0.4,0.6,1,0,0,1,1,Croatia,Italy,24-06-2024,European Championship,0.2,0.0
2008.705793,1641.929143,366.7766503,84.64285714,89,83.8,85.14285714,70.61538462,72.92307692,81.84615385,74.5,78,74.75,74.4,71.0,56.91666667,63.25,10.14285714,9.05,10.74285714,3.4,0.8,0.8,1.8,1.2,0.4,1,0,0,1,0,Spain,Albania,24-06-2024,European Championship,0.6,0.0
2089.193252,1745.214489,343.9787636,84.14285714,90,85.0,83.11111111,73.61538462,71.23076923,77.69230769,74.78571429,81,74.75,74.54545455,70.09090909,58.18181818,66.0,9.357142857,10.25,8.565656566,2.6,0.4,1.0,1.6,0.8,0.4,1,0,0,1,0,Argentina,Chile,25-06-2024,Copa América,1.0,0.0
1738.568227,1774.701979,-36.13375216,73.92857143,83,75.33333333,73.54545455,73.0,61.66666667,65.58333333,73.92857143,78,74.0,74.0,68.58333333,66.33333333,66.5,0.0,1.333333333,-0.454545455,0.8,1.8,0.2,1.4,0.2,0.6,1,0,0,1,0,Canada,Peru,25-06-2024,Copa América,0.175,0.0
1956.200598,1762.202405,193.9981933,85.28571429,90,85.625,84.71428571,77.0,72.07692308,80.07692308,74.71428571,88,73.2,76.0,67.58333333,62.0,67.41666667,10.57142857,12.425,8.714285714,1.4,0.8,0.4,1.4,0.8,0.4,1,0,0,0,0,England,Slovenia,25-06-2024,European Championship,0.25,0.0
2004.781608,1786.950756,217.8308522,86.14285714,91,87.5,85.33333333,84.92307692,73.07692308,77.0,79.42857143,90,80.57142857,78.33333333,79.75,73.25,74.625,6.714285714,6.928571429,7.0,1.4,0.4,0.6,1.4,1.4,0.4,1,0,0,1,1,France,Poland,25-06-2024,European Championship,0.6,0.0
1864.78113,1973.124976,-108.3438463,79.64285714,85,78.71428571,80.5,71.92857143,63.35714286,71.0,83.21428571,89,82.14285714,83.77777778,78.92307692,65.15384615,73.46153846,-3.571428571,-3.428571429,-3.277777778,2.4,1.0,0.6,2.2,0.6,0.6,1,0,0,3,2,Austria,Netherlands,25-06-2024,European Championship,0.0,0.1
1687.463959,1961.189296,-273.7253372,73.0,86,73.25,72.66666667,69.76923077,59.69230769,62.92307692,84.71428571,89,85.0,84.0,76.25,73.75,78.5,-11.71428571,-11.75,-11.33333333,1.4,1.0,0.4,2.6,1.0,0.8,1,0,0,2,0,Georgia,Portugal,26-06-2024,European Championship,0.0,0.3
1951.482753,1817.133113,134.34964,82.64285714,91,83.83333333,82.0,69.4,75.6,78.2,76.85714286,82,76.625,76.625,75.0,66.16666667,72.83333333,5.785714286,7.208333333,5.375,1.8,0.6,0.6,1.4,1.4,0.4,1,0,0,0,0,Belgium,Ukraine,26-06-2024,European Championship,0.0,0.0
1772.793347,1803.663494,-30.87014661,72.78571429,77,72.71428571,72.5,70.84615385,65.46153846,64.15384615,78.78571429,81,78.55555556,79.2,75.61538462,70.76923077,71.46153846,-6.0,-5.841269841,-6.7,0.8,1.0,0.2,0.8,1.8,0.4,1,0,0,1,0,Venezuela,Mexico,26-06-2024,Copa América,0.0,0.2
1838.993629,1671.893147,167.1004822,75.42857143,80,75.66666667,75.36363636,75.2,55.9,68.7,73.85714286,79,72.81818182,76.0,77.92307692,67.76923077,64.07692308,1.571428571,2.848484848,-0.636363636,1.2,1.4,0.4,1.2,1.2,0.6,1,0,0,3,1,Ecuador,Jamaica,26-06-2024,Copa América,0.0,0.0
1768.577548,1776.334242,-7.756693376,78.35714286,85,78.66666667,77.88888889,73.58333333,63.41666667,70.75,77.21428571,83,78.0,76.77777778,72.72727273,71.09090909,71.36363636,1.142857143,0.666666667,1.111111111,1.0,2.4,0.2,2.6,1.2,0.6,1,0,0,2,1,Turkey,Czech Republic,26-06-2024,European Championship,0.0,0.0
1644.530287,1497.002634,147.5276526,67.71428571,74,68.125,67.16666667,72.92857143,54.64285714,56.57142857,73.66666667,81,68.0,76.5,83.66666667,53.33333333,60.33333333,-5.952380952,0.125,-9.333333333,1.6,1.2,0.2,1.4,1.6,0.4,0,0,0,1,1,South Africa,Mozambique,26-06-2024,COSAFA Cup,0.1,0.0
1845.47721,1710.410741,135.0664689,76.64285714,79,76.85714286,76.375,75.46153846,60.0,67.46153846,67.92857143,72,67.625,68.57142857,69.64285714,57.0,57.0,8.714285714,9.232142857,7.803571429,1.8,1.4,0.6,1.8,1.2,0.6,0,0,0,1,2,United States,Panama,27-06-2024,Copa América,0.075,0.15
1930.724384,1571.33264,359.3917442,81.28571429,88,81.0,81.1,75.38461538,65.07692308,70.76923077,68.64285714,74,68.6,69.14285714,68.83333333,56.41666667,60.33333333,12.64285714,12.4,11.95714286,2.2,0.6,0.6,0.4,1.8,0.2,1,0,0,5,0,Uruguay,Bolivia,27-06-2024,Copa América,0.1,0.0
1979.372898,1704.700576,274.6723216,86.14285714,89,85.83333333,86.375,81.58333333,69.25,74.41666667,75.57142857,81,76.5,74.4,75.5,65.0,67.14285714,10.57142857,9.333333333,11.975,1.6,1.2,0.4,0.4,1.2,0.2,1,0,0,4,1,Brazil,Paraguay,28-06-2024,Copa América,0.0,0.0
2013.112898,1705.610913,307.5019849,78.42857143,84,79.0,77.875,77.0,68.0,68.84615385,70.07142857,85,68.0,73.33333333,69.46153846,54.38461538,56.30769231,8.357142857,11.0,4.541666667,2.8,0.8,1.0,1.6,0.6,0.4,1,0,0,3,0,Colombia,Costa Rica,28-06-2024,Copa América,0.25,0.0
2093.075111,1757.043932,336.0311791,84.14285714,90,85.0,83.11111111,73.61538462,71.23076923,77.69230769,73.92857143,78,74.0,74.0,68.58333333,66.33333333,66.5,10.21428571,11.0,9.111111111,2.2,0.4,1.0,1.0,0.4,0.4,1,0,0,2,0,Argentina,Peru,29-06-2024,Copa América,1.0,0.0
1835.530931,1931.361497,-95.83056672,79.78571429,87,77.0,80.25,71.7,63.0,71.3,84.35714286,87,84.25,84.22222222,75.5,65.33333333,73.0,-4.571428571,-7.25,-3.972222222,2.0,0.8,0.4,0.8,0.6,0.4,1,0,0,2,0,Switzerland,Italy,29-06-2024,European Championship,0.0,0.0
1926.303529,1868.606968,57.69656193,85.57142857,89,84.6,86.11111111,71.45454545,74.36363636,80.54545455,79.5,84,77.0,80.18181818,67.41666667,62.33333333,71.83333333,6.071428571,7.6,5.929292929,2.0,0.6,0.6,1.4,0.8,0.4,0,0,0,2,0,Germany,Denmark,29-06-2024,European Championship,0.1,0.0
1756.226274,1741.33263,14.8936436,73.92857143,83,75.33333333,73.54545455,73.0,61.66666667,65.58333333,74.78571429,81,74.75,74.54545455,70.09090909,58.18181818,66.0,-0.857142857,0.583333333,-1.0,0.6,1.2,0.4,1.6,0.8,0.4,1,0,0,0,0,Canada,Chile,29-06-2024,Copa América,0.175,0.0
1948.092306,1708.223793,239.8685129,85.28571429,90,85.625,84.71428571,77.0,72.07692308,80.07692308,76.21428571,84,74.25,77.1,72.41666667,60.41666667,65.91666667,9.071428571,11.375,7.614285714,1.0,0.4,0.4,2.2,0.6,0.6,1,0,0,2,1,England,Slovakia,30-06-2024,European Championship,0.25,0.0
2012.16179,1713.978942,298.1828479,84.64285714,89,83.8,85.14285714,70.61538462,72.92307692,81.84615385,73.0,86,73.25,72.66666667,69.76923077,59.69230769,62.92307692,11.64285714,10.55,12.47619048,3.0,0.2,1.0,1.4,1.0,0.4,1,0,0,4,1,Spain,Georgia,30-06-2024,European Championship,0.6,0.0
1847.841514,1786.2456,61.59591383,75.42857143,80,75.66666667,75.36363636,75.2,55.9,68.7,78.78571429,81,78.55555556,79.2,75.61538462,70.76923077,71.46153846,-3.357142857,-2.888888889,-3.836363636,1.8,1.2,0.6,0.8,1.6,0.4,1,0,0,0,0,Ecuador,Mexico,30-06-2024,Copa América,0.0,0.2
1423.484658,1636.736437,-213.2517794,68.0,68,68.0,68.0,83.0,54.0,54.0,68.0,75,68.625,67.55555556,67.75,59.91666667,64.33333333,0.0,-0.625,0.444444444,1.0,2.8,0.4,2.4,0.2,0.6,0,0,0,0,3,Vanuatu,New Zealand,30-06-2024,Oceania Nations Cup,0.0,0.1
1995.886238,1945.586711,50.29952701,86.14285714,91,87.5,85.33333333,84.92307692,73.07692308,77.0,82.64285714,91,83.83333333,82.0,69.4,75.6,78.2,3.5,3.666666667,3.333333333,1.0,0.2,0.4,1.4,0.2,0.6,1,0,0,1,0,France,Belgium,01-07-2024,European Championship,0.6,0.0
1934.674314,1770.310698,164.363616,84.71428571,89,85.0,84.0,76.25,73.75,78.5,74.71428571,88,73.2,76.0,67.58333333,62.0,67.41666667,10.0,11.8,8.0,1.8,1.0,0.6,1.0,0.8,0.2,1,0,0,0,0,Portugal,Slovenia,01-07-2024,European Championship,0.3,0.0
1823.552661,1934.313631,-110.7609699,76.64285714,79,76.85714286,76.375,75.46153846,60.0,67.46153846,81.28571429,88,81.0,81.1,75.38461538,65.07692308,70.76923077,-4.642857143,-4.142857143,-4.725,1.4,1.6,0.4,2.6,0.6,0.6,0,0,0,0,1,United States,Uruguay,01-07-2024,Copa América,0.075,0.1
1732.33529,1567.743393,164.5918979,67.92857143,72,67.625,68.57142857,69.64285714,57.0,57.0,68.64285714,74,68.6,69.14285714,68.83333333,56.41666667,60.33333333,-0.714285714,-0.975,-0.571428571,1.8,1.4,0.6,0.2,2.8,0.0,1,0,0,3,1,Panama,Bolivia,01-07-2024,Copa América,0.15,0.0
1952.291234,1689.018483,263.2727515,83.21428571,89,82.14285714,83.77777778,78.92307692,65.15384615,73.46153846,73.0,77,72.88888889,73.2,75.36363636,69.18181818,71.45454545,10.21428571,9.253968254,10.57777778,2.4,0.8,0.6,0.8,0.6,0.2,1,0,0,3,0,Netherlands,Romania,02-07-2024,European Championship,0.1,0.0
1984.833185,2017.769761,-32.93657605,86.14285714,89,85.83333333,86.375,81.58333333,69.25,74.41666667,78.42857143,84,79.0,77.875,77.0,68.0,68.84615385,7.714285714,6.833333333,8.5,2.2,1.4,0.4,3.2,0.8,1.0,1,0,0,1,1,Brazil,Colombia,02-07-2024,Copa América,0.0,0.25
1784.934698,1885.614872,-100.6801741,78.35714286,85,78.66666667,77.88888889,73.58333333,63.41666667,70.75,79.64285714,85,78.71428571,80.5,71.92857143,63.35714286,71.0,-1.285714286,-0.047619048,-2.611111111,1.2,1.4,0.4,1.8,1.2,0.6,1,0,0,2,1,Turkey,Austria,02-07-2024,European Championship,0.0,0.0
1700.954051,1699.24029,1.713761281,70.07142857,85,68.0,73.33333333,69.46153846,54.38461538,56.30769231,75.57142857,81,76.5,74.4,75.5,65.0,67.14285714,-5.5,-8.5,-1.066666667,1.4,0.6,0.4,0.6,1.8,0.2,1,0,0,2,1,Costa Rica,Paraguay,02-07-2024,Copa América,0.0,0.0
2097.115744,1845.034267,252.0814763,84.14285714,90,85.0,83.11111111,73.61538462,71.23076923,77.69230769,75.42857143,80,75.66666667,75.36363636,75.2,55.9,68.7,8.714285714,9.333333333,7.747474747,2.0,0.2,1.0,1.8,1.0,0.6,1,0,0,1,1,Argentina,Ecuador,04-07-2024,Copa América,1.0,0.0
1939.670663,2017.0362,-77.36553731,85.57142857,89,84.6,86.11111111,71.45454545,74.36363636,80.54545455,84.64285714,89,83.8,85.14285714,70.61538462,72.92307692,81.84615385,0.928571429,0.8,0.968253968,2.4,0.6,0.8,2.8,0.4,1.0,0,0,0,1,2,Germany,Spain,05-07-2024,European Championship,0.1,0.6
2009.585908,1927.623406,81.96250197,86.14285714,91,87.5,85.33333333,84.92307692,73.07692308,77.0,84.71428571,89,85.0,84.0,76.25,73.75,78.5,1.428571429,2.5,1.333333333,0.6,0.2,0.4,1.6,0.6,0.6,1,0,0,0,0,France,Portugal,05-07-2024,European Championship,0.6,0.3
1755.540816,1800.603249,-45.0624327,73.92857143,83,75.33333333,73.54545455,73.0,61.66666667,65.58333333,72.78571429,77,72.71428571,72.5,70.84615385,65.46153846,64.15384615,1.142857143,2.619047619,1.045454545,0.2,1.2,0.2,1.4,0.6,0.6,1,0,0,1,1,Canada,Venezuela,05-07-2024,Copa América,0.175,0.0
2016.257503,1741.275914,274.9815885,78.42857143,84,79.0,77.875,77.0,68.0,68.84615385,67.92857143,72,67.625,68.57142857,69.64285714,57.0,57.0,10.5,11.375,9.303571429,2.8,0.6,0.8,1.8,1.4,0.6,1,0,0,5,0,Colombia,Panama,06-07-2024,Copa América,0.25,0.15
1954.520513,1855.835481,98.6850327,85.28571429,90,85.625,84.71428571,77.0,72.07692308,80.07692308,79.78571429,87,77.0,80.25,71.7,63.0,71.3,5.5,8.625,4.464285714,0.8,0.6,0.4,1.6,0.8,0.4,1,0,0,1,1,England,Switzerland,06-07-2024,European Championship,0.25,0.0
1958.055145,1805.445627,152.6095178,83.21428571,89,82.14285714,83.77777778,78.92307692,65.15384615,73.46153846,78.35714286,85,78.66666667,77.88888889,73.58333333,63.41666667,70.75,4.857142857,3.476190476,5.888888889,2.2,0.8,0.6,1.6,1.6,0.6,1,0,0,2,1,Netherlands,Turkey,06-07-2024,European Championship,0.1,0.0
1986.345442,1945.37895,40.96649244,86.14285714,89,85.83333333,86.375,81.58333333,69.25,74.41666667,81.28571429,88,81.0,81.1,75.38461538,65.07692308,70.76923077,4.857142857,4.833333333,5.275,1.8,1.0,0.4,2.6,0.2,0.8,1,0,0,0,0,Brazil,Uruguay,06-07-2024,Copa América,0.0,0.1
2087.19039,1757.604459,329.585931,84.14285714,90,85.0,83.11111111,73.61538462,71.23076923,77.69230769,73.92857143,83,75.33333333,73.54545455,73.0,61.66666667,65.58333333,10.21428571,9.666666667,9.565656566,2.0,0.4,0.8,0.4,0.6,0.2,1,0,0,2,0,Argentina,Canada,09-07-2024,Copa América,1.0,0.175
2029.531127,2005.879891,23.65123626,84.64285714,89,83.8,85.14285714,70.61538462,72.92307692,81.84615385,86.14285714,91,87.5,85.33333333,84.92307692,73.07692308,77.0,-1.5,-3.7,-0.19047619,2.2,0.4,1.0,0.6,0.2,0.4,1,0,0,2,1,Spain,France,09-07-2024,European Championship,0.6,0.6
1950.094297,1967.446843,-17.35254683,85.28571429,90,85.625,84.71428571,77.0,72.07692308,80.07692308,83.21428571,89,82.14285714,83.77777778,78.92307692,65.15384615,73.46153846,2.071428571,3.482142857,0.936507937,1.0,0.6,0.4,1.8,1.0,0.6,1,0,0,2,1,England,Netherlands,10-07-2024,European Championship,0.25,0.1
2021.709732,1947.256832,74.45289964,78.42857143,84,79.0,77.875,77.0,68.0,68.84615385,81.28571429,88,81.0,81.1,75.38461538,65.07692308,70.76923077,-2.857142857,-2.0,-3.225,2.8,0.4,0.8,2.6,0.2,0.8,1,0,0,1,0,Colombia,Uruguay,10-07-2024,Copa América,0.25,0.1
1753.431015,1934.633978,-181.2029633,73.92857143,83,75.33333333,73.54545455,73.0,61.66666667,65.58333333,81.28571429,88,81.0,81.1,75.38461538,65.07692308,70.76923077,-7.357142857,-5.666666667,-7.554545455,0.4,1.0,0.2,1.8,0.4,0.6,1,0,0,2,2,Canada,Uruguay,13-07-2024,Copa América,0.175,0.1
2091.363834,2034.332586,57.03124866,84.14285714,90,85.0,83.11111111,73.61538462,71.23076923,77.69230769,78.42857143,84,79.0,77.875,77.0,68.0,68.84615385,5.714285714,6.0,5.236111111,1.6,0.2,0.8,2.4,0.4,0.8,1,0,0,1,0,Argentina,Colombia,14-07-2024,Copa América,1.0,0.25
2044.443627,1966.892747,77.55087965,84.64285714,89,83.8,85.14285714,70.61538462,72.92307692,81.84615385,85.28571429,90,85.625,84.71428571,77.0,72.07692308,80.07692308,-0.642857143,-1.825,0.428571429,2.0,0.6,1.0,1.2,0.8,0.4,1,0,0,2,1,Spain,England,14-07-2024,European Championship,0.6,0.25
1673.951573,1535.76452,138.1870522,71.0,71,71.0,71.0,82.0,65.0,63.0,63.0,63,63.0,63.0,57.0,68.0,49.0,8.0,8.0,8.0,3.2,0.8,0.8,2.2,0.8,0.6,0,0,0,0,0,Jordan,North Korea,27-08-2024,Friendly,0.2,0.0
1667.903434,1541.812659,126.0907744,71.0,71,71.0,71.0,82.0,65.0,63.0,63.0,63,63.0,63.0,57.0,68.0,49.0,8.0,8.0,8.0,3.0,0.2,0.8,2.2,0.6,0.6,0,0,0,2,1,Jordan,North Korea,29-08-2024,Friendly,0.2,0.0
1556.978631,1926.971725,-369.9930934,64.2,68,63.66666667,65.0,68.2,53.2,55.0,81.28571429,88,81.0,81.1,75.38461538,65.07692308,70.76923077,-17.08571429,-17.33333333,-16.1,2.2,1.2,0.4,1.6,0.6,0.4,1,0,0,1,1,Guatemala,Uruguay,01-09-2024,Friendly,0.0,0.1
1647.322772,1490.509724,156.8130485,71.92857143,77,71.5,71.9,75.92307692,54.84615385,62.30769231,60.66666667,64,60.66666667,62.0,67.0,42.33333333,50.66666667,11.26190476,10.83333333,9.9,1.4,0.8,0.4,1.2,0.4,0.6,0,0,0,1,1,Saudi Arabia,Indonesia,05-09-2024,World Cup qualifier,0.0,0.0
1819.767211,1503.711252,316.0559594,76.07142857,87,76.625,75.16666667,74.0,69.23076923,69.46153846,68.5,73,73.0,64.0,66.5,55.0,51.0,7.571428571,3.625,11.16666667,2.4,0.6,0.6,1.4,1.4,0.4,0,0,0,0,0,South Korea,Palestine,05-09-2024,World Cup qualifier,0.1,0.0
1678.338921,1482.954743,195.3841777,71.0,71,71.0,71.0,82.0,65.0,63.0,66.0,71,66.0,66.0,60.0,38.5,53.5,5.0,5.0,5.0,2.8,0.4,0.8,0.4,1.4,0.2,0,0,0,1,1,Jordan,Kuwait,05-09-2024,World Cup qualifier,0.2,0.0
1731.129882,1658.833656,72.29622575,63.38461538,69,63.5,66.0,66.53846154,53.23076923,55.0,72.0,72,72.0,72.0,72.92857143,62.57142857,66.42857143,-8.615384615,-8.5,-6.0,2.6,0.8,0.8,1.8,0.4,0.6,0,0,0,1,0,Iraq,Oman,05-09-2024,World Cup qualifier,0.0,0.0
1816.082979,1588.171136,227.9118429,72.85714286,78,71.75,72.83333333,71.07692308,60.15384615,62.92307692,72.0,72,72.0,72.0,74.0,68.0,52.0,0.857142857,-0.25,0.833333333,3.0,0.4,0.8,2.0,0.8,0.4,0,0,0,0,1,Australia,Bahrain,05-09-2024,World Cup qualifier,0.0,0.0
1724.220481,1479.754354,244.4661267,72.28571429,81,71.5,72.09090909,71.76923077,61.0,65.53846154,68.5,73,65.5,68.25,71.5,58.0,62.16666667,3.785714286,6.0,3.840909091,0.2,0.0,0.2,1.2,0.6,0.6,0,0,0,1,0,Tunisia,Madagascar,05-09-2024,African Nations Cup qualifier,0.0,0.0
2104.760786,1742.018088,362.7426981,84.14285714,90,85.0,83.11111111,73.61538462,71.23076923,77.69230769,74.78571429,81,74.75,74.54545455,70.09090909,58.18181818,66.0,9.357142857,10.25,8.565656566,1.4,0.2,0.8,1.0,0.8,0.2,0,0,0,3,0,Argentina,Chile,05-09-2024,World Cup qualifier,1.0,0.0
1753.054572,1531.377172,221.6773995,66.6,72,67.0,65.25,68.8,53.2,57.2,63.0,63,63.0,63.0,57.0,68.0,49.0,3.6,4.0,2.25,1.8,0.4,0.6,1.2,0.8,0.4,0,0,0,1,0,Uzbekistan,North Korea,05-09-2024,World Cup qualifier,0.0,0.0
1899.378249,1520.336886,379.0413632,78.0,81,78.33333333,77.5,78.07692308,65.76923077,72.30769231,71.07142857,76,71.5,70.66666667,79.25,61.25,63.75,6.928571429,6.833333333,6.833333333,3.0,0.6,0.8,1.4,1.2,0.2,0,0,0,7,0,Japan,China,05-09-2024,World Cup qualifier,0.0,0.0
1754.751426,1571.270389,183.4810368,77.35714286,86,78.57142857,77.0,71.0,67.5,74.14285714,69.42857143,75,69.42857143,69.0,70.33333333,53.16666667,61.83333333,7.928571429,9.142857143,8.0,1.8,1.8,0.4,0.6,0.6,0.4,0,0,0,2,0,Algeria,Equatorial Guinea,05-09-2024,African Nations Cup qualifier,0.0,0.0
1855.239834,1860.261697,-5.02186277,79.5,84,77.0,80.18181818,67.41666667,62.33333333,71.83333333,79.78571429,87,77.0,80.25,71.7,63.0,71.3,-0.285714286,0.0,-0.068181818,1.0,1.0,0.2,1.6,0.8,0.4,0,0,0,2,0,Denmark,Switzerland,05-09-2024,European Nations League A,0.0,0.0
1785.291602,2056.930429,-271.6388269,80.0,86,80.8,78.75,62.41666667,72.66666667,73.66666667,84.64285714,89,83.8,85.14285714,70.61538462,72.92307692,81.84615385,-4.642857143,-3.0,-6.392857143,1.0,0.8,0.2,2.2,0.8,1.0,0,0,0,0,0,Serbia,Spain,05-09-2024,European Nations League A,0.0,0.6
1931.329423,1903.132031,28.19739242,84.71428571,89,85.0,84.0,76.25,73.75,78.5,80.57142857,87,79.5,80.33333333,69.38461538,66.30769231,76.38461538,4.142857143,5.5,3.666666667,1.0,0.6,0.4,1.6,1.4,0.4,0,0,0,2,1,Portugal,Croatia,05-09-2024,European Nations League A,0.3,0.2
1538.695323,1754.933637,-216.2383133,65.83333333,71,65.0,70.5,71.4,57.4,50.8,77.07142857,81,77.625,76.0,72.30769231,66.46153846,72.23076923,-11.23809524,-12.625,-5.5,1.2,2.2,0.4,1.2,2.2,0.4,0,0,0,1,3,Azerbaijan,Sweden,05-09-2024,European Nations League C,0.0,0.0
1612.675394,1597.664327,15.01106684,77.14285714,85,76.5,77.625,78.28571429,59.35714286,65.78571429,70.28571429,78,70.77777778,69.25,76.78571429,61.35714286,60.92857143,6.857142857,5.722222222,8.375,2.2,2.0,0.4,2.6,0.8,0.8,0,0,0,0,1,Ghana,Angola,05-09-2024,African Nations Cup qualifier,0.0,0.0
1728.730667,1795.846126,-67.11545877,76.92857143,86,75.16666667,77.45454545,75.15384615,66.69230769,72.53846154,79.42857143,90,80.57142857,78.33333333,79.75,73.25,74.625,-2.5,-5.404761905,-0.878787879,1.2,1.8,0.2,1.6,1.6,0.4,0,0,0,2,3,Scotland,Poland,05-09-2024,European Nations League A,0.0,0.0
1865.200883,1453.917463,411.2834199,70.85714286,82,72.5,68.85714286,72.07142857,61.21428571,64.0,65.0,65,65.0,65.0,77.0,62.0,56.0,5.857142857,7.5,3.857142857,2.4,1.0,0.6,2.0,0.8,0.4,0,0,0,1,0,Iran,Kyrgyzstan,05-09-2024,World Cup qualifier,0.1,0.0
1717.131772,1635.579086,81.55268525,69.07142857,76,71.25,68.2,70.92307692,55.84615385,62.61538462,64.0,72,61.0,64.58333333,67.63636364,43.09090909,54.09090909,5.071428571,10.25,3.616666667,2.0,0.6,0.8,2.2,0.6,0.6,0,0,0,1,3,Qatar,United Arab Emirates,05-09-2024,World Cup qualifier,0.3,0.0
1319.086956,1506.951517,-187.864561,65.0,67,63.0,65.0,73.0,45.33333333,55.66666667,67.0,73,67.5,66.5,72.5,57.0,61.0,-2.0,-4.5,-1.5,1.0,2.0,0.0,2.4,1.4,0.6,0,0,0,2,1,Saint Lucia,Curacao,06-09-2024,CONCACAF Nations League B,0.0,0.0
1753.003299,2020.935634,-267.9323351,73.92857143,78,74.0,74.0,68.58333333,66.33333333,66.5,78.42857143,84,79.0,77.875,77.0,68.0,68.84615385,-4.5,-5.0,-3.875,0.2,0.6,0.2,2.0,0.4,0.6,0,0,0,1,1,Peru,Colombia,06-09-2024,World Cup qualifier,0.0,0.25
1635.923683,1459.318171,176.6055125,67.71428571,74,68.125,67.16666667,72.92857143,54.64285714,56.57142857,61.0,69,58.0,61.0,72.5,41.5,52.5,6.714285714,10.125,6.166666667,1.2,0.6,0.4,1.2,1.6,0.4,0,0,0,2,2,South Africa,Uganda,06-09-2024,African Nations Cup qualifier,0.1,0.0
1636.789246,1270.0,366.789246,69.5,75,69.8,68.5,74.2,57.8,62.3,59.5,66,59.0,60.0,68.5,52.5,56.0,10.0,10.8,8.5,1.0,1.2,0.4,0.8,1.0,0.3,0,0,0,3,1,Cape Verde,Botswana,06-09-2024,African Nations Cup qualifier,0.0,0.0
1819.397766,1542.059314,277.3384527,79.28571429,85,79.0,80.71428571,70.84615385,65.92307692,72.0,68.92857143,80,69.0,68.22222222,72.07142857,58.78571429,60.92857143,10.35714286,10.0,12.49206349,1.8,0.6,0.6,1.2,1.6,0.4,0,0,0,4,1,Morocco,Gabon,06-09-2024,African Nations Cup qualifier,0.5,0.0
1790.545168,1577.070604,213.4745643,78.5,86,79.16666667,78.42857143,76.69230769,66.61538462,65.84615385,70.5,81,71.2,70.85714286,75.46153846,54.53846154,60.07692308,8.0,7.966666667,7.571428571,1.4,0.4,0.6,1.2,1.8,0.0,0,0,0,1,1,Senegal,Burkina Faso,06-09-2024,African Nations Cup qualifier,0.1,0.0
1984.46756,1854.959621,129.5079393,86.14285714,89,85.83333333,86.375,81.58333333,69.25,74.41666667,75.42857143,80,75.66666667,75.36363636,75.2,55.9,68.7,10.71428571,10.16666667,11.01136364,1.2,0.6,0.2,1.4,1.0,0.4,0,0,0,1,0,Brazil,Ecuador,06-09-2024,World Cup qualifier,0.0,0.0
1931.887041,1600.639272,331.2477691,82.64285714,91,83.83333333,82.0,69.4,75.6,78.2,70.5,77,72.0,68.5,71.76923077,61.38461538,62.15384615,12.14285714,11.83333333,13.5,1.0,0.4,0.4,1.6,1.8,0.4,1,0,0,3,1,Belgium,Israel,06-09-2024,European Nations League A,0.0,0.0
1990.967391,1911.056948,79.9104435,86.14285714,91,87.5,85.33333333,84.92307692,73.07692308,77.0,84.35714286,87,84.25,84.22222222,75.5,65.33333333,73.0,1.785714286,3.25,1.111111111,0.6,0.6,0.2,0.8,1.0,0.4,0,0,0,1,3,France,Italy,06-09-2024,European Nations League A,0.6,0.0
1736.893132,1796.053929,-59.16079637,74.35714286,77,75.0,74.11111111,68.5,56.75,66.75,78.35714286,85,78.66666667,77.88888889,73.58333333,63.41666667,70.75,-4.0,-3.666666667,-3.777777778,1.0,1.2,0.2,1.6,1.6,0.6,0,0,0,0,0,Wales,Turkey,06-09-2024,European Nations League B,0.0,0.0
1492.038791,1751.074389,-259.0355981,67.5,70,67.5,67.5,76.5,62.0,65.0,77.78571429,91,81.4,75.875,76.14285714,66.28571429,70.28571429,-10.28571429,-13.9,-8.375,1.2,2.4,0.2,1.8,1.8,0.2,0,0,0,0,0,Kazakhstan,Norway,06-09-2024,European Nations League B,0.0,0.0
1355.29105,1588.627724,-233.3366739,59.5,65,59.5,65.0,71.5,42.0,52.5,66.0,72,64.0,66.33333333,77.0,51.83333333,59.5,-6.5,-4.5,-1.333333333,3.0,1.0,0.4,2.0,1.4,0.6,0,0,0,1,4,Puerto Rico,Haiti,06-09-2024,CONCACAF Nations League B,0.0,0.0
1734.617828,1477.875903,256.7419246,78.5,83,77.8,78.0,76.92857143,65.35714286,69.5,67.625,75,70.16666667,62.33333333,84.75,57.875,53.875,10.875,7.633333333,15.66666667,1.4,0.8,0.6,0.2,1.6,0.0,0,0,0,2,0,Ivory Coast,Zambia,06-09-2024,African Nations Cup qualifier,0.0,0.0
1914.371056,1683.319211,231.0518446,81.28571429,88,81.0,81.1,75.38461538,65.07692308,70.76923077,75.57142857,81,76.5,74.4,75.5,65.0,67.14285714,5.714285714,4.5,6.7,0.8,0.8,0.2,0.8,2.2,0.2,0,0,0,0,0,Uruguay,Paraguay,06-09-2024,World Cup qualifier,0.1,0.0
1584.093781,1570.764136,13.32964512,74.0,80,74.71428571,73.55555556,78.21428571,62.57142857,66.42857143,72.85714286,78,73.0,72.8,67.64285714,63.42857143,63.28571429,1.142857143,1.714285714,0.755555556,1.0,0.6,0.4,2.8,1.2,0.6,0,0,0,1,0,democratic republic of congo,Guinea,06-09-2024,African Nations Cup qualifier,0.0,0.0
1777.361605,1865.103943,-87.74233729,74.71428571,88,73.2,76.0,67.58333333,62.0,67.41666667,79.64285714,85,78.71428571,80.5,71.92857143,63.35714286,71.0,-4.928571429,-5.514285714,-4.5,0.6,0.6,0.0,1.6,1.4,0.4,0,0,0,1,1,Slovenia,Austria,06-09-2024,European Nations League B,0.0,0.0
1672.185879,1954.405945,-282.2200653,73.64285714,76,74.5,73.61538462,63.0,52.2,62.3,85.28571429,90,85.625,84.71428571,77.0,72.07692308,80.07692308,-11.64285714,-11.125,-11.0989011,0.6,1.2,0.2,1.2,1.0,0.4,0,0,0,0,2,Ireland,England,07-09-2024,European Nations League B,0.0,0.25
1950.648393,1571.700951,378.9474421,83.21428571,89,82.14285714,83.77777778,78.92307692,65.15384615,73.46153846,75.71428571,83,77.33333333,74.88888889,69.08333333,63.91666667,69.83333333,7.5,4.80952381,8.888888889,1.6,1.2,0.4,0.6,2.4,0.0,0,0,0,5,2,Netherlands,Bosnia and Herzegovina,07-09-2024,European Nations League A,0.1,0.0
1927.175735,1808.693943,118.4817924,85.57142857,89,84.6,86.11111111,71.45454545,74.36363636,80.54545455,75.85714286,84,75.33333333,76.25,70.58333333,61.66666667,65.33333333,9.714285714,9.266666667,9.861111111,2.2,0.8,0.6,1.2,1.4,0.4,0,0,0,5,0,Germany,Hungary,07-09-2024,European Nations League A,0.1,0.0
1709.104532,1759.977092,-50.87256034,73.0,86,73.25,72.66666667,69.76923077,59.69230769,62.92307692,77.21428571,83,78.0,76.77777778,72.72727273,71.09090909,71.36363636,-4.214285714,-4.75,-4.111111111,1.6,1.8,0.4,2.4,1.4,0.4,0,0,0,4,1,Georgia,Czech Republic,07-09-2024,European Nations League B,0.0,0.0
1789.052847,1643.987829,145.0650185,78.78571429,81,78.55555556,79.2,75.61538462,70.76923077,71.46153846,68.0,75,68.625,67.55555556,67.75,59.91666667,64.33333333,10.78571429,9.930555556,11.64444444,0.6,1.6,0.2,3.0,0.0,0.8,1,0,0,3,0,Mexico,New Zealand,07-09-2024,Friendly,0.2,0.1
1812.487343,1761.093268,51.39407451,76.64285714,79,76.85714286,76.375,75.46153846,60.0,67.46153846,73.92857143,83,75.33333333,73.54545455,73.0,61.66666667,65.58333333,2.714285714,1.523809524,2.829545455,1.0,1.8,0.2,0.8,1.0,0.2,0,0,0,1,2,United States,Canada,07-09-2024,Friendly,0.075,0.175
1888.427725,1808.793225,79.63450011,80.57142857,87,79.5,80.33333333,69.38461538,66.30769231,76.38461538,79.42857143,90,80.57142857,78.33333333,79.75,73.25,74.625,1.142857143,-1.071428571,2.0,1.2,1.8,0.2,1.6,1.8,0.4,0,0,0,1,0,Croatia,Poland,08-09-2024,European Nations League A,0.2,0.0
1458.484538,1730.513811,-272.0292729,69.85714286,77,70.25,69.0,78.42857143,59.42857143,60.78571429,72.28571429,81,71.5,72.09090909,71.76923077,61.0,65.53846154,-2.428571429,-1.25,-3.090909091,2.0,1.8,0.2,0.4,0.0,0.4,1,0,0,1,2,Gambia,Tunisia,08-09-2024,African Nations Cup qualifier,0.0,0.0
1762.089066,1472.489175,289.5998908,77.07142857,81,77.625,76.0,72.30769231,66.46153846,72.23076923,62.42857143,70,58.0,63.8,64.66666667,49.33333333,54.83333333,14.64285714,19.625,12.2,1.4,2.2,0.4,1.2,1.8,0.2,0,0,0,3,0,Sweden,Estonia,08-09-2024,European Nations League C,0.0,0.0
1946.033729,1715.783569,230.2501604,84.71428571,89,85.0,84.0,76.25,73.75,78.5,76.92857143,86,75.16666667,77.45454545,75.15384615,66.69230769,72.53846154,7.785714286,9.833333333,6.545454545,1.0,0.6,0.4,1.2,2.4,0.0,0,0,0,2,1,Portugal,Scotland,08-09-2024,European Nations League A,0.3,0.0
1844.030448,2046.47025,-202.4398022,79.78571429,87,77.0,80.25,71.7,63.0,71.3,84.64285714,89,83.8,85.14285714,70.61538462,72.92307692,81.84615385,-4.857142857,-6.8,-4.892857143,1.0,1.0,0.2,2.0,0.8,0.8,0,0,0,1,4,Switzerland,Spain,08-09-2024,European Nations League A,0.0,0.6
1781.78937,1423.263561,358.5258089,78.5,86,79.16666667,78.42857143,76.69230769,66.61538462,65.84615385,68.5,75,68.5,68.5,69.0,51.5,58.5,10.0,10.66666667,9.928571429,1.4,0.4,0.6,1.4,1.0,0.4,1,0,0,1,0,Senegal,Burundi,09-09-2024,African Nations Cup qualifier,0.1,0.0
1492.016207,1050.0,442.016207,67.0,73,67.5,66.5,72.5,57.0,61.0,53.0,58,53.0,53.0,64.0,48.0,50.0,14.0,14.5,13.5,2.6,1.6,0.6,0.8,1.0,0.3,0,0,0,4,0,Curacao,Saint Martin,09-09-2024,CONCACAF Nations League B,0.0,0.0
1595.984538,1350.556387,245.4281512,77.14285714,85,76.5,77.625,78.28571429,59.35714286,65.78571429,55.0,55,55.0,55.0,72.92857143,62.57142857,66.42857143,22.14285714,21.5,22.625,1.8,1.8,0.4,0.8,1.2,0.2,1,0,0,1,1,Ghana,Niger,09-09-2024,African Nations Cup qualifier,0.0,0.0
1599.480229,1423.663879,175.8163507,74.0,80,74.71428571,73.55555556,78.21428571,62.57142857,66.42857143,66.0,66,66.0,66.0,72.0,42.0,65.0,8.0,8.714285714,7.555555556,0.6,0.4,0.4,0.8,0.8,0.2,1,0,0,2,0,democratic republic of congo,Ethiopia,09-09-2024,African Nations Cup qualifier,0.0,0.0
1971.350926,1936.025891,35.32503576,86.14285714,91,87.5,85.33333333,84.92307692,73.07692308,77.0,82.64285714,91,83.83333333,82.0,69.4,75.6,78.2,3.5,3.666666667,3.333333333,0.8,1.2,0.2,1.0,0.6,0.4,0,0,0,2,0,France,Belgium,09-09-2024,European Nations League A,0.6,0.0
1793.355503,1636.599744,156.755759,78.35714286,85,78.66666667,77.88888889,73.58333333,63.41666667,70.75,71.92857143,76,71.55555556,72.6,70.30769231,63.76923077,66.38461538,6.428571429,7.111111111,5.288888889,1.0,1.4,0.4,1.6,1.4,0.6,0,0,0,3,1,Turkey,Iceland,09-09-2024,European Nations League B,0.0,0.0
1740.954465,1861.147024,-120.1925597,77.78571429,91,81.4,75.875,76.14285714,66.28571429,70.28571429,79.64285714,85,78.71428571,80.5,71.92857143,63.35714286,71.0,-1.857142857,2.685714286,-4.625,1.2,1.2,0.2,1.6,1.4,0.4,0,0,0,2,1,Norway,Austria,09-09-2024,European Nations League B,0.0,0.0
1670.183289,1515.246927,154.9363622,71.0,71,71.0,71.0,82.0,65.0,63.0,68.5,73,73.0,64.0,66.5,55.0,51.0,2.5,-2.0,7.0,1.6,0.6,0.6,1.2,1.0,0.4,1,0,0,3,1,Jordan,Palestine,10-09-2024,World Cup qualifier,0.2,0.0
1369.427761,1763.008577,-393.5808162,65.16666667,76,61.0,67.0,66.33333333,48.5,59.16666667,77.35714286,86,78.57142857,77.0,71.0,67.5,74.14285714,-12.19047619,-17.57142857,-10.0,1.0,0.4,0.4,2.2,1.6,0.6,0,0,0,0,3,Liberia,Algeria,10-09-2024,African Nations Cup qualifier,0.0,0.0
1655.267239,1867.942702,-212.6754631,64.0,72,61.0,64.58333333,67.63636364,43.09090909,54.09090909,70.85714286,82,72.5,68.85714286,72.07142857,61.21428571,64.0,-6.857142857,-11.5,-4.273809524,2.6,0.6,0.8,2.2,0.4,0.8,0,0,0,0,1,United Arab Emirates,Iran,10-09-2024,World Cup qualifier,0.0,0.1
1646.115785,1808.231536,-162.1157514,72.0,72,72.0,72.0,72.92857143,62.57142857,66.42857143,76.07142857,87,76.625,75.16666667,74.0,69.23076923,69.46153846,-4.071428571,-4.625,-3.166666667,1.6,0.4,0.6,2.4,0.2,0.6,0,0,0,1,3,Oman,South Korea,10-09-2024,World Cup qualifier,0.0,0.1
1692.62633,1994.765191,-302.1388609,75.57142857,81,76.5,74.4,75.5,65.0,67.14285714,86.14285714,89,85.83333333,86.375,81.58333333,69.25,74.41666667,-10.57142857,-9.333333333,-11.975,0.8,1.6,0.2,1.2,0.4,0.4,0,0,0,1,0,Paraguay,Brazil,10-09-2024,World Cup qualifier,0.0,0.0
1779.44294,1798.735277,-19.29233756,73.92857143,83,75.33333333,73.54545455,73.0,61.66666667,65.58333333,78.78571429,81,78.55555556,79.2,75.61538462,70.76923077,71.46153846,-4.857142857,-3.222222222,-5.654545455,1.0,1.2,0.2,1.2,0.8,0.4,1,0,0,0,0,Canada,Mexico,10-09-2024,Friendly,0.175,0.2
1794.137671,1634.305399,159.8322724,76.64285714,79,76.85714286,76.375,75.46153846,60.0,67.46153846,68.0,75,68.625,67.55555556,67.75,59.91666667,64.33333333,8.642857143,8.232142857,8.819444444,1.0,1.2,0.2,3.0,0.6,0.8,0,0,0,1,1,United States,New Zealand,10-09-2024,Friendly,0.075,0.1
1524.394176,1697.44362,-173.0494433,63.0,63,63.0,63.0,57.0,68.0,49.0,69.07142857,76,71.25,68.2,70.92307692,55.84615385,62.61538462,-6.071428571,-8.25,-5.2,1.2,0.8,0.4,1.6,1.0,0.6,1,0,0,2,2,North Korea,Qatar,10-09-2024,World Cup qualifier,0.0,0.3
1741.650924,1799.248453,-57.59752806,77.21428571,83,78.0,76.77777778,72.72727273,71.09090909,71.36363636,76.85714286,82,76.625,76.625,75.0,66.16666667,72.83333333,0.357142857,1.375,0.152777778,1.2,2.0,0.2,1.4,1.2,0.4,0,0,0,3,2,Czech Republic,Ukraine,10-09-2024,European Nations League B,0.0,0.0
1517.092589,1640.554719,-123.4621301,71.07142857,76,71.5,70.66666667,79.25,61.25,63.75,71.92857143,77,71.5,71.9,75.92307692,54.84615385,62.30769231,-0.857142857,0.0,-1.233333333,1.4,2.4,0.2,1.4,0.8,0.4,0,0,0,1,2,China,Saudi Arabia,10-09-2024,World Cup qualifier,0.0,0.0
1613.382079,1902.622546,-289.2404669,72.0,72,72.0,72.0,74.0,68.0,52.0,78.0,81,78.33333333,77.5,78.07692308,65.76923077,72.30769231,-6.0,-6.333333333,-5.5,2.0,0.2,0.6,3.8,0.4,0.8,0,0,0,0,5,Bahrain,Japan,10-09-2024,World Cup qualifier,0.0,0.0
1959.672278,1630.000007,329.6722714,85.28571429,90,85.625,84.71428571,77.0,72.07692308,80.07692308,72.5,81,72.0,72.71428571,66.33333333,64.41666667,65.91666667,12.78571429,13.625,12.0,1.6,1.0,0.6,1.4,2.8,0.2,0,0,0,2,0,England,Finland,10-09-2024,European Nations League B,0.25,0.0
1772.971708,1905.063937,-132.0922287,72.78571429,77,72.71428571,72.5,70.84615385,65.46153846,64.15384615,81.28571429,88,81.0,81.1,75.38461538,65.07692308,70.76923077,-8.5,-8.285714286,-8.6,1.4,1.2,0.6,0.6,0.8,0.0,0,0,0,0,0,Venezuela,Uruguay,10-09-2024,World Cup qualifier,0.0,0.1
1797.948118,1568.455077,229.4930404,75.85714286,84,75.33333333,76.25,70.58333333,61.66666667,65.33333333,75.71428571,83,77.33333333,74.88888889,69.08333333,63.91666667,69.83333333,0.142857143,-2.0,1.361111111,1.0,2.0,0.4,0.8,2.6,0.0,0,0,0,0,0,Hungary,Bosnia and Herzegovina,10-09-2024,European Nations League A,0.0,0.0
1497.277777,1790.872036,-293.5942591,60.66666667,64,60.66666667,62.0,67.0,42.33333333,50.66666667,72.85714286,78,71.75,72.83333333,71.07692308,60.15384615,62.92307692,-12.19047619,-11.08333333,-10.83333333,1.2,0.6,0.4,2.8,0.2,0.8,0,0,0,0,0,Indonesia,Australia,10-09-2024,World Cup qualifier,0.0,0.0
1953.894266,1937.92156,15.97270582,83.21428571,89,82.14285714,83.77777778,78.92307692,65.15384615,73.46153846,85.57142857,89,84.6,86.11111111,71.45454545,74.36363636,80.54545455,-2.357142857,-2.457142857,-2.333333333,2.6,1.6,0.6,2.2,0.6,0.6,0,0,0,2,2,Netherlands,Germany,10-09-2024,European Nations League A,0.1,0.1
2010.573874,2108.289022,-97.71514804,78.42857143,84,79.0,77.875,77.0,68.0,68.84615385,84.14285714,90,85.0,83.11111111,73.61538462,71.23076923,77.69230769,-5.714285714,-6.0,-5.236111111,1.6,0.6,0.4,1.8,0.2,0.8,0,0,0,2,1,Colombia,Argentina,10-09-2024,World Cup qualifier,0.25,1.0
1453.908919,1641.108962,-187.200042,65.33333333,66,64.0,66.0,71.5,52.5,52.0,69.5,75,69.8,68.5,74.2,57.8,62.3,-4.166667,-5.8,-2.5,0.2,0.4,0.2,1.2,1.0,0.6,0,0,0,2,1,Mauritania,Cape Verde,10-09-2024,African Nations Cup qualifier,0.0,0.0
1844.661991,1763.365059,81.29693177,75.42857143,80,75.66666667,75.36363636,75.2,55.9,68.7,73.92857143,78,74.0,74.0,68.58333333,66.33333333,66.5,1.5,1.666666667,1.363636364,1.0,1.0,0.2,0.4,0.8,0.2,0,0,0,1,0,Ecuador,Peru,10-09-2024,World Cup qualifier,0.0,0.0
1491.110375,1743.847753,-252.7373778,66.0,71,66.0,66.0,60.0,38.5,53.5,63.38461538,69,63.5,66.0,66.53846154,53.23076923,55.0,2.615384615,2.5,0.0,0.6,1.2,0.2,2.4,0.2,1.0,0,0,0,0,0,Kuwait,Iraq,10-09-2024,World Cup qualifier,0.0,0.0
1295.999121,1628.425626,-332.4265053,53.0,55,55.0,51.0,76.0,41.0,41.0,67.71428571,74,68.125,67.16666667,72.92857143,54.64285714,56.57142857,-14.71428571,-13.125,-16.16666667,0.4,1.2,0.0,1.4,0.8,0.4,0,0,0,2,3,South Sudan,South Africa,10-09-2024,African Nations Cup qualifier,0.0,0.1
1740.56154,1307.204551,433.3569887,78.5,83,77.8,78.0,76.92857143,65.35714286,69.5,68.0,68,68.0,68.0,73.0,68.0,47.0,10.5,9.8,10.0,1.4,0.6,0.6,0.6,0.8,0.4,1,0,0,2,0,Ivory Coast,Chad,10-09-2024,African Nations Cup qualifier,0.0,0.0
1451.175644,1760.037568,-308.8619242,65.0,65,65.0,65.0,77.0,62.0,56.0,66.6,72,67.0,65.25,68.8,53.2,57.2,-1.6,-2.0,-0.25,1.8,0.8,0.4,1.8,0.2,0.8,0,0,0,2,3,Kyrgyzstan,Uzbekistan,10-09-2024,World Cup qualifier,0.0,0.0
1611.267304,1265.680284,345.58702,69.5,75,69.8,68.5,74.2,57.8,62.3,59.5,66,59.0,60.0,68.5,52.5,56.0,10.0,10.8,8.5,1.2,1.4,0.4,1.0,3.0,0.0,0,0,0,0,1,Cape Verde,Botswana,10-10-2024,African Nations Cup qualifier,0.0,0.0
1764.663366,1875.212715,-110.5493492,66.6,72,67.0,65.25,68.8,53.2,57.2,70.85714286,82,72.5,68.85714286,72.07142857,61.21428571,64.0,-4.257142857,-5.5,-3.607142857,2.0,0.6,0.8,1.4,0.4,0.8,0,0,0,0,0,Uzbekistan,Iran,10-10-2024,World Cup qualifier,0.0,0.1
1651.096896,1907.71348,-256.6165832,71.92857143,77,71.5,71.9,75.92307692,54.84615385,62.30769231,78.0,81,78.33333333,77.5,78.07692308,65.76923077,72.30769231,-6.071428571,-6.833333333,-5.6,1.6,1.0,0.4,4.6,0.0,1.0,0,0,0,0,2,Saudi Arabia,Japan,10-10-2024,World Cup qualifier,0.0,0.0
1733.903839,1505.943858,227.9599813,63.38461538,69,63.5,66.0,66.53846154,53.23076923,55.0,68.5,73,73.0,64.0,66.5,55.0,51.0,-5.115384615,-9.5,2.0,2.2,0.2,0.8,0.4,1.6,0.2,0,0,0,1,0,Iraq,Palestine,10-10-2024,World Cup qualifier,0.0,0.0
1690.073972,1446.549846,243.5241265,69.07142857,76,71.25,68.2,70.92307692,55.84615385,62.61538462,65.0,65,65.0,65.0,77.0,62.0,56.0,4.071428571,6.25,3.2,1.4,1.4,0.4,1.8,1.4,0.2,0,0,0,3,1,Qatar,Kyrgyzstan,10-10-2024,World Cup qualifier,0.3,0.0
1679.486358,1817.264281,-137.7779232,71.0,71,71.0,71.0,82.0,65.0,63.0,76.07142857,87,76.625,75.16666667,74.0,69.23076923,69.46153846,-5.071428571,-5.625,-4.166666667,1.6,0.8,0.6,2.8,0.2,0.8,0,0,0,0,2,Jordan,South Korea,10-10-2024,World Cup qualifier,0.2,0.1
1715.823991,1967.54625,-251.7222587,74.78571429,81,74.75,74.54545455,70.09090909,58.18181818,66.0,86.14285714,89,85.83333333,86.375,81.58333333,69.25,74.41666667,-11.35714286,-11.08333333,-11.82954545,0.2,1.2,0.0,1.2,0.6,0.4,0,0,0,1,2,Chile,Brazil,10-10-2024,World Cup qualifier,0.0,0.0
1586.249918,1451.982388,134.2675297,77.14285714,85,76.5,77.625,78.28571429,59.35714286,65.78571429,60.75,65,60.75,60.75,80.5,56.75,51.75,16.39285714,15.75,16.875,1.8,1.6,0.4,1.6,0.6,0.6,0,0,0,0,0,Ghana,Sudan,10-10-2024,African Nations Cup qualifier,0.0,0.0
1608.010563,1490.463724,117.5468387,74.0,80,74.71428571,73.55555556,78.21428571,62.57142857,66.42857143,66.0,72,66.0,66.0,77.5,66.5,55.0,8.0,8.714285714,7.555555556,1.0,0.2,0.6,0.8,0.4,0.4,0,0,0,1,0,democratic republic of congo,Tanzania,10-10-2024,African Nations Cup qualifier,0.0,0.0
1607.036528,2030.958812,-423.9222843,68.64285714,74,68.6,69.14285714,68.83333333,56.41666667,60.33333333,78.42857143,84,79.0,77.875,77.0,68.0,68.84615385,-9.785714286,-10.4,-8.732142857,1.4,2.2,0.4,1.8,0.6,0.6,0,0,0,1,0,Bolivia,Colombia,10-10-2024,World Cup qualifier,0.0,0.25
1778.777695,2087.904084,-309.1263891,72.78571429,77,72.71428571,72.5,70.84615385,65.46153846,64.15384615,84.14285714,90,85.0,83.11111111,73.61538462,71.23076923,77.69230769,-11.35714286,-12.28571429,-10.61111111,1.0,1.0,0.4,1.6,0.6,0.6,0,0,0,1,1,Venezuela,Argentina,10-10-2024,World Cup qualifier,0.0,1.0
1963.843919,1753.856388,209.9875307,85.28571429,90,85.625,84.71428571,77.0,72.07692308,80.07692308,75.64285714,81,75.5,75.75,74.0,64.91666667,66.08333333,9.642857143,10.125,8.964285714,1.6,0.8,0.6,1.6,0.4,0.6,0,0,0,1,2,England,Greece,10-10-2024,European Nations League B,0.25,0.0
1839.822676,1496.814418,343.0082579,79.64285714,85,78.71428571,80.5,71.92857143,63.35714286,71.0,67.5,70,67.5,67.5,76.5,62.0,65.0,12.14285714,11.21428571,13.0,1.8,1.6,0.4,0.8,2.0,0.0,0,0,0,4,0,Austria,Kazakhstan,10-10-2024,European Nations League B,0.0,0.0
1856.984992,1719.845271,137.1397211,75.42857143,80,75.66666667,75.36363636,75.2,55.9,68.7,75.57142857,81,76.5,74.4,75.5,65.0,67.14285714,-0.142857143,-0.833333333,0.963636364,1.0,0.6,0.4,0.8,1.6,0.2,0,0,0,0,0,Ecuador,Paraguay,10-10-2024,World Cup qualifier,0.0,0.0
1762.278813,1786.662821,-24.38400749,77.78571429,91,81.4,75.875,76.14285714,66.28571429,70.28571429,74.71428571,88,73.2,76.0,67.58333333,62.0,67.41666667,3.071428571,8.2,-0.125,1.4,1.0,0.4,1.0,0.4,0.2,0,0,0,3,0,Norway,Slovenia,10-10-2024,European Nations League B,0.0,0.0
1934.75196,1921.647086,13.10487424,84.35714286,87,84.25,84.22222222,75.5,65.33333333,73.0,82.64285714,91,83.83333333,82.0,69.4,75.6,78.2,1.714285714,0.416666667,2.222222222,1.2,1.2,0.4,1.0,0.8,0.4,0,0,0,2,2,Italy,Belgium,10-10-2024,European Nations League A,0.0,0.0
1766.01688,1494.240547,271.7763325,77.35714286,86,78.57142857,77.0,71.0,67.5,74.14285714,68.38461538,78,69.28571429,67.5,74.15384615,54.92307692,56.30769231,8.972527473,9.285714286,9.5,2.2,1.2,0.6,1.0,1.2,0.0,0,0,0,5,1,Algeria,Togo,10-10-2024,African Nations Cup qualifier,0.0,0.0
1985.729731,1592.421875,393.3078558,86.14285714,91,87.5,85.33333333,84.92307692,73.07692308,77.0,70.5,77,72.0,68.5,71.76923077,61.38461538,62.15384615,15.64285714,15.5,16.83333333,1.0,1.0,0.4,1.4,2.4,0.2,1,0,0,4,1,France,Israel,10-10-2024,European Nations League A,0.6,0.0
1779.856592,1506.550411,273.3061809,72.85714286,78,71.75,72.83333333,71.07692308,60.15384615,62.92307692,71.07142857,76,71.5,70.66666667,79.25,61.25,63.75,1.785714286,0.25,2.166666667,2.4,0.2,0.6,1.2,2.4,0.2,0,0,0,3,1,Australia,China,10-10-2024,World Cup qualifier,0.0,0.0
1320.07377,1493.472211,-173.398441,65.0,70,64.0,64.83333333,68.0,54.5,57.125,67.0,73,67.5,66.5,72.5,57.0,61.0,-2.0,-3.5,-1.666667,1.0,7.0,0.0,3.2,1.2,0.8,0,0,0,0,0,Grenada,Curacao,11-10-2024,CONCACAF Nations League B,0.0,0.0
1802.589616,1583.065839,219.5237774,78.35714286,85,78.66666667,77.88888889,73.58333333,63.41666667,70.75,71.5,82,70.66666667,72.125,70.0,57.69230769,58.61538462,6.857142857,8.0,5.763888889,1.6,1.0,0.6,0.6,1.8,0.2,0,0,0,1,0,Turkey,Montenegro,11-10-2024,European Nations League B,0.0,0.0
1760.279354,1649.220634,111.0587195,77.21428571,83,78.0,76.77777778,72.72727273,71.09090909,71.36363636,74.5,78,74.75,74.4,71.0,56.91666667,63.25,2.714285714,3.25,2.377777778,1.4,2.2,0.2,1.0,1.4,0.2,0,0,0,2,0,Czech Republic,Albania,11-10-2024,European Nations League B,0.0,0.0
1632.540086,1400.230445,232.3096401,67.71428571,74,68.125,67.16666667,72.92857143,54.64285714,56.57142857,65.28571429,72,64.125,65.8,72.42857143,56.71428571,56.0,2.428571429,4.0,1.366666667,1.4,1.0,0.4,0.8,2.6,0.2,0,0,0,5,0,South Africa,Congo,11-10-2024,African Nations Cup qualifier,0.1,0.0
1747.917707,1491.015232,256.9024753,70.84615385,89,69.11111111,74.75,67.61538462,61.38461538,62.69230769,65.33333333,66,64.0,66.0,71.5,52.5,52.0,5.512820513,5.111111111,8.75,2.4,1.2,0.6,0.2,1.0,0.2,0,0,0,2,0,Egypt,Mauritania,11-10-2024,African Nations Cup qualifier,0.2,0.0
1577.714577,1938.656613,-360.942036,75.71428571,83,77.33333333,74.88888889,69.08333333,63.91666667,69.83333333,85.57142857,89,84.6,86.11111111,71.45454545,74.36363636,80.54545455,-9.857142857,-7.266666667,-11.22222222,0.6,2.2,0.0,2.2,1.0,0.4,0,0,0,1,2,Bosnia and Herzegovina,Germany,11-10-2024,European Nations League A,0.0,0.1
1717.237603,1767.171149,-49.93354596,76.21428571,84,74.25,77.1,72.41666667,60.41666667,65.91666667,77.07142857,81,77.625,76.0,72.30769231,66.46153846,72.23076923,-0.857142857,-3.375,1.1,1.2,1.0,0.4,1.6,1.2,0.6,0,0,0,2,2,Slovakia,Sweden,11-10-2024,European Nations League C,0.0,0.0
1788.688618,1953.159214,-164.4705955,75.85714286,84,75.33333333,76.25,70.58333333,61.66666667,65.33333333,83.21428571,89,82.14285714,83.77777778,78.92307692,65.15384615,73.46153846,-7.357142857,-6.80952381,-7.527777778,0.4,2.0,0.2,2.6,1.4,0.6,0,0,0,1,1,Hungary,Netherlands,11-10-2024,European Nations League A,0.0,0.1
1222.536859,1599.1605,-376.623641,68.0,68,68.0,68.0,86.0,61.0,61.0,66.0,72,64.0,66.33333333,77.0,51.83333333,59.5,2.0,4.0,1.666666667,0.4,1.8,0.0,3.4,0.8,1.0,0,0,0,1,3,Aruba,Haiti,11-10-2024,CONCACAF Nations League B,0.0,0.0
1751.042057,1899.257949,-148.2158925,73.92857143,78,74.0,74.0,68.58333333,66.33333333,66.5,81.28571429,88,81.0,81.1,75.38461538,65.07692308,70.76923077,-7.357142857,-7.0,-7.1,0.2,1.0,0.0,0.6,0.8,0.0,0,0,0,1,0,Peru,Uruguay,11-10-2024,World Cup qualifier,0.0,0.1
1736.043344,1470.409602,265.6337412,72.28571429,81,71.5,72.09090909,71.76923077,61.0,65.53846154,66.25,74,67.28571429,64.71428571,76.36363636,55.81818182,60.09090909,6.035714286,4.214285714,7.376623377,0.8,0.2,0.6,1.2,1.4,0.0,0,0,0,0,1,Tunisia,Comoros,11-10-2024,African Nations Cup qualifier,0.0,0.0
1785.394532,1402.337081,383.0574514,78.5,86,79.16666667,78.42857143,76.69230769,66.61538462,65.84615385,59.5,64,55.0,59.5,73.5,35.5,48.5,19.0,24.16666667,18.92857143,1.0,0.4,0.6,1.4,2.0,0.2,0,0,0,4,0,Senegal,Malawi,11-10-2024,African Nations Cup qualifier,0.1,0.0
1743.001136,1403.620754,339.3803816,78.5,83,77.8,78.0,76.92857143,65.35714286,69.5,66.08333333,70,67.11111111,63.8,79.33333333,54.66666667,55.5,12.41666667,10.68888889,14.2,1.4,0.2,0.8,1.4,1.8,0.2,0,0,0,4,1,Ivory Coast,Sierra Leone,11-10-2024,African Nations Cup qualifier,0.0,0.0
1787.255877,1735.823685,51.432192,76.64285714,79,76.85714286,76.375,75.46153846,60.0,67.46153846,67.92857143,72,67.625,68.57142857,69.64285714,57.0,57.0,8.714285714,9.232142857,7.803571429,1.0,1.2,0.2,1.2,2.2,0.4,0,0,0,2,0,United States,Panama,12-10-2024,Friendly,0.075,0.15
1900.823321,1709.066228,191.7570928,80.57142857,87,79.5,80.33333333,69.38461538,66.30769231,76.38461538,76.92857143,86,75.16666667,77.45454545,75.15384615,66.69230769,72.53846154,3.642857143,4.333333333,2.878787879,1.0,1.6,0.2,1.0,2.4,0.0,0,0,0,2,1,Croatia,Scotland,12-10-2024,European Nations League A,0.2,0.0
1796.397629,1952.751069,-156.3534399,79.42857143,90,80.57142857,78.33333333,79.75,73.25,74.625,84.71428571,89,85.0,84.0,76.25,73.75,78.5,-5.285714286,-4.428571429,-5.666666667,1.2,1.8,0.2,0.8,0.8,0.4,0,0,0,1,3,Poland,Portugal,12-10-2024,European Nations League A,0.0,0.3
1783.184606,1836.424085,-53.23947861,80.0,86,80.8,78.75,62.41666667,72.66666667,73.66666667,79.78571429,87,77.0,80.25,71.7,63.0,71.3,0.214285714,3.8,-1.5,0.2,0.8,0.0,1.0,1.6,0.2,0,0,0,2,0,Serbia,Switzerland,12-10-2024,European Nations League A,0.0,0.0
2054.076613,1884.038259,170.0383542,84.64285714,89,83.8,85.14285714,70.61538462,72.92307692,81.84615385,79.5,84,77.0,80.18181818,67.41666667,62.33333333,71.83333333,5.142857143,6.8,4.961038961,2.0,0.8,0.8,1.0,0.6,0.4,0,0,0,1,0,Spain,Denmark,12-10-2024,European Nations League A,0.6,0.0
1826.775318,1409.513782,417.2615358,79.28571429,85,79.0,80.71428571,70.84615385,65.92307692,72.0,65.75,81,65.33333333,68.25,70.5,59.5,53.5,13.53571429,13.66666667,12.46428571,2.6,0.4,0.8,2.2,1.4,0.6,0,0,0,5,0,Morocco,Central African Republic,12-10-2024,African Nations Cup qualifier,0.5,0.0
1611.136162,1939.201232,-328.0650701,72.5,81,72.0,72.71428571,66.33333333,64.41666667,65.91666667,85.28571429,90,85.625,84.71428571,77.0,72.07692308,80.07692308,-12.78571429,-13.625,-12.0,1.0,2.6,0.0,1.6,1.0,0.6,0,0,0,1,3,Finland,England,13-10-2024,European Nations League B,0.0,0.25
1843.72363,1779.399898,64.32373202,79.64285714,85,78.71428571,80.5,71.92857143,63.35714286,71.0,77.78571429,91,81.4,75.875,76.14285714,66.28571429,70.28571429,1.857142857,-2.685714286,4.625,2.0,1.4,0.4,1.8,0.8,0.6,0,0,0,5,1,Austria,Norway,13-10-2024,European Nations League B,0.0,0.0
1488.704352,1771.553076,-282.8487241,68.38461538,78,69.28571429,67.5,74.15384615,54.92307692,56.30769231,77.35714286,86,78.57142857,77.0,71.0,67.5,74.14285714,-8.972527473,-9.285714286,-9.5,1.0,2.0,0.0,2.6,0.8,0.8,0,0,0,0,1,Togo,Algeria,14-10-2024,African Nations Cup qualifier,0.0,0.0
1651.619048,1523.011242,128.6078059,68.0,75,68.625,67.55555556,67.75,59.91666667,64.33333333,59.0,61,59.0,59.0,70.5,55.0,54.0,9.0,9.625,8.555555556,2.4,0.8,0.6,1.4,1.0,0.6,0,0,0,4,0,New Zealand,Malaysia,14-10-2024,Friendly,0.1,0.0
1219.251762,1602.445597,-383.1938357,68.0,68,68.0,68.0,86.0,61.0,61.0,66.0,72,64.0,66.33333333,77.0,51.83333333,59.5,2.0,4.0,1.666666667,0.6,2.0,0.0,3.6,0.8,1.0,0,0,0,3,5,Aruba,Haiti,14-10-2024,CONCACAF Nations League B,0.0,0.0
1485.948304,1764.887327,-278.9390234,62.42857143,70,58.0,63.8,64.66666667,49.33333333,54.83333333,77.07142857,81,77.625,76.0,72.30769231,66.46153846,72.23076923,-14.64285714,-19.625,-12.2,1.6,1.4,0.4,1.8,1.6,0.4,0,0,0,0,3,Estonia,Sweden,14-10-2024,European Nations League C,0.0,0.0
1922.250302,1988.742319,-66.49201747,82.64285714,91,83.83333333,82.0,69.4,75.6,78.2,86.14285714,91,87.5,85.33333333,84.92307692,73.07692308,77.0,-3.5,-3.666666667,-3.333333333,1.0,1.2,0.2,1.6,1.2,0.4,0,0,0,1,2,Belgium,France,14-10-2024,European Nations League A,0.0,0.6
1574.15367,1795.743495,-221.5898253,75.71428571,83,77.33333333,74.88888889,69.08333333,63.91666667,69.83333333,75.85714286,84,75.33333333,76.25,70.58333333,61.66666667,65.33333333,-0.142857143,2.0,-1.361111111,0.6,2.2,0.0,0.4,1.6,0.2,0,0,0,0,2,Bosnia and Herzegovina,Hungary,14-10-2024,European Nations League A,0.0,0.0
1942.21752,1946.104337,-3.886816721,85.57142857,89,84.6,86.11111111,71.45454545,74.36363636,80.54545455,83.21428571,89,82.14285714,83.77777778,78.92307692,65.15384615,73.46153846,2.357142857,2.457142857,2.333333333,2.4,1.0,0.6,2.2,1.6,0.4,0,0,0,1,0,Germany,Netherlands,14-10-2024,European Nations League A,0.1,0.1
1488.858272,1324.68771,164.170562,67.0,73,67.5,66.5,72.5,57.0,61.0,65.0,70,64.0,64.83333333,68.0,54.5,57.125,2.0,3.5,1.666667,2.2,0.6,0.6,0.5,3.5,0.0,0,0,0,1,0,Curacao,Grenada,14-10-2024,CONCACAF Nations League B,0.0,0.0
1632.7572,1809.640527,-176.883327,71.92857143,76,71.55555556,72.6,70.30769231,63.76923077,66.38461538,78.35714286,85,78.66666667,77.88888889,73.58333333,63.41666667,70.75,-6.428571429,-7.111111111,-5.288888889,1.2,1.8,0.4,1.4,0.8,0.6,0,0,0,2,4,Iceland,Turkey,14-10-2024,European Nations League B,0.0,0.0
1771.332268,1794.778957,-23.44668826,77.21428571,83,78.0,76.77777778,72.72727273,71.09090909,71.36363636,76.85714286,82,76.625,76.625,75.0,66.16666667,72.83333333,0.357142857,1.375,0.152777778,1.6,1.8,0.4,1.2,1.2,0.4,1,0,0,1,1,Czech Republic,Ukraine,14-10-2024,European Nations League B,0.0,0.0
1496.70964,1709.743306,-213.0336666,66.25,74,67.28571429,64.71428571,76.36363636,55.81818182,60.09090909,72.28571429,81,71.5,72.09090909,71.76923077,61.0,65.53846154,-6.035714286,-4.214285714,-7.376623377,1.2,1.0,0.2,0.8,0.4,0.6,1,0,0,1,1,Comoros,Tunisia,15-10-2024,African Nations Cup qualifier,0.0,0.0
1479.679452,1618.794835,-139.115383,66.0,72,66.0,66.0,77.5,66.5,55.0,74.0,80,74.71428571,73.55555556,78.21428571,62.57142857,66.42857143,-8.0,-8.714285714,-7.555555556,0.6,0.4,0.4,1.2,0.2,0.8,0,0,0,0,2,Tanzania,democratic republic of congo,15-10-2024,African Nations Cup qualifier,0.0,0.0
1399.647697,1746.974192,-347.3264953,66.08333333,70,67.11111111,63.8,79.33333333,54.66666667,55.5,78.5,83,77.8,78.0,76.92857143,65.35714286,69.5,-12.41666667,-10.68888889,-14.2,1.4,2.0,0.2,1.8,0.2,0.8,1,0,0,1,0,Sierra Leone,Ivory Coast,15-10-2024,African Nations Cup qualifier,0.0,0.0
1669.51834,1647.120292,22.39804841,71.0,71,71.0,71.0,82.0,65.0,63.0,72.0,72,72.0,72.0,72.92857143,62.57142857,66.42857143,-1.0,-1.0,-1.0,1.2,1.0,0.4,1.8,1.0,0.4,0,0,0,4,0,Jordan,Oman,15-10-2024,World Cup qualifier,0.2,0.0
1913.660684,1785.352584,128.3080998,78.0,81,78.33333333,77.5,78.07692308,65.76923077,72.30769231,72.85714286,78,71.75,72.83333333,71.07692308,60.15384615,62.92307692,5.142857143,6.583333333,4.666666667,4.8,0.0,1.0,2.0,0.4,0.6,0,0,0,1,1,Japan,Australia,15-10-2024,World Cup qualifier,0.0,0.0
2076.523861,1636.471686,440.0521753,84.14285714,90,85.0,83.11111111,73.61538462,71.23076923,77.69230769,68.64285714,74,68.6,69.14285714,68.83333333,56.41666667,60.33333333,15.5,16.4,13.96825397,1.6,0.6,0.6,1.6,1.8,0.6,0,0,0,6,0,Argentina,Bolivia,15-10-2024,World Cup qualifier,1.0,0.0
1399.159565,1788.572049,-389.4124838,59.5,64,55.0,59.5,73.5,35.5,48.5,78.5,86,79.16666667,78.42857143,76.69230769,66.61538462,65.84615385,-19.0,-24.16666667,-18.92857143,1.2,2.4,0.2,1.6,0.4,0.6,0,0,0,0,1,Malawi,Senegal,15-10-2024,African Nations Cup qualifier,0.0,0.1
1817.991328,1875.298224,-57.30689616,79.78571429,87,77.0,80.25,71.7,63.0,71.3,79.5,84,77.0,80.18181818,67.41666667,62.33333333,71.83333333,0.285714286,0.0,0.068181818,0.8,1.8,0.2,0.8,0.6,0.4,0,0,0,2,2,Switzerland,Denmark,15-10-2024,European Nations League A,0.0,0.0
1725.852024,1790.157918,-64.30589424,75.57142857,81,76.5,74.4,75.5,65.0,67.14285714,72.78571429,77,72.71428571,72.5,70.84615385,65.46153846,64.15384615,2.785714286,3.785714286,1.9,0.6,1.2,0.2,1.0,1.2,0.2,0,0,0,2,1,Paraguay,Venezuela,15-10-2024,World Cup qualifier,0.0,0.0
1876.818339,1850.97824,25.84009869,81.28571429,88,81.0,81.1,75.38461538,65.07692308,70.76923077,75.42857143,80,75.66666667,75.36363636,75.2,55.9,68.7,5.857142857,5.333333333,5.736363636,0.6,0.8,0.0,0.4,0.4,0.2,0,0,0,0,0,Uruguay,Ecuador,15-10-2024,World Cup qualifier,0.1,0.0
1787.148295,1908.79198,-121.6436857,79.42857143,90,80.57142857,78.33333333,79.75,73.25,74.625,80.57142857,87,79.5,80.33333333,69.38461538,66.30769231,76.38461538,-1.142857143,1.071428571,-2.0,1.2,2.0,0.2,1.4,1.2,0.4,0,0,0,3,3,Poland,Croatia,15-10-2024,European Nations League A,0.0,0.2
2062.816648,1801.617363,261.1992848,84.64285714,89,83.8,85.14285714,70.61538462,72.92307692,81.84615385,80.0,86,80.8,78.75,62.41666667,72.66666667,73.66666667,4.642857143,3.0,6.392857143,1.8,0.6,0.8,0.6,0.6,0.2,0,0,0,3,0,Spain,Serbia,15-10-2024,European Nations League A,0.6,0.0
1701.097569,1962.000404,-260.9028354,76.92857143,86,75.16666667,77.45454545,75.15384615,66.69230769,72.53846154,84.71428571,89,85.0,84.0,76.25,73.75,78.5,-7.785714286,-9.833333333,-6.545454545,1.0,1.8,0.0,1.4,0.6,0.6,0,0,0,0,0,Scotland,Portugal,15-10-2024,European Nations League A,0.0,0.3
1827.232298,1740.691414,86.54088364,76.07142857,87,76.625,75.16666667,74.0,69.23076923,69.46153846,63.38461538,69,63.5,66.0,66.53846154,53.23076923,55.0,12.68681319,13.125,9.166666667,2.6,0.2,0.8,1.4,0.2,0.8,0,0,0,3,2,South Korea,Iraq,15-10-2024,World Cup qualifier,0.1,0.0
1769.589227,1642.835622,126.753605,66.6,72,67.0,65.25,68.8,53.2,57.2,64.0,72,61.0,64.58333333,67.63636364,43.09090909,54.09090909,2.6,6.0,0.666666667,1.4,0.6,0.6,1.8,0.8,0.4,0,0,0,1,0,Uzbekistan,United Arab Emirates,15-10-2024,World Cup qualifier,0.0,0.0
1645.149692,1603.809153,41.34053884,71.92857143,77,71.5,71.9,75.92307692,54.84615385,62.30769231,72.0,72,72.0,72.0,74.0,68.0,52.0,-0.071428571,-0.5,-0.1,1.4,1.2,0.4,0.8,1.6,0.2,0,0,0,0,0,Saudi Arabia,Bahrain,15-10-2024,World Cup qualifier,0.0,0.0
1829.432089,1406.857012,422.5750771,79.28571429,85,79.0,80.71428571,70.84615385,65.92307692,72.0,65.75,81,65.33333333,68.25,70.5,59.5,53.5,13.53571429,13.66666667,12.46428571,3.6,0.4,1.0,1.4,2.4,0.4,0,0,0,4,0,Morocco,Central African Republic,15-10-2024,African Nations Cup qualifier,0.5,0.0
1780.330473,1722.175074,58.15539853,73.92857143,83,75.33333333,73.54545455,73.0,61.66666667,65.58333333,67.92857143,72,67.625,68.57142857,69.64285714,57.0,57.0,6.0,7.708333333,4.974025974,1.0,1.2,0.2,1.2,2.4,0.4,0,0,0,2,1,Canada,Panama,15-10-2024,Friendly,0.175,0.15
1797.847744,1800.904488,-3.05674405,78.78571429,81,78.55555556,79.2,75.61538462,70.76923077,71.46153846,76.64285714,79,76.85714286,76.375,75.46153846,60.0,67.46153846,2.142857143,1.698412698,2.825,0.8,0.2,0.4,1.0,1.2,0.2,0,0,0,2,0,Mexico,United States,15-10-2024,Friendly,0.2,0.075
1973.631079,1773.481667,200.1494118,86.14285714,89,85.83333333,86.375,81.58333333,69.25,74.41666667,73.92857143,78,74.0,74.0,68.58333333,66.33333333,66.5,12.21428571,11.83333333,12.375,0.8,0.6,0.4,0.4,1.0,0.2,0,0,0,4,0,Brazil,Peru,15-10-2024,World Cup qualifier,0.0,0.0
2001.523654,1709.739161,291.7844931,78.42857143,84,79.0,77.875,77.0,68.0,68.84615385,74.78571429,81,74.75,74.54545455,70.09090909,58.18181818,66.0,3.642857143,4.25,3.329545455,0.8,0.8,0.4,0.4,1.6,0.0,0,0,0,4,0,Colombia,Chile,15-10-2024,World Cup qualifier,0.25,0.0
1870.286854,1696.394762,173.8920919,70.85714286,82,72.5,68.85714286,72.07142857,61.21428571,64.0,69.07142857,76,71.25,68.2,70.92307692,55.84615385,62.61538462,1.785714286,1.25,0.657142857,1.2,0.4,0.6,1.6,1.4,0.4,1,0,0,4,1,Iran,Qatar,15-10-2024,World Cup qualifier,0.1,0.3
1485.075992,1753.856947,-268.7809556,65.33333333,66,64.0,66.0,71.5,52.5,52.0,70.84615385,89,69.11111111,74.75,67.61538462,61.38461538,62.69230769,-5.512820513,-5.111111111,-8.75,0.2,1.4,0.2,2.4,0.4,0.8,0,0,0,0,1,Mauritania,Egypt,15-10-2024,African Nations Cup qualifier,0.0,0.2
1393.575808,1639.194723,-245.6189151,65.28571429,72,64.125,65.8,72.42857143,56.71428571,56.0,67.71428571,74,68.125,67.16666667,72.92857143,54.64285714,56.57142857,-2.428571429,-4.0,-1.366666667,0.4,2.8,0.2,2.2,0.8,0.6,0,0,0,1,1,Congo,South Africa,15-10-2024,African Nations Cup qualifier,0.0,0.1
1457.875162,1580.357144,-122.4819815,60.75,65,60.75,60.75,80.5,56.75,51.75,77.14285714,85,76.5,77.625,78.28571429,59.35714286,65.78571429,-16.39285714,-15.75,-16.875,1.4,0.4,0.6,1.4,1.2,0.4,1,0,0,2,0,Sudan,Ghana,15-10-2024,African Nations Cup qualifier,0.0,0.0
1487.503976,1856.7948,-369.2908236,67.5,70,67.5,67.5,76.5,62.0,65.0,79.64285714,85,78.71428571,80.5,71.92857143,63.35714286,71.0,-12.14285714,-11.21428571,-13.0,0.4,2.2,0.0,2.4,1.2,0.4,0,0,0,0,2,Kazakhstan,Austria,14-11-2024,European Nations League B,0.0,0.0
1791.64639,1610.923099,180.723291,78.5,86,79.16666667,78.42857143,76.69230769,66.61538462,65.84615385,70.5,81,71.2,70.85714286,75.46153846,54.53846154,60.07692308,8.0,7.966666667,7.571428571,1.6,0.2,0.8,2.4,1.0,0.6,1,0,0,1,0,Senegal,Burkina Faso,14-11-2024,African Nations Cup qualifier,0.1,0.0
1718.873844,1708.828494,10.04534928,70.07142857,85,68.0,73.33333333,69.46153846,54.38461538,56.30769231,67.92857143,72,67.625,68.57142857,69.64285714,57.0,57.0,2.142857143,0.375,4.761904762,1.8,0.4,0.6,1.2,2.2,0.4,0,0,0,0,1,Costa Rica,Panama,14-11-2024,CONCACAF Nations League,0.0,0.15
1575.04168,1776.803507,-201.7618269,69.42857143,75,69.42857143,69.0,70.33333333,53.16666667,61.83333333,77.35714286,86,78.57142857,77.0,71.0,67.5,74.14285714,-7.928571429,-9.142857143,-8.0,1.2,1.0,0.6,2.6,0.4,1.0,0,0,0,0,0,Equatorial Guinea,Algeria,14-11-2024,African Nations Cup qualifier,0.0,0.0
1771.229881,1981.314155,-210.0842735,72.78571429,77,72.71428571,72.5,70.84615385,65.46153846,64.15384615,86.14285714,89,85.83333333,86.375,81.58333333,69.25,74.41666667,-13.35714286,-13.11904762,-13.875,0.6,1.6,0.0,1.4,0.4,0.6,0,0,0,1,1,Venezuela,Brazil,14-11-2024,World Cup qualifier,0.0,0.0
1774.951222,1766.328729,8.622493666,74.71428571,88,73.2,76.0,67.58333333,62.0,67.41666667,77.78571429,91,81.4,75.875,76.14285714,66.28571429,70.28571429,-3.071428571,-8.2,0.125,1.0,0.8,0.4,1.4,1.8,0.4,0,0,0,1,4,Slovenia,Norway,14-11-2024,European Nations League B,0.0,0.0
1878.886668,1516.583916,362.3027526,70.85714286,82,72.5,68.85714286,72.07142857,61.21428571,64.0,63.0,63,63.0,63.0,57.0,68.0,49.0,7.857142857,9.5,5.857142857,1.2,0.2,0.6,0.8,1.4,0.0,1,0,0,3,2,Iran,North Korea,14-11-2024,World Cup qualifier,0.1,0.0
1791.006658,1643.254824,147.7518345,72.85714286,78,71.75,72.83333333,71.07692308,60.15384615,62.92307692,71.92857143,77,71.5,71.9,75.92307692,54.84615385,62.30769231,0.928571429,0.25,0.933333333,1.8,0.6,0.4,0.8,1.2,0.2,0,0,0,0,0,Australia,Saudi Arabia,14-11-2024,World Cup qualifier,0.0,0.0
1491.391795,1839.327369,-347.9355742,66.0,71,66.0,66.0,60.0,38.5,53.5,76.07142857,87,76.625,75.16666667,74.0,69.23076923,69.46153846,-10.07142857,-10.625,-9.166666667,0.8,1.4,0.2,1.8,0.6,0.8,0,0,0,1,3,Kuwait,South Korea,14-11-2024,World Cup qualifier,0.0,0.1
1728.596343,1684.488299,44.10804458,63.38461538,69,63.5,66.0,66.53846154,53.23076923,55.0,71.0,71,71.0,71.0,82.0,65.0,63.0,-7.615384615,-7.5,-5.0,1.4,0.8,0.6,2.0,1.0,0.6,0,0,0,0,0,Iraq,Jordan,14-11-2024,World Cup qualifier,0.0,0.2
2001.717093,1585.54234,416.1747532,86.14285714,91,87.5,85.33333333,84.92307692,73.07692308,77.0,70.5,77,72.0,68.5,71.76923077,61.38461538,62.15384615,15.64285714,15.5,16.83333333,2.0,1.4,0.6,1.6,2.6,0.2,0,0,0,0,0,France,Israel,14-11-2024,European Nations League A,0.6,0.0
1909.275528,1938.015692,-28.74016342,82.64285714,91,83.83333333,82.0,69.4,75.6,78.2,84.35714286,87,84.25,84.22222222,75.5,65.33333333,73.0,-1.714285714,-0.416666667,-2.222222222,1.2,1.6,0.2,2.2,1.4,0.6,0,0,0,0,1,Belgium,Italy,14-11-2024,European Nations League A,0.0,0.0
1789.616307,1943.406552,-153.7902451,75.64285714,81,75.5,75.75,74.0,64.91666667,66.08333333,85.28571429,90,85.625,84.71428571,77.0,72.07692308,80.07692308,-9.642857143,-10.125,-8.964285714,2.2,0.2,1.0,1.8,1.0,0.6,0,0,0,0,3,Greece,England,14-11-2024,European Nations League B,0.0,0.25
1701.001741,1455.392968,245.6087732,72.28571429,81,71.5,72.09090909,71.76923077,61.0,65.53846154,68.5,73,65.5,68.25,71.5,58.0,62.16666667,3.785714286,6.0,3.840909091,0.8,0.6,0.4,0.6,1.0,0.0,1,0,0,3,2,Tunisia,Madagascar,14-11-2024,African Nations Cup qualifier,0.0,0.0
1852.166031,1634.117539,218.0484924,75.42857143,80,75.66666667,75.36363636,75.2,55.9,68.7,68.64285714,74,68.6,69.14285714,68.83333333,56.41666667,60.33333333,6.785714286,7.066666667,6.220779221,0.4,0.4,0.2,1.6,2.0,0.6,0,0,0,4,0,Ecuador,Bolivia,14-11-2024,World Cup qualifier,0.0,0.0
1744.78006,2078.878008,-334.0979475,75.57142857,81,76.5,74.4,75.5,65.0,67.14285714,84.14285714,90,85.0,83.11111111,73.61538462,71.23076923,77.69230769,-8.571428571,-8.5,-8.711111111,0.8,0.6,0.4,2.4,0.6,0.6,0,0,0,2,1,Paraguay,Argentina,14-11-2024,World Cup qualifier,0.0,1.0
1663.70108,1784.763724,-121.0626432,73.85714286,79,72.81818182,76.0,77.92307692,67.76923077,64.07692308,76.64285714,79,76.85714286,76.375,75.46153846,60.0,67.46153846,-2.785714286,-4.038961039,-0.375,0.8,0.8,0.4,0.8,1.2,0.2,0,0,0,0,1,Jamaica,United States,14-11-2024,CONCACAF Nations League,0.0,0.075
1687.794948,1779.997899,-92.20295154,69.07142857,76,71.25,68.2,70.92307692,55.84615385,62.61538462,66.6,72,67.0,65.25,68.8,53.2,57.2,2.471428571,4.25,2.95,1.8,2.2,0.4,1.0,0.4,0.6,0,0,0,3,2,Qatar,Uzbekistan,14-11-2024,World Cup qualifier,0.3,0.0
1496.007077,1629.454571,-133.4474945,61.0,69,58.0,61.0,72.5,41.5,52.5,67.71428571,74,68.125,67.16666667,72.92857143,54.64285714,56.57142857,-6.714285714,-10.125,-6.166666667,1.6,1.0,0.6,2.4,1.0,0.6,0,0,0,0,2,Uganda,South Africa,15-11-2024,African Nations Cup qualifier,0.0,0.1
1547.692659,1832.015287,-284.3226281,68.92857143,80,69.0,68.22222222,72.07142857,58.78571429,60.92857143,79.28571429,85,79.0,80.71428571,70.84615385,65.92307692,72.0,-10.35714286,-10.0,-12.49206349,1.6,1.2,0.6,4.0,0.2,1.0,0,0,0,1,5,Gabon,Morocco,15-11-2024,African Nations Cup qualifier,0.0,0.5
1634.94426,1558.939245,76.00501466,70.28571429,78,70.77777778,69.25,76.78571429,61.35714286,60.92857143,77.14285714,85,76.5,77.625,78.28571429,59.35714286,65.78571429,-6.857142857,-5.722222222,-8.375,2.2,0.2,1.0,1.0,1.4,0.2,0,0,0,1,1,Angola,Ghana,15-11-2024,African Nations Cup qualifier,0.0,0.0
1661.952899,1428.940388,233.0125111,68.0,75,68.625,67.55555556,67.75,59.91666667,64.33333333,68.0,68,68.0,68.0,83.0,54.0,54.0,0.0,0.625,-0.444444444,2.2,0.8,0.6,1.4,1.8,0.6,0,0,0,8,1,New Zealand,Vanuatu,15-11-2024,World Cup qualifier,0.1,0.0
1496.235655,1908.00661,-411.7709546,60.66666667,64,60.66666667,62.0,67.0,42.33333333,50.66666667,78.0,81,78.33333333,77.5,78.07692308,65.76923077,72.30769231,-17.33333333,-17.66666667,-15.5,1.2,1.0,0.2,4.0,0.2,0.8,0,0,0,0,4,Indonesia,Japan,15-11-2024,World Cup qualifier,0.0,0.0
1951.829066,1792.531987,159.2970785,84.71428571,89,85.0,84.0,76.25,73.75,78.5,79.42857143,90,80.57142857,78.33333333,79.75,73.25,74.625,5.285714286,4.428571429,5.666666667,1.4,0.6,0.6,1.6,2.0,0.2,0,0,0,5,1,Portugal,Poland,15-11-2024,European Nations League A,0.3,0.0
1486.697025,1718.790796,-232.0937714,67.625,75,70.16666667,62.33333333,84.75,57.875,53.875,78.5,83,77.8,78.0,76.92857143,65.35714286,69.5,-10.875,-7.633333333,-15.66666667,0.8,1.0,0.4,1.6,0.4,0.6,0,0,0,1,0,Zambia,Ivory Coast,15-11-2024,African Nations Cup qualifier,0.0,0.0
1711.268907,1903.408288,-192.1393807,76.92857143,86,75.16666667,77.45454545,75.15384615,66.69230769,72.53846154,80.57142857,87,79.5,80.33333333,69.38461538,66.30769231,76.38461538,-3.642857143,-4.333333333,-2.878787879,0.8,1.6,0.0,1.6,1.4,0.4,0,0,0,1,0,Scotland,Croatia,15-11-2024,European Nations League A,0.0,0.2
1872.682819,2068.637179,-195.9543601,79.5,84,77.0,80.18181818,67.41666667,62.33333333,71.83333333,84.64285714,89,83.8,85.14285714,70.61538462,72.92307692,81.84615385,-5.142857143,-6.8,-4.961038961,1.2,1.0,0.4,2.0,0.4,0.8,0,0,0,1,2,Denmark,Spain,15-11-2024,European Nations League A,0.0,0.6
1499.421813,1793.677052,-294.2552393,69.5,78,71.8,68.7,77.0,52.58333333,61.16666667,73.92857143,83,75.33333333,73.54545455,73.0,61.66666667,65.58333333,-4.428571429,-3.533333333,-4.845454545,2.6,0.8,0.6,1.2,1.2,0.4,0,0,0,0,1,Suriname,Canada,15-11-2024,CONCACAF Nations League,0.0,0.175
1593.653502,1813.988509,-220.3350066,67.91666667,74,71.75,65.71428571,71.58333333,58.41666667,60.16666667,78.78571429,81,78.55555556,79.2,75.61538462,70.76923077,71.46153846,-10.86904762,-6.805555556,-13.48571429,1.8,1.2,0.4,1.0,0.2,0.4,0,0,0,2,0,Honduras,Mexico,15-11-2024,CONCACAF Nations League,0.0,0.2
1048.543995,1494.455933,-445.911938,53.0,58,53.0,53.0,64.0,48.0,50.0,67.0,73,67.5,66.5,72.5,57.0,61.0,-14.0,-14.5,-13.5,0.0,4.0,0.0,1.6,0.4,0.6,0,0,0,0,5,Saint Martin,Curacao,15-11-2024,CONCACAF Nations League B,0.0,0.0
1875.630548,2006.552207,-130.9216597,81.28571429,88,81.0,81.1,75.38461538,65.07692308,70.76923077,78.42857143,84,79.0,77.875,77.0,68.0,68.84615385,2.857142857,2.0,3.225,0.2,0.4,0.0,1.4,0.8,0.4,0,0,0,3,2,Uruguay,Colombia,15-11-2024,World Cup qualifier,0.1,0.25
1820.606733,1795.796832,24.80990043,79.78571429,87,77.0,80.25,71.7,63.0,71.3,80.0,86,80.8,78.75,62.41666667,72.66666667,73.66666667,-0.214285714,-3.8,1.5,0.8,2.2,0.0,0.4,1.0,0.2,0,0,0,1,1,Switzerland,Serbia,15-11-2024,European Nations League A,0.0,0.0
1576.080292,1712.303226,-136.222934,69.5,75,69.8,68.5,74.2,57.8,62.3,70.84615385,89,69.11111111,74.75,67.61538462,61.38461538,62.69230769,-1.346154,0.688889,-6.25,1.2,1.6,0.4,1.6,1.0,0.8,0,0,0,1,1,Cape Verde,Egypt,15-11-2024,African Nations Cup qualifier,0.0,0.2
1770.237285,1726.716446,43.52083826,77.07142857,81,77.625,76.0,72.30769231,66.46153846,72.23076923,76.21428571,84,74.25,77.1,72.41666667,60.41666667,65.91666667,0.857142857,3.375,-1.1,2.2,1.2,0.6,1.8,1.0,0.6,0,0,0,2,1,Sweden,Slovakia,16-11-2024,European Nations League C,0.0,0.0
1818.13249,1752.632944,65.49954561,78.35714286,85,78.66666667,77.88888889,73.58333333,63.41666667,70.75,74.35714286,77,75.0,74.11111111,68.5,56.75,66.75,4.0,3.666666667,3.777777778,1.8,1.0,0.6,1.0,1.4,0.4,0,0,0,0,0,Turkey,Wales,16-11-2024,European Nations League B,0.0,0.0
1958.396507,1567.167921,391.2285859,85.57142857,89,84.6,86.11111111,71.45454545,74.36363636,80.54545455,75.71428571,83,77.33333333,74.88888889,69.08333333,63.91666667,69.83333333,9.857142857,7.266666667,11.22222222,2.2,1.0,0.6,0.6,2.0,0.0,0,0,0,7,0,Germany,Bosnia and Herzegovina,16-11-2024,European Nations League A,0.1,0.0
1929.92535,1802.729244,127.1961061,83.21428571,89,82.14285714,83.77777778,78.92307692,65.15384615,73.46153846,75.85714286,84,75.33333333,76.25,70.58333333,61.66666667,65.33333333,7.357142857,6.80952381,7.527777778,1.8,1.6,0.2,0.8,1.2,0.4,0,0,0,4,0,Netherlands,Hungary,16-11-2024,European Nations League A,0.1,0.0
1658.141708,1772.410392,-114.2686841,74.5,78,74.75,74.4,71.0,56.91666667,63.25,77.21428571,83,78.0,76.77777778,72.72727273,71.09090909,71.36363636,-2.714285714,-3.25,-2.377777778,0.6,1.0,0.4,1.6,1.8,0.4,0,0,0,0,0,Albania,Czech Republic,16-11-2024,European Nations League B,0.0,0.0
1556.029033,1628.710091,-72.68105772,72.85714286,78,73.0,72.8,67.64285714,63.42857143,63.28571429,74.0,80,74.71428571,73.55555556,78.21428571,62.57142857,66.42857143,-1.142857143,-1.714285714,-0.755555556,1.6,1.0,0.4,1.4,0.0,1.0,1,0,0,1,0,Guinea,democratic republic of congo,16-11-2024,African Nations Cup qualifier,0.0,0.0
1782.725728,1484.092344,298.6333842,77.78571429,91,81.4,75.875,76.14285714,66.28571429,70.28571429,67.5,70,67.5,67.5,76.5,62.0,65.0,10.28571429,13.9,8.375,2.0,1.4,0.6,0.0,2.0,0.0,0,0,0,5,0,Norway,Kazakhstan,17-11-2024,European Nations League B,0.0,0.0
1952.695169,1988.389144,-35.69397549,84.35714286,87,84.25,84.22222222,75.5,65.33333333,73.0,86.14285714,91,87.5,85.33333333,84.92307692,73.07692308,77.0,-1.785714286,-3.25,-1.111111111,2.4,1.0,0.8,1.8,1.0,0.6,0,0,0,1,3,Italy,France,17-11-2024,European Nations League A,0.0,0.6
1860.206433,1758.554223,101.6522095,79.64285714,85,78.71428571,80.5,71.92857143,63.35714286,71.0,74.71428571,88,73.2,76.0,67.58333333,62.0,67.41666667,4.928571429,5.514285714,4.5,2.6,0.8,0.6,1.2,1.6,0.4,0,0,0,1,1,Austria,Slovenia,17-11-2024,European Nations League B,0.0,0.0
1952.753215,1671.536314,281.2169008,85.28571429,90,85.625,84.71428571,77.0,72.07692308,80.07692308,73.64285714,76,74.5,73.61538462,63.0,52.2,62.3,11.64285714,11.125,11.0989011,2.2,0.6,0.8,0.6,1.4,0.4,0,0,0,5,0,England,Ireland,17-11-2024,European Nations League B,0.25,0.0
1768.432523,1372.935677,395.4968457,77.35714286,86,78.57142857,77.0,71.0,67.5,74.14285714,65.16666667,76,61.0,67.0,66.33333333,48.5,59.16666667,12.19047619,17.57142857,10.0,2.2,0.2,0.8,0.6,1.4,0.2,0,0,0,5,1,Algeria,Liberia,17-11-2024,African Nations Cup qualifier,0.0,0.0
1598.870288,1894.596051,-295.7257626,70.5,77,72.0,68.5,71.76923077,61.38461538,62.15384615,82.64285714,91,83.83333333,82.0,69.4,75.6,78.2,-12.14285714,-11.83333333,-13.5,0.8,2.6,0.0,1.2,1.6,0.2,1,0,0,1,0,Israel,Belgium,17-11-2024,European Nations League A,0.0,0.0
1495.881951,1334.022266,161.859685,67.0,73,67.5,66.5,72.5,57.0,61.0,65.0,67,63.0,65.0,73.0,45.33333333,55.66666667,2.0,4.5,1.5,2.2,0.4,0.6,1.3,1.7,0.3,0,0,0,4,1,Curacao,Saint Lucia,18-11-2024,CONCACAF Nations League B,0.0,0.0
1562.384619,1370.809621,191.5749986,77.14285714,85,76.5,77.625,78.28571429,59.35714286,65.78571429,55.0,55,55.0,55.0,72.92857143,62.57142857,66.42857143,22.14285714,21.5,22.625,0.4,1.0,0.0,1.0,1.0,0.2,0,0,0,1,2,Ghana,Niger,18-11-2024,African Nations Cup qualifier,0.0,0.0
1879.363785,1960.967372,-81.60358669,80.57142857,87,79.5,80.33333333,69.38461538,66.30769231,76.38461538,84.71428571,89,85.0,84.0,76.25,73.75,78.5,-4.142857143,-5.5,-3.666666667,1.4,1.4,0.4,2.4,0.8,0.8,0,0,0,1,1,Croatia,Portugal,18-11-2024,European Nations League A,0.2,0.3
2076.462128,1819.466132,256.9959956,84.64285714,89,83.8,85.14285714,70.61538462,72.92307692,81.84615385,79.78571429,87,77.0,80.25,71.7,63.0,71.3,4.857142857,6.8,4.892857143,2.0,0.4,0.8,0.8,2.2,0.0,0,0,0,3,2,Spain,Switzerland,18-11-2024,European Nations League A,0.6,0.0
1783.393681,1735.31341,48.08027143,79.42857143,90,80.57142857,78.33333333,79.75,73.25,74.625,76.92857143,86,75.16666667,77.45454545,75.15384615,66.69230769,72.53846154,2.5,5.404761905,0.878787879,1.6,2.8,0.2,1.0,1.4,0.2,0,0,0,1,2,Poland,Scotland,18-11-2024,European Nations League A,0.0,0.0
1725.290971,1702.411367,22.87960386,67.92857143,72,67.625,68.57142857,69.64285714,57.0,57.0,70.07142857,85,68.0,73.33333333,69.46153846,54.38461538,56.30769231,-2.142857143,-0.375,-4.761904762,1.0,2.0,0.4,1.4,0.4,0.4,0,0,0,2,2,Panama,Costa Rica,18-11-2024,CONCACAF Nations League,0.15,0.0
1795.403773,1653.061031,142.3427417,76.64285714,79,76.85714286,76.375,75.46153846,60.0,67.46153846,73.85714286,79,72.81818182,76.0,77.92307692,67.76923077,64.07692308,2.785714286,4.038961039,0.375,1.0,1.0,0.4,0.8,0.4,0.4,0,0,0,4,2,United States,Jamaica,18-11-2024,CONCACAF Nations League,0.075,0.0
1361.539692,1609.409088,-247.8693954,59.5,65,59.5,65.0,71.5,42.0,52.5,66.0,72,64.0,66.33333333,77.0,51.83333333,59.5,-6.5,-4.5,-1.333333333,2.2,1.8,0.6,5.2,1.0,1.0,0,0,0,0,3,Puerto Rico,Haiti,18-11-2024,CONCACAF Nations League B,0.0,0.0
1707.261884,1456.322849,250.9390346,72.28571429,81,71.5,72.09090909,71.76923077,61.0,65.53846154,69.85714286,77,70.25,69.0,78.42857143,59.42857143,60.78571429,2.428571429,1.25,3.090909091,1.4,1.0,0.6,1.0,1.2,0.2,0,0,0,0,1,Tunisia,Gambia,18-11-2024,African Nations Cup qualifier,0.0,0.0
1483.750577,1583.543352,-99.792774,65.33333333,66,64.0,66.0,71.5,52.5,52.0,69.5,75,69.8,68.5,74.2,57.8,62.3,-4.166667,-5.8,-2.5,0.4,1.0,0.2,1.2,1.0,0.4,0,0,0,1,0,Mauritania,Cape Verde,19-11-2024,African Nations Cup qualifier,0.0,0.0
1553.797541,1815.151358,-261.3538166,71.5,82,70.66666667,72.125,70.0,57.69230769,58.61538462,78.35714286,85,78.66666667,77.88888889,73.58333333,63.41666667,70.75,-6.857142857,-8.0,-5.763888889,0.2,1.6,0.0,1.6,0.6,0.6,0,0,0,3,1,Montenegro,Turkey,19-11-2024,European Nations League B,0.0,0.0
1759.848747,1513.047722,246.8010251,66.6,72,67.0,65.25,68.8,53.2,57.2,63.0,63,63.0,63.0,57.0,68.0,49.0,3.6,4.0,2.25,1.4,1.0,0.6,1.0,1.6,0.0,1,0,0,1,0,Uzbekistan,North Korea,19-11-2024,World Cup qualifier,0.0,0.0
1537.566789,1910.741402,-373.1746127,71.07142857,76,71.5,70.66666667,79.25,61.25,63.75,78.0,81,78.33333333,77.5,78.07692308,65.76923077,72.30769231,-6.928571429,-6.833333333,-6.833333333,1.0,2.6,0.4,3.8,0.2,0.8,0,0,0,1,3,China,Japan,19-11-2024,World Cup qualifier,0.0,0.0
1767.329999,1710.271802,57.05819637,77.21428571,83,78.0,76.77777778,72.72727273,71.09090909,71.36363636,73.0,86,73.25,72.66666667,69.76923077,59.69230769,62.92307692,4.214285714,4.75,4.111111111,1.4,1.4,0.4,1.2,0.8,0.4,0,0,0,2,1,Czech Republic,Georgia,19-11-2024,European Nations League B,0.0,0.0
1627.019831,1772.699975,-145.6801435,68.64285714,74,68.6,69.14285714,68.83333333,56.41666667,60.33333333,75.57142857,81,76.5,74.4,75.5,65.0,67.14285714,-6.928571429,-7.9,-5.257142857,1.4,2.2,0.6,1.0,0.4,0.6,0,0,0,2,2,Bolivia,Paraguay,19-11-2024,World Cup qualifier,0.0,0.0
1984.793086,1859.263739,125.5293467,78.42857143,84,79.0,77.875,77.0,68.0,68.84615385,75.42857143,80,75.66666667,75.36363636,75.2,55.9,68.7,3.0,3.333333333,2.511363636,1.8,1.2,0.4,1.0,0.2,0.4,0,0,0,0,1,Colombia,Ecuador,19-11-2024,World Cup qualifier,0.25,0.0
1487.586961,1686.508707,-198.9217457,66.0,71,66.0,66.0,60.0,38.5,53.5,71.0,71,71.0,71.0,82.0,65.0,63.0,-5.0,-5.0,-5.0,0.8,2.0,0.0,1.6,0.8,0.4,0,0,0,1,1,Kuwait,Jordan,19-11-2024,World Cup qualifier,0.0,0.2
1585.731209,1784.584966,-198.8537572,72.0,72,72.0,72.0,74.0,68.0,52.0,72.85714286,78,71.75,72.83333333,71.07692308,60.15384615,62.92307692,-0.857142857,0.25,-0.833333333,0.6,1.6,0.2,0.8,0.6,0.2,0,0,0,2,2,Bahrain,Australia,19-11-2024,World Cup qualifier,0.0,0.0
1493.500864,1649.676516,-156.175652,60.66666667,64,60.66666667,62.0,67.0,42.33333333,50.66666667,71.92857143,77,71.5,71.9,75.92307692,54.84615385,62.30769231,-11.26190476,-10.83333333,-9.9,0.8,1.8,0.0,0.6,0.8,0.2,0,0,0,2,0,Indonesia,Saudi Arabia,19-11-2024,World Cup qualifier,0.0,0.0
1642.293367,1726.575936,-84.28256822,72.0,72,72.0,72.0,72.92857143,62.57142857,66.42857143,63.38461538,69,63.5,66.0,66.53846154,53.23076923,55.0,8.615384615,8.5,6.0,1.2,1.6,0.4,0.8,0.6,0.4,0,0,0,0,1,Oman,Iraq,19-11-2024,World Cup qualifier,0.0,0.0
1488.638491,1843.132203,-354.4937118,68.5,73,73.0,64.0,66.5,55.0,51.0,76.07142857,87,76.625,75.16666667,74.0,69.23076923,69.46153846,-7.571428571,-3.625,-11.16666667,0.6,1.4,0.0,2.2,0.8,0.8,1,0,0,1,1,Palestine,South Korea,19-11-2024,World Cup qualifier,0.0,0.1
1641.100657,1707.9441,-66.84344338,64.0,72,61.0,64.58333333,67.63636364,43.09090909,54.09090909,69.07142857,76,71.25,68.2,70.92307692,55.84615385,62.61538462,-5.071428571,-10.25,-3.616666667,1.4,0.8,0.4,2.0,2.4,0.4,0,0,0,5,0,United Arab Emirates,Qatar,19-11-2024,World Cup qualifier,0.0,0.3
1451.896859,1882.422862,-430.5260029,65.0,65,65.0,65.0,77.0,62.0,56.0,70.85714286,82,72.5,68.85714286,72.07142857,61.21428571,64.0,-5.857142857,-7.5,-3.857142857,0.8,2.0,0.2,1.8,0.6,0.8,0,0,0,2,3,Kyrgyzstan,Iran,19-11-2024,World Cup qualifier,0.0,0.1
1792.338453,1961.441918,-169.1034656,75.85714286,84,75.33333333,76.25,70.58333333,61.66666667,65.33333333,85.57142857,89,84.6,86.11111111,71.45454545,74.36363636,80.54545455,-9.714285714,-9.266666667,-9.861111111,0.6,2.0,0.2,3.4,0.6,0.8,0,0,0,1,1,Hungary,Germany,19-11-2024,European Nations League A,0.0,0.1
1800.001171,1402.799998,397.2011729,78.5,86,79.16666667,78.42857143,76.69230769,66.61538462,65.84615385,68.5,75,68.5,68.5,69.0,51.5,58.5,10.0,10.66666667,9.928571429,1.6,0.2,0.8,0.8,1.8,0.2,0,0,0,2,0,Senegal,Burundi,19-11-2024,African Nations Cup qualifier,0.1,0.0
1564.12251,1940.316141,-376.1936306,75.71428571,83,77.33333333,74.88888889,69.08333333,63.91666667,69.83333333,83.21428571,89,82.14285714,83.77777778,78.92307692,65.15384615,73.46153846,-7.5,-4.80952381,-8.888888889,0.6,3.2,0.0,2.4,1.2,0.4,0,0,0,1,1,Bosnia and Herzegovina,Netherlands,19-11-2024,European Nations League A,0.0,0.1
1639.594467,1297.874548,341.7199192,67.71428571,74,68.125,67.16666667,72.92857143,54.64285714,56.57142857,53.0,55,55.0,51.0,76.0,41.0,41.0,14.71428571,13.125,16.16666667,2.6,1.0,0.6,1.2,1.8,0.2,0,0,0,3,0,South Africa,South Sudan,19-11-2024,African Nations Cup qualifier,0.1,0.0
1609.41099,1382.061323,227.3496666,74.0,80,74.71428571,73.55555556,78.21428571,62.57142857,66.42857143,66.0,66,66.0,66.0,72.0,42.0,65.0,8.0,8.714285714,7.555555556,1.2,0.2,0.8,0.2,2.2,0.0,0,0,0,1,2,democratic republic of congo,Ethiopia,19-11-2024,African Nations Cup qualifier,0.0,0.0
1784.243493,1496.554066,287.6894268,77.07142857,81,77.625,76.0,72.30769231,66.46153846,72.23076923,65.83333333,71,65.0,70.5,71.4,57.4,50.8,11.23809524,12.625,5.5,2.6,0.8,0.8,0.6,2.2,0.0,0,0,0,6,0,Sweden,Azerbaijan,19-11-2024,European Nations League C,0.0,0.0
1693.451986,1308.989829,384.4621571,78.5,83,77.8,78.0,76.92857143,65.35714286,69.5,68.0,68,68.0,68.0,73.0,68.0,47.0,10.5,9.8,10.0,1.6,0.6,0.6,0.2,0.8,0.0,0,0,0,4,0,Ivory Coast,Chad,19-11-2024,African Nations Cup qualifier,0.0,0.0
1798.645617,1494.453248,304.1923699,73.92857143,83,75.33333333,73.54545455,73.0,61.66666667,65.58333333,69.5,78,71.8,68.7,77.0,52.58333333,61.16666667,4.428571429,3.533333333,4.845454545,1.4,0.8,0.6,1.8,1.0,0.4,0,0,0,3,0,Canada,Suriname,19-11-2024,CONCACAF Nations League,0.175,0.0
1789.013782,1618.628229,170.3855533,78.78571429,81,78.55555556,79.2,75.61538462,70.76923077,71.46153846,67.91666667,74,71.75,65.71428571,71.58333333,58.41666667,60.16666667,10.86904762,6.805555556,13.48571429,1.0,0.4,0.4,2.0,0.8,0.6,0,0,0,4,0,Mexico,Honduras,19-11-2024,CONCACAF Nations League,0.2,0.0
1972.668313,1897.389669,75.27864406,86.14285714,89,85.83333333,86.375,81.58333333,69.25,74.41666667,81.28571429,88,81.0,81.1,75.38461538,65.07692308,70.76923077,4.857142857,4.833333333,5.275,1.6,0.6,0.6,0.6,0.6,0.2,0,0,0,1,1,Brazil,Uruguay,19-11-2024,World Cup qualifier,0.0,0.1
2050.958093,1763.014022,287.9440709,84.14285714,90,85.0,83.11111111,73.61538462,71.23076923,77.69230769,73.92857143,78,74.0,74.0,68.58333333,66.33333333,66.5,10.21428571,11.0,9.111111111,2.4,1.0,0.4,0.4,1.2,0.2,0,0,0,1,0,Argentina,Peru,19-11-2024,World Cup qualifier,1.0,0.0
1626.932582,1553.576046,73.35653604,71.92857143,77,71.5,71.9,75.92307692,54.84615385,62.30769231,63.2,77,71.5,62.0,74.0,56.5,60.25,8.728571429,0.0,9.9,0.4,1.0,0.2,2.4,1.6,0.4,0,0,0,3,1,Saudi Arabia,Trinidad and Tobago,17-12-2024,Friendly,0.0,0.0
1688.903272,1660.141486,28.76178623,69.07142857,76,71.25,68.2,70.92307692,55.84615385,62.61538462,64.0,72,61.0,64.58333333,67.63636364,43.09090909,54.09090909,5.071428571,10.25,3.616666667,1.8,2.8,0.4,1.8,0.6,0.4,1,0,0,1,1,Qatar,United Arab Emirates,21-12-2024,Gulf Cup,0.3,0.0
1594.004504,1639.603708,-45.59920413,72.0,72,72.0,72.0,74.0,68.0,52.0,71.92857143,77,71.5,71.9,75.92307692,54.84615385,62.30769231,0.071428571,0.5,0.1,0.8,2.0,0.0,0.6,1.0,0.2,1,0,0,3,2,Bahrain,Saudi Arabia,22-12-2024,Gulf Cup,0.0,0.0
1626.131263,1687.58176,-61.45049755,72.0,72,72.0,72.0,72.92857143,62.57142857,66.42857143,69.07142857,76,71.25,68.2,70.92307692,55.84615385,62.61538462,2.928571429,0.75,3.8,0.6,1.2,0.4,1.6,2.6,0.4,1,0,0,2,1,Oman,Qatar,24-12-2024,Gulf Cup,0.0,0.3
1612.09245,1740.810737,-128.718287,72.0,72,72.0,72.0,74.0,68.0,52.0,63.38461538,69,63.5,66.0,66.53846154,53.23076923,55.0,8.615384615,8.5,6.0,1.4,1.4,0.2,1.0,0.6,0.6,1,0,0,2,0,Bahrain,Iraq,25-12-2024,Gulf Cup,0.0,0.0
1484.821009,1668.781004,-183.9599954,66.0,71,66.0,66.0,60.0,38.5,53.5,69.07142857,76,71.25,68.2,70.92307692,55.84615385,62.61538462,-3.071428571,-5.25,-2.2,1.0,1.4,0.2,1.2,2.8,0.2,0,0,0,1,1,Kuwait,Qatar,27-12-2024,Gulf Cup,0.0,0.3
1625.254395,1719.140139,-93.88574414,71.92857143,77,71.5,71.9,75.92307692,54.84615385,62.30769231,63.38461538,69,63.5,66.0,66.53846154,53.23076923,55.0,8.543956044,8.0,5.9,1.6,1.6,0.4,0.8,1.0,0.4,1,0,0,3,1,Saudi Arabia,Iraq,28-12-2024,Gulf Cup,0.0,0.0
1644.572228,1645.47574,-0.903512219,72.0,72,72.0,72.0,72.92857143,62.57142857,66.42857143,71.92857143,77,71.5,71.9,75.92307692,54.84615385,62.30769231,0.071428571,0.5,0.1,1.0,0.8,0.4,2.2,1.8,0.6,1,0,0,2,1,Oman,Saudi Arabia,31-12-2024,Gulf Cup,0.0,0.0
1805.192349,1760.589875,44.60247445,76.64285714,79,76.85714286,76.375,75.46153846,60.0,67.46153846,72.78571429,77,72.71428571,72.5,70.84615385,65.46153846,64.15384615,3.857142857,4.142857143,3.875,1.6,1.0,0.6,1.0,1.6,0.0,0,0,0,3,1,United States,Venezuela,18-01-2025,Friendly,0.075,0.0
1819.149539,1703.463491,115.6860479,76.64285714,79,76.85714286,76.375,75.46153846,60.0,67.46153846,70.07142857,85,68.0,73.33333333,69.46153846,54.38461538,56.30769231,6.571428571,8.857142857,3.041666667,2.0,1.0,0.8,1.2,0.8,0.2,0,0,0,3,0,United States,Costa Rica,22-01-2025,Friendly,0.075,0.0
1678.233118,1766.074402,-87.84128405,71.0,71,71.0,71.0,82.0,65.0,63.0,66.6,72,67.0,65.25,68.8,53.2,57.2,4.4,4.0,5.75,1.6,0.8,0.4,1.4,1.0,0.6,1,0,0,0,0,Jordan,Uzbekistan,27-01-2025,Friendly,0.2,0.0
1726.781027,1724.238847,2.542180182,74.78571429,81,74.75,74.54545455,70.09090909,58.18181818,66.0,67.92857143,72,67.625,68.57142857,69.64285714,57.0,57.0,6.857142857,7.125,5.974025974,1.2,2.0,0.2,0.8,2.2,0.2,0,0,0,6,1,Chile,Panama,08-02-2025,Friendly,0.0,0.15
1682.194314,1521.554007,160.6403068,71.0,71,71.0,71.0,82.0,65.0,63.0,63.0,63,63.0,63.0,57.0,68.0,49.0,8.0,8.0,8.0,1.0,0.6,0.2,1.0,1.2,0.2,0,0,0,1,1,Jordan,North Korea,14-03-2025,Friendly,0.2,0.0
1369.9573,1681.368962,-311.4116615,65.16666667,76,61.0,67.0,66.33333333,48.5,59.16666667,72.28571429,81,71.5,72.09090909,71.76923077,61.0,65.53846154,-7.119047619,-10.5,-5.090909091,0.6,2.2,0.2,1.2,1.2,0.4,0,0,0,0,1,Liberia,Tunisia,19-03-2025,World Cup qualifier,0.0,0.0
1698.918794,1467.998391,230.9204031,63.38461538,69,63.5,66.0,66.53846154,53.23076923,55.0,66.0,71,66.0,66.0,60.0,38.5,53.5,-2.615384615,-2.5,0.0,0.6,1.0,0.4,1.0,1.4,0.2,0,0,0,2,2,Iraq,Kuwait,20-03-2025,World Cup qualifier,0.0,0.0
1927.608542,2082.398765,-154.7902225,83.21428571,89,82.14285714,83.77777778,78.92307692,65.15384615,73.46153846,84.64285714,89,83.8,85.14285714,70.61538462,72.92307692,81.84615385,-1.428571429,-1.657142857,-1.365079365,1.6,1.0,0.2,2.6,0.8,1.0,0,0,0,2,2,Netherlands,Spain,20-03-2025,European Nations League,0.1,0.6
1557.951746,1265.063277,292.888469,69.5,75,69.8,68.5,74.2,57.8,62.3,65.0,65,65.0,65.0,65.0,41.0,53.0,4.5,4.8,3.5,1.0,1.2,0.2,0.8,1.0,0.3,0,0,0,1,0,Cape Verde,Mauritius,20-03-2025,World Cup qualifier,0.0,0.0
1969.254853,1963.251313,6.0035399,86.14285714,89,85.83333333,86.375,81.58333333,69.25,74.41666667,78.42857143,84,79.0,77.875,77.0,68.0,68.84615385,7.714285714,6.833333333,8.5,1.6,0.8,0.4,1.6,1.2,0.4,0,0,0,2,1,Brazil,Colombia,20-03-2025,World Cup qualifier,0.0,0.25
1766.35851,1742.663957,23.69455328,75.57142857,81,76.5,74.4,75.5,65.0,67.14285714,74.78571429,81,74.75,74.54545455,70.09090909,58.18181818,66.0,0.785714286,1.75,-0.145454545,1.4,0.8,0.6,2.2,1.8,0.4,0,0,0,1,0,Paraguay,Chile,20-03-2025,World Cup qualifier,0.0,0.0
1797.741126,1803.378802,-5.637676768,78.78571429,81,78.55555556,79.2,75.61538462,70.76923077,71.46153846,73.92857143,83,75.33333333,73.54545455,73.0,61.66666667,65.58333333,4.857142857,3.222222222,5.654545455,1.8,0.4,0.6,1.6,0.4,0.8,1,0,0,2,0,Mexico,Canada,20-03-2025,CONCACAF Nations League,0.2,0.175
1830.010531,1708.355916,121.6546148,76.64285714,79,76.85714286,76.375,75.46153846,60.0,67.46153846,67.92857143,72,67.625,68.57142857,69.64285714,57.0,57.0,8.714285714,9.232142857,7.803571429,2.2,1.0,0.8,1.0,2.4,0.2,0,0,0,0,1,United States,Panama,20-03-2025,CONCACAF Nations League,0.075,0.15
1883.054157,2002.751135,-119.6969779,80.57142857,87,79.5,80.33333333,69.38461538,66.30769231,76.38461538,86.14285714,91,87.5,85.33333333,84.92307692,73.07692308,77.0,-5.571428571,-8.0,-5.0,1.4,1.2,0.4,2.2,0.6,0.8,0,0,0,2,0,Croatia,France,20-03-2025,European Nations League,0.2,0.6
1861.769264,1957.277,-95.50773626,79.5,84,77.0,80.18181818,67.41666667,62.33333333,71.83333333,84.71428571,89,85.0,84.0,76.25,73.75,78.5,-5.214285714,-8.0,-3.818181818,1.0,1.0,0.2,2.2,0.8,0.6,0,0,0,1,0,Denmark,Portugal,20-03-2025,European Nations League,0.0,0.3
1855.65433,1800.026038,55.62829197,79.64285714,85,78.71428571,80.5,71.92857143,63.35714286,71.0,80.0,86,80.8,78.75,62.41666667,72.66666667,73.66666667,-0.357142857,-2.085714286,1.75,2.6,0.8,0.6,0.6,1.2,0.2,0,0,0,1,1,Austria,Serbia,20-03-2025,European Nations League A/B,0.0,0.0
1788.402957,1753.513561,34.8893965,75.64285714,81,75.5,75.75,74.0,64.91666667,66.08333333,76.92857143,86,75.16666667,77.45454545,75.15384615,66.69230769,72.53846154,-1.285714286,0.333333333,-1.704545455,1.6,0.8,0.8,1.0,1.0,0.4,0,0,0,0,1,Greece,Scotland,20-03-2025,European Nations League A/B,0.0,0.0
1800.177418,1867.529191,-67.35177357,76.85714286,82,76.625,76.625,75.0,66.16666667,72.83333333,82.64285714,91,83.83333333,82.0,69.4,75.6,78.2,-5.785714286,-7.208333333,-5.375,1.4,1.2,0.4,0.6,1.6,0.0,1,0,0,3,1,Ukraine,Belgium,20-03-2025,European Nations League A/B,0.0,0.0
1938.333178,1954.216184,-15.88300595,84.35714286,87,84.25,84.22222222,75.5,65.33333333,73.0,85.57142857,89,84.6,86.11111111,71.45454545,74.36363636,80.54545455,-1.214285714,-0.35,-1.888888889,2.0,1.4,0.6,2.6,0.8,0.6,0,0,0,1,2,Italy,Germany,20-03-2025,European Nations League,0.0,0.1
1629.434132,1547.817387,81.61674551,71.92857143,77,71.5,71.9,75.92307692,54.84615385,62.30769231,71.07142857,76,71.5,70.66666667,79.25,61.25,63.75,0.857142857,0.0,1.233333333,2.4,1.8,0.6,1.6,1.6,0.6,0,0,0,1,0,Saudi Arabia,China,20-03-2025,World Cup qualifier,0.0,0.0
1914.08549,1634.230491,279.8549985,78.0,81,78.33333333,77.5,78.07692308,65.76923077,72.30769231,72.0,72,72.0,72.0,74.0,68.0,52.0,6.0,6.333333333,5.5,3.0,0.4,0.8,1.8,1.0,0.8,0,0,0,2,0,Japan,Bahrain,20-03-2025,World Cup qualifier,0.0,0.0
1776.311671,1463.508894,312.8027777,72.85714286,78,71.75,72.83333333,71.07692308,60.15384615,62.92307692,60.66666667,64,60.66666667,62.0,67.0,42.33333333,50.66666667,12.19047619,11.08333333,10.83333333,1.2,0.8,0.2,1.2,1.0,0.4,0,0,0,5,1,Australia,Indonesia,20-03-2025,World Cup qualifier,0.0,0.0
1884.899439,1637.477747,247.4216912,70.85714286,82,72.5,68.85714286,72.07142857,61.21428571,64.0,64.0,72,61.0,64.58333333,67.63636364,43.09090909,54.09090909,6.857142857,11.5,4.273809524,2.2,1.0,0.8,2.2,0.8,0.4,0,0,0,2,0,Iran,United Arab Emirates,20-03-2025,World Cup qualifier,0.1,0.0
1762.113206,1449.420283,312.692923,66.6,72,67.0,65.25,68.8,53.2,57.2,65.0,65,65.0,65.0,77.0,62.0,56.0,1.6,2.0,0.25,0.8,0.6,0.4,1.2,2.4,0.2,0,0,0,1,0,Uzbekistan,Kyrgyzstan,20-03-2025,World Cup qualifier,0.0,0.0
1830.812287,1635.045096,195.7671902,76.07142857,87,76.625,75.16666667,74.0,69.23076923,69.46153846,72.0,72,72.0,72.0,72.92857143,62.57142857,66.42857143,4.071428571,4.625,3.166666667,2.4,1.0,0.8,1.2,1.0,0.4,0,0,0,1,1,South Korea,Oman,20-03-2025,World Cup qualifier,0.1,0.0
1661.021275,1528.466098,132.5551769,69.07142857,76,71.25,68.2,70.92307692,55.84615385,62.61538462,63.0,63,63.0,63.0,57.0,68.0,49.0,6.071428571,8.25,5.2,1.2,2.2,0.2,1.0,1.2,0.2,0,0,0,5,1,Qatar,North Korea,20-03-2025,World Cup qualifier,0.3,0.0
1788.967654,1799.564187,-10.59653265,78.35714286,85,78.66666667,77.88888889,73.58333333,63.41666667,70.75,75.85714286,84,75.33333333,76.25,70.58333333,61.66666667,65.33333333,2.5,3.333333333,1.638888889,1.8,1.2,0.6,0.8,1.2,0.2,0,0,0,3,1,Turkey,Hungary,20-03-2025,European Nations League A/B,0.0,0.0
1675.282223,1500.958408,174.3238151,71.0,71,71.0,71.0,82.0,65.0,63.0,68.5,73,73.0,64.0,66.5,55.0,51.0,2.5,-2.0,7.0,1.2,0.4,0.2,0.8,1.6,0.0,0,0,0,3,1,Jordan,Palestine,20-03-2025,World Cup qualifier,0.2,0.0
1538.359553,1305.83538,232.524173,77.14285714,85,76.5,77.625,78.28571429,59.35714286,65.78571429,68.0,68,68.0,68.0,73.0,68.0,47.0,9.142857143,8.5,9.625,0.6,1.2,0.0,0.2,1.6,0.0,0,0,0,5,0,Ghana,Chad,21-03-2025,World Cup qualifier,0.0,0.0
1696.606434,1399.848017,296.7584173,78.5,83,77.8,78.0,76.92857143,65.35714286,69.5,68.5,75,68.5,68.5,69.0,51.5,58.5,10.0,9.3,9.5,2.0,0.6,0.6,0.2,1.8,0.0,1,0,0,1,0,Ivory Coast,Burundi,21-03-2025,World Cup qualifier,0.0,0.0
1672.424481,1528.617254,143.8072266,68.0,75,68.625,67.55555556,67.75,59.91666667,64.33333333,68.0,68,68.0,68.0,88.0,67.0,64.0,0.0,0.625,-0.444444444,4.8,0.4,0.8,1.8,1.4,0.2,0,0,0,7,0,New Zealand,Fiji,21-03-2025,World Cup qualifier,0.1,0.0
1958.045004,1652.804707,305.2402965,85.28571429,90,85.625,84.71428571,77.0,72.07692308,80.07692308,74.5,78,74.75,74.4,71.0,56.91666667,63.25,10.78571429,10.875,10.31428571,2.8,0.6,0.8,0.4,1.0,0.2,0,0,0,2,0,England,Albania,21-03-2025,World Cup qualifier,0.25,0.0
1584.217372,1293.948118,290.2692541,74.0,80,74.71428571,73.55555556,78.21428571,62.57142857,66.42857143,53.0,55,55.0,51.0,76.0,41.0,41.0,21.0,19.71428571,22.55555556,1.2,0.6,0.6,1.2,2.2,0.2,0,0,0,1,0,democratic republic of congo,South Sudan,21-03-2025,World Cup qualifier,0.0,0.0
1740.941291,1407.25494,333.6863505,70.84615385,89,69.11111111,74.75,67.61538462,61.38461538,62.69230769,66.0,66,66.0,66.0,72.0,42.0,65.0,4.846153846,3.111111111,8.75,1.8,0.4,0.6,0.6,2.4,0.2,1,0,0,2,0,Egypt,Ethiopia,21-03-2025,World Cup qualifier,0.2,0.0
1709.46317,1576.830109,132.6330618,73.0,77,72.88888889,73.2,75.36363636,69.18181818,71.45454545,75.71428571,83,77.33333333,74.88888889,69.08333333,63.91666667,69.83333333,-2.714285714,-4.444444444,-1.688888889,2.4,0.6,0.8,0.4,2.4,0.0,0,0,0,0,1,Romania,Bosnia and Herzegovina,21-03-2025,World Cup qualifier,0.0,0.0
1900.80313,2056.081056,-155.277926,81.28571429,88,81.0,81.1,75.38461538,65.07692308,70.76923077,84.14285714,90,85.0,83.11111111,73.61538462,71.23076923,77.69230769,-2.857142857,-4.0,-2.011111111,0.8,0.8,0.2,2.0,1.0,0.4,0,0,0,0,1,Uruguay,Argentina,21-03-2025,World Cup qualifier,0.1,1.0
1839.256395,1394.834687,444.4217086,79.28571429,85,79.0,80.71428571,70.84615385,65.92307692,72.0,55.0,55,55.0,55.0,72.92857143,62.57142857,66.42857143,24.28571429,24.0,25.71428571,4.4,0.2,1.0,1.4,1.0,0.4,0,0,0,2,1,Morocco,Niger,21-03-2025,World Cup qualifier,0.5,0.0
1596.169446,1813.529496,-217.36005,70.92857143,75,69.0,71.09090909,58.23076923,53.30769231,63.84615385,79.78571429,87,77.0,80.25,71.7,63.0,71.3,-8.857142857,-8.0,-9.159090909,1.8,0.6,0.4,1.2,2.4,0.0,0,0,0,1,1,Northern Ireland,Switzerland,21-03-2025,Friendly,0.0,0.0
1880.805512,1746.632685,134.1728269,75.42857143,80,75.66666667,75.36363636,75.2,55.9,68.7,72.78571429,77,72.71428571,72.5,70.84615385,65.46153846,64.15384615,2.642857143,2.952380952,2.863636364,1.2,0.0,0.6,1.2,2.2,0.0,0,0,0,2,1,Ecuador,Venezuela,21-03-2025,World Cup qualifier,0.0,0.0
1491.424793,1615.603962,-124.1791688,65.83333333,71,65.0,70.5,71.4,57.4,50.8,66.0,72,64.0,66.33333333,77.0,51.83333333,59.5,-0.166666667,1.0,4.166666667,0.4,2.8,0.0,5.0,0.8,1.0,0,0,0,0,3,Azerbaijan,Haiti,22-03-2025,Friendly,0.0,0.0
1780.725742,1365.622091,415.1036517,77.21428571,83,78.0,76.77777778,72.72727273,71.09090909,71.36363636,57.33333333,63,57.33333333,59.0,64.66666667,50.33333333,51.0,19.88095238,20.66666667,17.77777778,1.6,0.8,0.6,0.8,1.0,0.2,0,0,0,2,1,Czech Republic,Faroe Islands,22-03-2025,World Cup qualifier,0.0,0.0
1508.572998,1789.372767,-280.7997688,67.0,76,66.75,66.9,69.08333333,48.75,59.83333333,77.07142857,81,77.625,76.0,72.30769231,66.46153846,72.23076923,-10.07142857,-10.875,-9.1,0.6,1.0,0.0,3.2,0.6,0.8,0,0,0,1,0,Luxembourg,Sweden,22-03-2025,Friendly,0.0,0.0
1802.953152,1472.498412,330.4547402,78.5,86,79.16666667,78.42857143,76.69230769,66.61538462,65.84615385,60.75,65,60.75,60.75,80.5,56.75,51.75,17.75,18.41666667,17.67857143,1.8,0.0,1.0,0.4,0.8,0.2,1,0,0,0,0,Senegal,Sudan,22-03-2025,World Cup qualifier,0.1,0.0
1453.994528,1787.589432,-333.5949039,65.0,72,65.4,63.2,62.1,55.0,53.2,77.78571429,91,81.4,75.875,76.14285714,66.28571429,70.28571429,-12.78571429,-16.0,-12.675,1.0,0.4,0.6,3.0,1.4,0.8,0,0,0,0,5,Moldova,Norway,22-03-2025,World Cup qualifier,0.0,0.0
1808.626392,1787.119201,21.50719159,76.64285714,79,76.85714286,76.375,75.46153846,60.0,67.46153846,73.92857143,83,75.33333333,73.54545455,73.0,61.66666667,65.58333333,2.714285714,1.523809524,2.829545455,2.2,0.8,0.8,1.2,0.6,0.6,0,0,0,1,2,United States,Canada,23-03-2025,CONCACAF Nations League,0.075,0.175
1814.000728,1729.740055,84.26067235,78.78571429,81,78.55555556,79.2,75.61538462,70.76923077,71.46153846,67.92857143,72,67.625,68.57142857,69.64285714,57.0,57.0,10.85714286,10.93055556,10.62857143,1.6,0.4,0.6,1.2,2.0,0.4,1,0,0,2,1,Mexico,Panama,23-03-2025,CONCACAF Nations League,0.2,0.15
1802.566147,1853.114222,-50.54807434,80.0,86,80.8,78.75,62.41666667,72.66666667,73.66666667,79.64285714,85,78.71428571,80.5,71.92857143,63.35714286,71.0,0.357142857,2.085714286,-1.75,0.8,1.0,0.2,2.6,0.6,0.6,0,0,0,2,0,Serbia,Austria,23-03-2025,European Nations League A/B,0.0,0.0
1783.07635,1805.455491,-22.37914157,75.85714286,84,75.33333333,76.25,70.58333333,61.66666667,65.33333333,78.35714286,85,78.66666667,77.88888889,73.58333333,63.41666667,70.75,-2.5,-3.333333333,-1.638888889,1.0,1.8,0.2,1.8,1.2,0.6,0,0,0,0,3,Hungary,Turkey,23-03-2025,European Nations League A/B,0.0,0.0
1981.447091,1904.358201,77.08888981,86.14285714,91,87.5,85.33333333,84.92307692,73.07692308,77.0,80.57142857,87,79.5,80.33333333,69.38461538,66.30769231,76.38461538,5.571428571,8.0,5.0,1.8,1.0,0.6,1.6,1.2,0.4,0,0,0,2,0,France,Croatia,23-03-2025,European Nations League,0.6,0.2
1969.485254,1923.064109,46.42114526,85.57142857,89,84.6,86.11111111,71.45454545,74.36363636,80.54545455,84.35714286,87,84.25,84.22222222,75.5,65.33333333,73.0,1.214285714,0.35,1.888888889,2.6,0.6,0.8,1.8,1.6,0.4,0,0,0,3,3,Germany,Italy,23-03-2025,European Nations League,0.1,0.0
1936.986245,1882.06002,54.92622534,84.71428571,89,85.0,84.0,76.25,73.75,78.5,79.5,84,77.0,80.18181818,67.41666667,62.33333333,71.83333333,5.214285714,8.0,3.818181818,1.8,0.8,0.4,0.8,1.0,0.2,0,0,0,5,2,Portugal,Denmark,23-03-2025,European Nations League,0.3,0.0
2075.707385,1934.299921,141.407464,84.64285714,89,83.8,85.14285714,70.61538462,72.92307692,81.84615385,83.21428571,89,82.14285714,83.77777778,78.92307692,65.15384615,73.46153846,1.428571429,1.657142857,1.365079365,2.2,1.0,0.8,1.6,1.0,0.2,0,0,0,3,3,Spain,Netherlands,23-03-2025,European Nations League,0.6,0.1
1848.465805,1819.240804,29.22500114,82.64285714,91,83.83333333,82.0,69.4,75.6,78.2,76.85714286,82,76.625,76.625,75.0,66.16666667,72.83333333,5.785714286,7.208333333,5.375,0.8,1.8,0.0,1.6,0.8,0.6,0,0,0,3,0,Belgium,Ukraine,23-03-2025,European Nations League A/B,0.0,0.0
1771.114898,1770.80162,0.313277512,76.92857143,86,75.16666667,77.45454545,75.15384615,66.69230769,72.53846154,75.64285714,81,75.5,75.75,74.0,64.91666667,66.08333333,1.285714286,-0.333333333,1.704545455,1.0,0.6,0.6,1.2,1.0,0.6,0,0,0,0,3,Scotland,Greece,23-03-2025,European Nations League A/B,0.0,0.0
1545.007684,1449.620861,95.38682351,77.14285714,85,76.5,77.625,78.28571429,59.35714286,65.78571429,68.5,73,65.5,68.25,71.5,58.0,62.16666667,8.642857143,11.0,9.375,1.4,1.0,0.2,1.4,1.4,0.2,1,0,0,3,0,Ghana,Madagascar,24-03-2025,World Cup qualifier,0.0,0.0
1682.155873,1548.242834,133.913039,68.0,75,68.625,67.55555556,67.75,59.91666667,64.33333333,71.0,71,71.0,71.0,43.0,38.0,59.0,-3.0,-2.375,-3.444444444,6.0,0.2,1.0,2.4,1.2,0.6,0,0,0,3,0,New Zealand,New Caledonia,24-03-2025,World Cup qualifier,0.1,0.0
1962.753912,1393.460582,569.2933297,85.28571429,90,85.625,84.71428571,77.0,72.07692308,80.07692308,62.16666667,66,65.0,61.8,62.4,53.4,55.6,23.11904762,20.625,22.91428571,2.8,0.6,0.8,0.6,1.4,0.2,0,0,0,3,0,England,Latvia,24-03-2025,World Cup qualifier,0.25,0.0
1598.65771,1427.714955,170.9427552,75.71428571,83,77.33333333,74.88888889,69.08333333,63.91666667,69.83333333,66.57142857,71,66.4,66.66666667,66.91666667,51.91666667,56.5,9.142857143,10.93333333,8.222222222,0.6,2.4,0.2,1.0,2.2,0.4,0,0,0,2,1,Bosnia and Herzegovina,Cyprus,24-03-2025,World Cup qualifier,0.0,0.0
1685.936982,1406.208511,279.7284712,72.28571429,81,71.5,72.09090909,71.76923077,61.0,65.53846154,59.5,64,55.0,59.5,73.5,35.5,48.5,12.78571429,16.5,12.59090909,1.0,1.0,0.4,0.6,1.2,0.2,0,0,0,2,0,Tunisia,Malawi,24-03-2025,World Cup qualifier,0.0,0.0
1701.514822,1483.909577,217.6052444,78.5,83,77.8,78.0,76.92857143,65.35714286,69.5,69.85714286,77,70.25,69.0,78.42857143,59.42857143,60.78571429,8.642857143,7.55,9.0,1.8,0.6,0.6,1.4,1.2,0.4,0,0,0,1,0,Ivory Coast,Gambia,24-03-2025,World Cup qualifier,0.0,0.0
1535.508332,1780.848423,-245.3400906,71.07142857,76,71.5,70.66666667,79.25,61.25,63.75,72.85714286,78,71.75,72.83333333,71.07692308,60.15384615,62.92307692,-1.785714286,-0.25,-2.166666667,1.4,1.2,0.6,2.2,1.0,0.4,0,0,0,0,2,China,Australia,25-03-2025,World Cup qualifier,0.0,0.0
1498.667347,1589.283004,-90.6156576,65.33333333,66,64.0,66.0,71.5,52.5,52.0,74.0,80,74.71428571,73.55555556,78.21428571,62.57142857,66.42857143,-8.666666667,-10.71428571,-7.555555556,0.8,1.2,0.2,1.0,0.6,0.6,0,0,0,0,2,Mauritania,democratic republic of congo,25-03-2025,World Cup qualifier,0.0,0.0
1622.862518,1891.513029,-268.6505111,68.64285714,74,68.6,69.14285714,68.83333333,56.41666667,60.33333333,81.28571429,88,81.0,81.1,75.38461538,65.07692308,70.76923077,-12.64285714,-12.4,-11.95714286,0.8,3.0,0.2,0.8,1.0,0.2,0,0,0,0,0,Bolivia,Uruguay,25-03-2025,World Cup qualifier,0.0,0.1
1947.527759,1781.269025,166.2587341,78.42857143,84,79.0,77.875,77.0,68.0,68.84615385,75.57142857,81,76.5,74.4,75.5,65.0,67.14285714,2.857142857,2.5,3.475,1.4,1.4,0.2,1.4,0.8,0.6,0,0,0,2,2,Colombia,Paraguay,25-03-2025,World Cup qualifier,0.25,0.0
1727.753443,1890.916508,-163.1630645,74.78571429,81,74.75,74.54545455,70.09090909,58.18181818,66.0,75.42857143,80,75.66666667,75.36363636,75.2,55.9,68.7,-0.642857143,-0.916666667,-0.818181818,2.0,1.6,0.4,1.4,0.2,0.6,0,0,0,0,0,Chile,Ecuador,25-03-2025,World Cup qualifier,0.0,0.0
2065.371156,1984.978407,80.39274883,84.14285714,90,85.0,83.11111111,73.61538462,71.23076923,77.69230769,86.14285714,89,85.83333333,86.375,81.58333333,69.25,74.41666667,-2.0,-0.833333333,-3.263888889,2.0,0.6,0.6,2.0,0.8,0.6,0,0,0,4,1,Argentina,Brazil,25-03-2025,World Cup qualifier,1.0,0.0
1444.881069,1671.196785,-226.3157157,65.0,65,65.0,65.0,77.0,62.0,56.0,69.07142857,76,71.25,68.2,70.92307692,55.84615385,62.61538462,-4.071428571,-6.25,-3.2,0.8,2.0,0.2,1.6,2.0,0.2,0,0,0,3,1,Kyrgyzstan,Qatar,25-03-2025,World Cup qualifier,0.0,0.3
1762.67517,1605.049825,157.6253449,77.07142857,81,77.625,76.0,72.30769231,66.46153846,72.23076923,70.92857143,75,69.0,71.09090909,58.23076923,53.30769231,63.84615385,6.142857143,8.625,4.909090909,2.6,0.8,0.6,2.0,0.6,0.4,0,0,0,5,1,Sweden,Northern Ireland,25-03-2025,Friendly,0.0,0.0
1745.029818,1427.86288,317.1669378,70.84615385,89,69.11111111,74.75,67.61538462,61.38461538,62.69230769,66.08333333,70,67.11111111,63.8,79.33333333,54.66666667,55.5,4.762820513,2.0,10.95,1.4,0.4,0.6,1.2,1.6,0.4,0,0,0,1,0,Egypt,Sierra Leone,25-03-2025,World Cup qualifier,0.2,0.0
1822.643606,1683.866418,138.777189,76.07142857,87,76.625,75.16666667,74.0,69.23076923,69.46153846,71.0,71,71.0,71.0,82.0,65.0,63.0,5.071428571,5.625,4.166666667,2.0,1.0,0.6,1.0,0.6,0.2,0,0,0,1,1,South Korea,Jordan,25-03-2025,World Cup qualifier,0.1,0.2
1919.411996,1641.743187,277.6688087,78.0,81,78.33333333,77.5,78.07692308,65.76923077,72.30769231,71.92857143,77,71.5,71.9,75.92307692,54.84615385,62.30769231,6.071428571,6.833333333,5.6,2.4,0.4,0.8,2.0,1.6,0.6,0,0,0,0,0,Japan,Saudi Arabia,25-03-2025,World Cup qualifier,0.0,0.0
1841.556269,1502.540279,339.0159904,79.28571429,85,79.0,80.71428571,70.84615385,65.92307692,72.0,66.0,72,66.0,66.0,77.5,66.5,55.0,13.28571429,13.0,14.71428571,4.6,0.4,1.0,1.0,0.8,0.6,0,0,0,2,0,Morocco,Tanzania,25-03-2025,World Cup qualifier,0.5,0.0
1776.213562,1548.77065,227.4429122,77.35714286,86,78.57142857,77.0,71.0,67.5,74.14285714,73.66666667,81,68.0,76.5,83.66666667,53.33333333,60.33333333,3.69047619,10.57142857,0.5,2.8,0.6,0.8,1.8,0.8,0.6,0,0,0,5,1,Algeria,Mozambique,25-03-2025,World Cup qualifier,0.0,0.0
1791.10848,1483.781736,307.3267444,78.5,86,79.16666667,78.42857143,76.69230769,66.61538462,65.84615385,68.38461538,78,69.28571429,67.5,74.15384615,54.92307692,56.30769231,10.11538462,9.880952381,10.92857143,1.6,0.0,0.8,1.2,1.8,0.2,0,0,0,2,0,Senegal,Togo,25-03-2025,World Cup qualifier,0.1,0.0
1783.412932,1256.064201,527.348731,77.21428571,83,78.0,76.77777778,72.72727273,71.09090909,71.36363636,58.0,58,58.0,58.0,65.0,44.5,46.5,19.21428571,20.0,18.77777778,1.4,0.6,0.6,0.8,1.0,0.2,1,0,0,4,0,Czech Republic,Gibraltar,25-03-2025,World Cup qualifier,0.0,0.0
1608.820235,1564.203842,44.616393,70.28571429,78,70.77777778,69.25,76.78571429,61.35714286,60.92857143,69.5,75,69.8,68.5,74.2,57.8,62.3,0.785714,0.977778,0.75,0.6,0.6,0.2,0.6,1.0,0.2,0,0,0,1,2,Angola,Cape Verde,25-03-2025,World Cup qualifier,0.0,0.0
1891.107198,1766.65242,124.4547775,70.85714286,82,72.5,68.85714286,72.07142857,61.21428571,64.0,66.6,72,67.0,65.25,68.8,53.2,57.2,4.257142857,5.5,3.607142857,2.4,1.0,0.8,1.0,0.6,0.6,0,0,0,2,2,Iran,Uzbekistan,25-03-2025,World Cup qualifier,0.1,0.0
1804.649117,1535.270595,269.3785222,79.78571429,87,77.0,80.25,71.7,63.0,71.3,67.0,76,66.75,66.9,69.08333333,48.75,59.83333333,12.78571429,10.25,13.35,1.2,1.8,0.0,0.8,0.8,0.2,0,0,0,3,1,Switzerland,Luxembourg,25-03-2025,Friendly,0.0,0.0
1791.679836,1635.380736,156.2991005,77.78571429,91,81.4,75.875,76.14285714,66.28571429,70.28571429,70.5,77,72.0,68.5,71.76923077,61.38461538,62.15384615,7.285714286,9.4,7.375,3.6,1.2,0.8,1.0,1.8,0.4,1,0,0,4,2,Norway,Israel,25-03-2025,World Cup qualifier,0.0,0.0
1648.94156,1505.476107,143.4654535,67.71428571,74,68.125,67.16666667,72.92857143,54.64285714,56.57142857,67.5,73,67.75,66.57142857,64.8,51.2,56.5,0.214285714,0.375,0.595238095,2.6,0.2,0.8,1.4,1.0,0.2,1,0,0,2,0,South Africa,Benin,25-03-2025,World Cup qualifier,0.1,0.0
1492.374213,1689.61568,-197.2414675,68.5,73,73.0,64.0,66.5,55.0,51.0,63.38461538,69,63.5,66.0,66.53846154,53.23076923,55.0,5.115384615,9.5,-2.0,0.8,1.6,0.0,1.0,1.4,0.4,1,0,0,2,1,Palestine,Iraq,25-03-2025,World Cup qualifier,0.0,0.0
1617.561395,1556.722097,60.8392986,78.0,88,78.6,76.66666667,79.5,70.28571429,64.5,77.14285714,85,76.5,77.625,78.28571429,59.35714286,65.78571429,0.857142857,2.1,-0.958333333,1.2,0.8,0.4,2.0,1.0,0.4,1,0,0,2,1,Nigeria,Ghana,28-05-2025,Friendly tournament,0.0,0.0
1523.011242,1586.758143,-63.746901,59.0,61,59.0,59.0,70.5,55.0,54.0,69.5,75,69.8,68.5,74.2,57.8,62.3,-10.5,-10.8,-9.5,1.0,3.7,0.0,0.8,0.8,0.4,0,0,0,1,1,Malaysia,Cape Verde,29-05-2025,Friendly,0.0,0.0
1652.360571,1689.937835,-37.57726353,71.92857143,77,71.5,71.9,75.92307692,54.84615385,62.30769231,71.0,71,71.0,71.0,82.0,65.0,63.0,0.928571429,0.5,0.9,1.6,1.0,0.6,1.2,0.8,0.2,0,0,0,2,0,Saudi Arabia,Jordan,30-05-2025,Friendly,0.0,0.2
1543.49556,1546.219588,-2.724027602,77.14285714,85,76.5,77.625,78.28571429,59.35714286,65.78571429,63.2,77,71.5,62.0,74.0,56.5,60.25,13.94285714,5.0,15.625,2.2,1.0,0.4,1.8,1.2,0.4,1,0,0,4,0,Ghana,Trinidad and Tobago,31-05-2025,Friendly tournament,0.0,0.0
1691.266722,1590.263746,101.0029761,72.28571429,81,71.5,72.09090909,71.76923077,61.0,65.53846154,70.5,81,71.2,70.85714286,75.46153846,54.53846154,60.07692308,1.785714286,0.3,1.233766234,1.4,0.8,0.6,1.6,1.2,0.6,0,0,0,2,0,Tunisia,Burkina Faso,02-06-2025,Friendly,0.0,0.0
1524.82571,1584.943675,-60.117965,59.0,61,59.0,59.0,70.5,55.0,54.0,69.5,75,69.8,68.5,74.2,57.8,62.3,-10.5,-10.8,-9.5,1.0,3.0,0.0,1.0,0.8,0.4,0,0,0,0,3,Malaysia,Cape Verde,03-06-2025,Friendly,0.0,0.0
1967.360112,1950.477663,16.8824493,85.57142857,89,84.6,86.11111111,71.45454545,74.36363636,80.54545455,84.71428571,89,85.0,84.0,76.25,73.75,78.5,0.857142857,-0.4,2.111111111,2.8,1.0,0.6,2.2,1.0,0.4,0,0,0,1,2,Germany,Portugal,04-06-2025,European Nations League,0.1,0.3
1658.686281,1541.967143,116.7191379,67.71428571,74,68.125,67.16666667,72.92857143,54.64285714,56.57142857,73.66666667,81,68.0,76.5,83.66666667,53.33333333,60.33333333,-5.952380952,0.125,-9.333333333,2.0,0.2,0.8,1.8,1.6,0.6,0,0,0,0,1,South Africa,Mozambique,04-06-2025,COSAFA Cup,0.1,0.0
1638.198945,1672.214054,-34.01510886,72.0,72,72.0,72.0,72.92857143,62.57142857,66.42857143,71.0,71,71.0,71.0,82.0,65.0,63.0,1.0,1.0,1.0,0.6,0.4,0.4,1.0,1.0,0.2,0,0,0,0,3,Oman,Jordan,05-06-2025,World Cup qualifier,0.0,0.2
1788.390088,1881.132093,-92.74200505,75.57142857,81,76.5,74.4,75.5,65.0,67.14285714,81.28571429,88,81.0,81.1,75.38461538,65.07692308,70.76923077,-5.714285714,-4.5,-6.7,1.8,1.2,0.6,0.8,0.8,0.2,0,0,0,2,0,Paraguay,Uruguay,05-06-2025,World Cup qualifier,0.0,0.1
2069.53258,1993.954149,75.5784313,84.64285714,89,83.8,85.14285714,70.61538462,72.92307692,81.84615385,86.14285714,91,87.5,85.33333333,84.92307692,73.07692308,77.0,-1.5,-3.7,-0.19047619,2.6,1.6,0.6,1.4,0.8,0.6,1,0,0,5,4,Spain,France,05-06-2025,European Nations League,0.6,0.6
1605.647916,1670.084352,-64.43643624,72.0,72,72.0,72.0,74.0,68.0,52.0,71.92857143,77,71.5,71.9,75.92307692,54.84615385,62.30769231,0.071428571,0.5,0.1,0.8,1.2,0.4,1.4,0.6,0.6,0,0,0,0,2,Bahrain,Saudi Arabia,05-06-2025,World Cup qualifier,0.0,0.0
1665.396913,1816.572189,-151.1752764,63.38461538,69,63.5,66.0,66.53846154,53.23076923,55.0,76.07142857,87,76.625,75.16666667,74.0,69.23076923,69.46153846,-12.68681319,-13.125,-9.166666667,1.0,1.8,0.2,1.8,1.2,0.4,0,0,0,0,2,Iraq,South Korea,05-06-2025,World Cup qualifier,0.0,0.1
1646.035116,1885.609021,-239.5739043,69.07142857,76,71.25,68.2,70.92307692,55.84615385,62.61538462,70.85714286,82,72.5,68.85714286,72.07142857,61.21428571,64.0,-1.785714286,-1.25,-0.657142857,1.8,1.6,0.2,2.8,1.4,0.8,0,0,0,1,0,Qatar,Iran,05-06-2025,World Cup qualifier,0.3,0.1
1787.116357,1908.794611,-121.6782543,72.85714286,78,71.75,72.83333333,71.07692308,60.15384615,62.92307692,78.0,81,78.33333333,77.5,78.07692308,65.76923077,72.30769231,-5.142857143,-6.583333333,-4.666666667,2.0,0.8,0.4,2.0,0.4,0.6,0,0,0,1,0,Australia,Japan,05-06-2025,World Cup qualifier,0.0,0.0
1783.017069,1469.390607,313.6264619,77.35714286,86,78.57142857,77.0,71.0,67.5,74.14285714,66.0,66,66.0,66.0,61.0,63.0,65.0,11.35714286,12.57142857,11.0,2.8,0.6,0.8,1.0,1.2,0.4,0,0,0,2,0,Algeria,Rwanda,05-06-2025,Friendly,0.0,0.0
1642.243046,1772.150597,-129.9075517,64.0,72,61.0,64.58333333,67.63636364,43.09090909,54.09090909,66.6,72,67.0,65.25,68.8,53.2,57.2,-2.6,-6.0,-0.666666667,1.0,1.4,0.2,1.2,1.0,0.4,0,0,0,0,0,United Arab Emirates,Uzbekistan,05-06-2025,World Cup qualifier,0.0,0.0
1734.759732,2077.733621,-342.9738889,74.78571429,81,74.75,74.54545455,70.09090909,58.18181818,66.0,84.14285714,90,85.0,83.11111111,73.61538462,71.23076923,77.69230769,-9.357142857,-10.25,-8.565656566,2.0,0.8,0.4,2.6,0.6,0.8,0,0,0,0,1,Chile,Argentina,05-06-2025,World Cup qualifier,0.0,1.0
1883.910218,1972.615942,-88.7057233,75.42857143,80,75.66666667,75.36363636,75.2,55.9,68.7,86.14285714,89,85.83333333,86.375,81.58333333,69.25,74.41666667,-10.71428571,-10.16666667,-11.01136364,1.4,0.2,0.6,1.8,1.4,0.4,0,0,0,0,0,Ecuador,Brazil,05-06-2025,World Cup qualifier,0.0,0.0
1601.202114,1682.419322,-81.21720785,74.0,80,74.71428571,73.55555556,78.21428571,62.57142857,66.42857143,76.21428571,80,74.75,76.72727273,75.78571429,61.78571429,68.28571429,-2.214285714,-0.035714286,-3.171717172,1.2,0.6,0.6,2.0,0.0,0.6,1,0,0,1,0,democratic republic of congo,Mali,05-06-2025,Friendly,0.0,0.0
1800.931228,1925.18925,-124.2580224,77.78571429,91,81.4,75.875,76.14285714,66.28571429,70.28571429,84.35714286,87,84.25,84.22222222,75.5,65.33333333,73.0,-6.571428571,-2.85,-8.347222222,3.8,1.6,0.8,2.0,1.8,0.4,0,0,0,3,0,Norway,Italy,06-06-2025,World Cup qualifier,0.0,0.0
1755.100471,1593.484155,161.6163158,76.92857143,86,75.16666667,77.45454545,75.15384615,66.69230769,72.53846154,71.92857143,76,71.55555556,72.6,70.30769231,63.76923077,66.38461538,5.0,3.611111111,4.854545455,0.8,0.8,0.6,1.4,2.6,0.2,0,0,0,1,3,Scotland,Iceland,06-06-2025,Friendly,0.0,0.0
1688.648224,1795.769358,-107.1211341,73.64285714,76,74.5,73.61538462,63.0,52.2,62.3,78.5,86,79.16666667,78.42857143,76.69230769,66.61538462,65.84615385,-4.857142857,-4.666666667,-4.813186813,1.0,1.8,0.6,1.2,0.0,0.8,0,0,0,1,1,Ireland,Senegal,06-06-2025,Friendly,0.0,0.1
1891.851143,1254.597306,637.2538371,80.57142857,87,79.5,80.33333333,69.38461538,66.30769231,76.38461538,58.0,58,58.0,58.0,65.0,44.5,46.5,22.57142857,21.5,22.33333333,1.2,1.4,0.2,0.6,1.8,0.0,1,0,0,7,0,Croatia,Gibraltar,06-06-2025,World Cup qualifier,0.2,0.0
1845.536631,1702.742113,142.7945182,79.28571429,85,79.0,80.71428571,70.84615385,65.92307692,72.0,72.28571429,81,71.5,72.09090909,71.76923077,61.0,65.53846154,7.0,7.5,8.623376623,4.0,0.4,1.0,1.6,0.6,0.8,0,0,0,2,0,Morocco,Tunisia,06-06-2025,Friendly,0.5,0.0
1784.879827,1591.359957,193.5198708,77.21428571,83,78.0,76.77777778,72.72727273,71.09090909,71.36363636,71.5,82,70.66666667,72.125,70.0,57.69230769,58.61538462,5.714285714,7.333333333,4.652777778,1.8,0.6,0.6,1.4,1.0,0.6,0,0,0,2,0,Czech Republic,Montenegro,06-06-2025,World Cup qualifier,0.0,0.0
1637.504646,1498.559917,138.9447292,67.71428571,74,68.125,67.16666667,72.92857143,54.64285714,56.57142857,66.0,72,66.0,66.0,77.5,66.5,55.0,1.714285714,2.125,1.166666667,1.8,0.2,0.8,0.6,1.0,0.4,0,0,0,0,0,South Africa,Tanzania,06-06-2025,Friendly,0.1,0.0
1638.7103,1863.123109,-224.4128089,71.64285714,80,72.0,71.11111111,69.69230769,62.0,62.53846154,82.64285714,91,83.83333333,82.0,69.4,75.6,78.2,-11.0,-11.83333333,-10.88888889,1.6,0.2,0.8,1.0,1.4,0.2,0,0,0,1,1,North Macedonia,Belgium,06-06-2025,World Cup qualifier,0.0,0.0
1940.406695,1750.926356,189.4803394,78.42857143,84,79.0,77.875,77.0,68.0,68.84615385,73.92857143,78,74.0,74.0,68.58333333,66.33333333,66.5,4.5,5.0,3.875,1.8,1.6,0.2,0.6,1.4,0.2,0,0,0,0,0,Colombia,Peru,06-06-2025,World Cup qualifier,0.25,0.0
1768.105525,1771.876432,-3.770907914,75.85714286,84,75.33333333,76.25,70.58333333,61.66666667,65.33333333,77.07142857,81,77.625,76.0,72.30769231,66.46153846,72.23076923,-1.214285714,-2.291666667,0.25,0.8,2.2,0.2,3.2,0.6,0.8,0,0,0,0,2,Hungary,Sweden,06-06-2025,Friendly,0.0,0.0
1501.533391,1328.370826,173.162565,67.0,73,67.5,66.5,72.5,57.0,61.0,65.0,67,63.0,65.0,73.0,45.33333333,55.66666667,2.0,4.5,1.5,2.8,0.2,0.8,1.2,2.2,0.2,0,0,0,4,0,Curacao,Saint Lucia,06-06-2025,World Cup qualifier,0.0,0.0
1791.637213,1820.426317,-28.78910425,76.64285714,79,76.85714286,76.375,75.46153846,60.0,67.46153846,78.35714286,85,78.66666667,77.88888889,73.58333333,63.41666667,70.75,-1.714285714,-1.80952381,-1.513888889,2.2,1.2,0.6,2.2,1.2,0.6,0,0,0,1,2,United States,Turkey,07-06-2025,Friendly,0.075,0.0
1330.027264,1717.546074,-387.5188097,63.0,63,63.0,63.0,63.0,58.0,59.0,67.92857143,72,67.625,68.57142857,69.64285714,57.0,57.0,-4.928571429,-4.625,-5.571428571,1.0,3.4,0.2,1.2,2.0,0.4,0,0,0,0,2,Belize,Panama,07-06-2025,World Cup qualifier,0.0,0.15
1804.10838,1804.5835,-0.475119388,73.92857143,83,75.33333333,73.54545455,73.0,61.66666667,65.58333333,76.85714286,82,76.625,76.625,75.0,66.16666667,72.83333333,-2.928571429,-1.291666667,-3.079545455,1.6,0.8,0.8,1.4,1.4,0.4,0,0,0,4,2,Canada,Ukraine,07-06-2025,Friendly tournament,0.175,0.0
1810.248793,1826.194708,-15.94591523,79.78571429,87,77.0,80.25,71.7,63.0,71.3,78.78571429,81,78.55555556,79.2,75.61538462,70.76923077,71.46153846,1.0,-1.555555556,1.05,1.8,1.6,0.2,2.0,0.6,0.8,1,0,0,4,2,Switzerland,Mexico,07-06-2025,Friendly,0.0,0.2
1631.426625,1465.771439,165.6551862,67.71428571,74,68.125,67.16666667,72.92857143,54.64285714,56.57142857,67.30769231,77,67.22222222,69.33333333,70.84615385,55.84615385,56.15384615,0.406593407,0.902777778,-2.166666667,1.4,0.2,0.6,0.8,1.4,0.0,0,0,0,2,0,South Africa,Zimbabwe,07-06-2025,COSAFA Cup,0.1,0.0
1585.080828,1940.474727,-355.3938992,72.5,81,72.0,72.71428571,66.33333333,64.41666667,65.91666667,83.21428571,89,82.14285714,83.77777778,78.92307692,65.15384615,73.46153846,-10.71428571,-10.14285714,-11.06349206,0.8,1.6,0.2,2.0,1.4,0.2,0,0,0,0,2,Finland,Netherlands,07-06-2025,World Cup qualifier,0.0,0.1
1207.153916,1626.116981,-418.9630652,68.0,68,68.0,68.0,86.0,61.0,61.0,66.0,72,64.0,66.33333333,77.0,51.83333333,59.5,2.0,4.0,1.666666667,1.4,2.6,0.2,4.4,0.8,1.0,0,0,0,0,5,Aruba,Haiti,07-06-2025,World Cup qualifier,0.0,0.0
1834.802683,1688.364028,146.4386556,79.64285714,85,78.71428571,80.5,71.92857143,63.35714286,71.0,73.0,77,72.88888889,73.2,75.36363636,69.18181818,71.45454545,6.642857143,5.825396825,7.3,1.8,1.0,0.4,2.2,0.8,0.6,0,0,0,2,1,Austria,Romania,07-06-2025,World Cup qualifier,0.0,0.0
1607.36471,1033.809375,573.5553349,75.71428571,83,77.33333333,74.88888889,69.08333333,63.91666667,69.83333333,54.0,54,54.0,54.0,72.92857143,62.57142857,66.42857143,21.71428571,23.33333333,20.88888889,0.8,2.2,0.4,1.0,2.2,0.2,0,0,0,1,0,Bosnia and Herzegovina,San Marino,07-06-2025,World Cup qualifier,0.0,0.0
1963.91758,1217.935767,745.9818131,85.28571429,90,85.625,84.71428571,77.0,72.07692308,80.07692308,66.0,66,66.0,66.0,72.92857143,62.57142857,66.42857143,19.28571429,19.625,18.71428571,3.2,0.2,1.0,0.4,1.0,0.2,1,0,0,1,0,England,Andorra,07-06-2025,World Cup qualifier,0.25,0.0
1692.277215,1708.626632,-16.34941748,68.0,75,68.625,67.55555556,67.75,59.91666667,64.33333333,78.5,83,77.8,78.0,76.92857143,65.35714286,69.5,-10.5,-9.175,-10.44444444,6.0,0.2,1.0,1.2,0.4,0.6,1,0,0,1,0,New Zealand,Ivory Coast,07-06-2025,Friendly tournament,0.1,0.0
1967.254517,2082.105945,-114.8514277,84.71428571,89,85.0,84.0,76.25,73.75,78.5,84.64285714,89,83.8,85.14285714,70.61538462,72.92307692,81.84615385,0.071428571,1.2,-1.142857143,2.6,1.2,0.6,3.0,2.4,0.6,1,0,0,2,2,Portugal,Spain,08-06-2025,European Nations League,0.3,0.6
1620.875635,1456.942307,163.933328,74.0,80,74.71428571,73.55555556,78.21428571,62.57142857,66.42857143,68.5,73,65.5,68.25,71.5,58.0,62.16666667,5.5,9.214285714,5.305555556,1.0,0.6,0.6,1.4,1.6,0.4,1,0,0,3,1,democratic republic of congo,Madagascar,08-06-2025,Friendly,0.0,0.0
1693.951086,1593.230405,100.72068,73.0,86,73.25,72.66666667,69.76923077,59.69230769,62.92307692,69.5,75,69.8,68.5,74.2,57.8,62.3,3.5,3.45,4.166667,1.8,1.6,0.4,1.4,0.6,0.6,0,0,0,1,1,Georgia,Cape Verde,08-06-2025,Friendly,0.0,0.0
1950.583258,1981.380784,-30.79752627,85.57142857,89,84.6,86.11111111,71.45454545,74.36363636,80.54545455,86.14285714,91,87.5,85.33333333,84.92307692,73.07692308,77.0,-0.571428571,-2.9,0.777777778,2.8,1.4,0.4,1.8,1.6,0.4,0,0,0,0,2,Germany,France,08-06-2025,European Nations League,0.1,0.6
1892.647433,1792.787917,99.8595167,80.57142857,87,79.5,80.33333333,69.38461538,66.30769231,76.38461538,77.21428571,83,78.0,76.77777778,72.72727273,71.09090909,71.36363636,3.357142857,1.5,3.555555556,2.0,0.8,0.4,2.0,0.4,0.8,0,0,0,5,1,Croatia,Czech Republic,09-06-2025,World Cup qualifier,0.2,0.0
1470.872708,1822.421413,-351.5487049,62.42857143,70,58.0,63.8,64.66666667,49.33333333,54.83333333,77.78571429,91,81.4,75.875,76.14285714,66.28571429,70.28571429,-15.35714286,-23.4,-12.075,1.0,1.6,0.2,4.2,0.6,1.0,0,0,0,0,1,Estonia,Norway,09-06-2025,World Cup qualifier,0.0,0.0
1122.079244,1732.151866,-610.0726214,69.0,69,69.0,69.0,70.0,57.0,69.0,76.92857143,86,75.16666667,77.45454545,75.15384615,66.69230769,72.53846154,-7.928571429,-6.166666667,-8.454545455,0.2,2.6,0.0,1.0,1.4,0.6,0,0,0,0,4,Liechtenstein,Scotland,09-06-2025,Friendly,0.0,0.0
1855.307547,1495.731386,359.5761613,79.28571429,85,79.0,80.71428571,70.84615385,65.92307692,72.0,67.5,73,67.75,66.57142857,64.8,51.2,56.5,11.78571429,11.25,14.14285714,3.6,0.4,1.0,0.8,1.4,0.0,0,0,0,1,0,Morocco,Benin,09-06-2025,Friendly,0.5,0.0
1854.020525,1766.26292,87.75760464,82.64285714,91,83.83333333,82.0,69.4,75.6,78.2,74.35714286,77,75.0,74.11111111,68.5,56.75,66.75,8.285714286,8.833333333,7.888888889,1.0,1.2,0.2,2.2,0.6,0.6,0,0,0,4,3,Belgium,Wales,09-06-2025,World Cup qualifier,0.0,0.0
1608.047184,1512.316203,95.730981,66.0,72,64.0,66.33333333,77.0,51.83333333,59.5,67.0,73,67.5,66.5,72.5,57.0,61.0,-1.0,-3.5,-0.166667,3.8,0.8,1.0,2.8,0.2,0.8,0,0,0,1,5,Haiti,Curacao,10-06-2025,World Cup qualifier,0.0,0.0
1652.335308,1265.063277,387.2720308,67.71428571,74,68.125,67.16666667,72.92857143,54.64285714,56.57142857,65.0,65,65.0,65.0,65.0,41.0,53.0,2.714285714,3.125,2.166666667,1.2,0.2,0.6,0.6,1.0,0.0,0,0,0,0,0,South Africa,Mauritius,10-06-2025,COSAFA Cup,0.1,0.0
1968.6174,1808.562386,160.055014,86.14285714,89,85.83333333,86.375,81.58333333,69.25,74.41666667,75.57142857,81,76.5,74.4,75.5,65.0,67.14285714,10.57142857,9.333333333,11.975,1.0,1.4,0.2,1.8,1.0,0.6,0,0,0,1,0,Brazil,Paraguay,10-06-2025,World Cup qualifier,0.0,0.0
1944.137967,1407.70948,536.4284871,83.21428571,89,82.14285714,83.77777778,78.92307692,65.15384615,73.46153846,67.6,79,71.5,67.6,67.4,54.6,59.8,15.61428571,10.64285714,16.17777778,2.4,1.2,0.4,0.4,0.6,0.2,0,0,0,8,0,Netherlands,Malta,10-06-2025,World Cup qualifier,0.1,0.0
1860.045944,1505.60752,354.4384245,70.85714286,82,72.5,68.85714286,72.07142857,61.21428571,64.0,63.0,63,63.0,63.0,57.0,68.0,49.0,7.857142857,9.5,5.857142857,2.0,1.4,0.6,1.4,2.0,0.2,0,0,0,3,0,Iran,North Korea,10-06-2025,World Cup qualifier,0.1,0.0
1683.150506,1808.501461,-125.3509553,71.92857143,77,71.5,71.9,75.92307692,54.84615385,62.30769231,72.85714286,78,71.75,72.83333333,71.07692308,60.15384615,62.92307692,-0.928571429,-0.25,-0.933333333,1.2,0.4,0.6,2.0,0.6,0.6,0,0,0,1,2,Saudi Arabia,Australia,10-06-2025,World Cup qualifier,0.0,0.0
1686.652586,1655.950339,30.70224768,71.0,71,71.0,71.0,82.0,65.0,63.0,63.38461538,69,63.5,66.0,66.53846154,53.23076923,55.0,7.615384615,7.5,5.0,1.6,1.0,0.4,0.8,2.2,0.0,0,0,0,0,1,Jordan,Iraq,10-06-2025,World Cup qualifier,0.2,0.0
1887.409507,1500.380086,387.029421,78.0,81,78.33333333,77.5,78.07692308,65.76923077,72.30769231,60.66666667,64,60.66666667,62.0,67.0,42.33333333,50.66666667,17.33333333,17.66666667,15.5,1.8,0.4,0.6,0.6,1.4,0.4,0,0,0,6,0,Japan,Indonesia,10-06-2025,World Cup qualifier,0.0,0.0
1826.018763,1477.283506,348.7352569,76.07142857,87,76.625,75.16666667,74.0,69.23076923,69.46153846,66.0,71,66.0,66.0,60.0,38.5,53.5,10.07142857,10.625,9.166666667,1.6,0.8,0.4,0.8,1.6,0.2,0,0,0,4,0,South Korea,Kuwait,10-06-2025,World Cup qualifier,0.1,0.0
1032.672907,1844.431801,-811.7588936,54.0,54,54.0,54.0,72.92857143,62.57142857,66.42857143,79.64285714,85,78.71428571,80.5,71.92857143,63.35714286,71.0,-25.64285714,-24.71428571,-26.5,1.0,2.0,0.2,1.2,1.0,0.4,0,0,0,0,4,San Marino,Austria,10-06-2025,World Cup qualifier,0.0,0.0
1820.13026,1691.874269,128.2559911,73.92857143,83,75.33333333,73.54545455,73.0,61.66666667,65.58333333,78.5,83,77.8,78.0,76.92857143,65.35714286,69.5,-4.571428571,-2.466666667,-4.454545455,2.0,1.0,0.8,1.2,0.4,0.6,0,0,0,0,0,Canada,Ivory Coast,10-06-2025,Friendly tournament,0.175,0.0
1776.959974,1826.982615,-50.02264072,76.64285714,79,76.85714286,76.375,75.46153846,60.0,67.46153846,79.78571429,87,77.0,80.25,71.7,63.0,71.3,-3.142857143,-0.142857143,-3.875,1.6,1.2,0.4,2.2,1.6,0.4,0,0,0,0,4,United States,Switzerland,10-06-2025,Friendly,0.075,0.0
1788.56162,1709.029578,79.53204142,76.85714286,82,76.625,76.625,75.0,66.16666667,72.83333333,68.0,75,68.625,67.55555556,67.75,59.91666667,64.33333333,8.857142857,8.0,9.069444444,1.6,2.0,0.4,5.4,0.2,1.0,1,0,0,2,1,Ukraine,New Zealand,10-06-2025,Friendly tournament,0.0,0.1
1787.702783,1787.53539,0.16739236,77.07142857,81,77.625,76.0,72.30769231,66.46153846,72.23076923,77.35714286,86,78.57142857,77.0,71.0,67.5,74.14285714,-0.285714286,-0.946428571,-1.0,3.0,0.6,0.8,3.0,0.6,0.8,0,0,0,4,3,Sweden,Algeria,10-06-2025,Friendly,0.0,0.0
1640.327868,1551.76066,88.56720857,67.71428571,74,68.125,67.16666667,72.92857143,54.64285714,56.57142857,73.66666667,81,68.0,76.5,83.66666667,53.33333333,60.33333333,-5.952380952,0.125,-9.333333333,1.2,0.2,0.6,1.0,1.6,0.4,0,0,0,2,0,South Africa,Mozambique,10-06-2025,Friendly,0.1,0.0
1781.543245,1608.501178,173.0420671,74.71428571,88,73.2,76.0,67.58333333,62.0,67.41666667,75.71428571,83,77.33333333,74.88888889,69.08333333,63.91666667,69.83333333,-1.0,-4.133333333,1.111111111,0.8,1.0,0.4,1.0,1.8,0.6,0,0,0,2,1,Slovenia,Bosnia and Herzegovina,10-06-2025,Friendly,0.0,0.0
1809.460887,1835.103556,-25.64266852,78.78571429,81,78.55555556,79.2,75.61538462,70.76923077,71.46153846,78.35714286,85,78.66666667,77.88888889,73.58333333,63.41666667,70.75,0.428571429,-0.111111111,1.311111111,2.0,1.4,0.6,1.8,1.0,0.6,1,0,0,1,0,Mexico,Turkey,10-06-2025,Friendly,0.2,0.0
1964.348413,1790.986839,173.3615742,85.28571429,90,85.625,84.71428571,77.0,72.07692308,80.07692308,78.5,86,79.16666667,78.42857143,76.69230769,66.61538462,65.84615385,6.785714286,6.458333333,6.285714286,2.8,0.0,1.0,1.2,0.2,0.6,0,0,0,1,3,England,Senegal,10-06-2025,Friendly,0.25,0.1
2081.635254,1932.454043,149.1812108,84.14285714,90,85.0,83.11111111,73.61538462,71.23076923,77.69230769,78.42857143,84,79.0,77.875,77.0,68.0,68.84615385,5.714285714,6.0,5.236111111,1.6,0.6,0.8,1.0,1.6,0.0,0,0,0,1,1,Argentina,Colombia,10-06-2025,World Cup qualifier,1.0,0.25
1758.879008,1887.90876,-129.0297516,73.92857143,78,74.0,74.0,68.58333333,66.33333333,66.5,75.42857143,80,75.66666667,75.36363636,75.2,55.9,68.7,-1.5,-1.666666667,-1.363636364,0.6,0.6,0.2,1.4,0.2,0.6,0,0,0,0,0,Peru,Ecuador,10-06-2025,World Cup qualifier,0.0,0.0
1860.959795,1764.638343,96.3214511,81.28571429,88,81.0,81.1,75.38461538,65.07692308,70.76923077,72.78571429,77,72.71428571,72.5,70.84615385,65.46153846,64.15384615,8.5,8.285714286,8.6,0.8,1.2,0.2,1.4,1.8,0.4,0,0,0,2,0,Uruguay,Venezuela,10-06-2025,World Cup qualifier,0.1,0.0
1720.650842,1476.507045,244.1437974,67.92857143,72,67.625,68.57142857,69.64285714,57.0,57.0,56.0,56,56.0,56.0,70.0,55.0,50.0,11.92857143,11.625,12.57142857,1.4,2.0,0.4,1.0,1.0,0.4,0,0,0,3,0,Panama,Nicaragua,10-06-2025,World Cup qualifier,0.15,0.0
1766.432169,1671.598193,94.83397631,66.6,72,67.0,65.25,68.8,53.2,57.2,69.07142857,76,71.25,68.2,70.92307692,55.84615385,62.61538462,-2.471428571,-4.25,-2.95,0.8,0.4,0.4,1.8,1.4,0.4,0,0,0,3,0,Uzbekistan,Qatar,10-06-2025,World Cup qualifier,0.0,0.3
1639.444061,1530.79942,108.6446406,67.71428571,74,68.125,67.16666667,72.92857143,54.64285714,56.57142857,66.25,74,67.28571429,64.71428571,76.36363636,55.81818182,60.09090909,1.464285714,0.839285714,2.452380952,0.8,0.2,0.4,0.8,1.4,0.4,0,0,0,3,1,South Africa,Comoros,13-06-2025,COSAFA Cup,0.1,0.0
1826.639636,1476.77723,349.8624057,78.78571429,81,78.55555556,79.2,75.61538462,70.76923077,71.46153846,61.0,73,68.0,58.6,66.75,44.5,52.75,17.78571429,10.55555556,20.6,2.2,1.0,0.8,3.4,1.4,0.6,1,0,0,3,2,Mexico,Dominican Republic,14-06-2025,CONCACAF Championship,0.2,0.0
1672.685048,1605.834441,66.85060641,71.92857143,77,71.5,71.9,75.92307692,54.84615385,62.30769231,66.0,72,64.0,66.33333333,77.0,51.83333333,59.5,5.928571429,7.5,5.566666667,1.2,0.4,0.6,4.0,1.0,0.8,1,0,0,1,0,Saudi Arabia,Haiti,15-06-2025,CONCACAF Championship,0.0,0.0
1650.597734,1619.088418,31.50931663,67.71428571,74,68.125,67.16666667,72.92857143,54.64285714,56.57142857,70.28571429,78,70.77777778,69.25,76.78571429,61.35714286,60.92857143,-2.571428571,-2.652777778,-2.083333333,1.4,0.2,0.6,2.2,0.8,0.6,0,0,0,0,3,South Africa,Angola,15-06-2025,COSAFA Cup,0.1,0.0
1763.247815,1528.212662,235.0351532,76.64285714,79,76.85714286,76.375,75.46153846,60.0,67.46153846,63.2,77,71.5,62.0,74.0,56.5,60.25,13.44285714,5.357142857,14.375,1.0,1.8,0.2,2.6,2.2,0.4,0,0,0,5,0,United States,Trinidad and Tobago,15-06-2025,CONCACAF Championship,0.075,0.0
1537.691572,1468.848458,68.843114,67.0,73,67.5,66.5,72.5,57.0,61.0,64.0,67,67.0,63.0,62.0,56.33333333,53.0,3.0,0.5,3.5,3.8,0.4,1.0,0.6,2.6,0.0,1,0,0,0,0,Curacao,El Salvador,17-06-2025,CONCACAF Championship,0.0,0.0
1814.478286,1612.540799,201.9374874,73.92857143,83,75.33333333,73.54545455,73.0,61.66666667,65.58333333,67.91666667,74,71.75,65.71428571,71.58333333,58.41666667,60.16666667,6.011904762,3.583333333,7.831168831,1.8,1.0,0.6,2.2,1.0,0.8,0,0,0,6,0,Canada,Honduras,17-06-2025,CONCACAF Championship,0.175,0.0
1830.407443,1524.2519,306.1555427,78.78571429,81,78.55555556,79.2,75.61538462,70.76923077,71.46153846,69.5,78,71.8,68.7,77.0,52.58333333,61.16666667,9.285714286,6.755555556,10.5,2.0,1.4,0.8,1.4,1.0,0.6,1,0,0,2,0,Mexico,Suriname,18-06-2025,CONCACAF Championship,0.2,0.0
1769.820137,1685.643901,84.1762358,76.64285714,79,76.85714286,76.375,75.46153846,60.0,67.46153846,71.92857143,77,71.5,71.9,75.92307692,54.84615385,62.30769231,4.714285714,5.357142857,4.475,1.4,1.8,0.2,1.2,0.4,0.6,0,0,0,1,0,United States,Saudi Arabia,19-06-2025,CONCACAF Championship,0.075,0.0
1592.875588,1521.64034,71.23524777,66.0,72,64.0,66.33333333,77.0,51.83333333,59.5,63.2,77,71.5,62.0,74.0,56.5,60.25,2.8,-7.5,4.333333333,2.4,1.2,0.6,1.8,3.2,0.2,1,0,0,1,1,Haiti,Trinidad and Tobago,19-06-2025,CONCACAF Championship,0.0,0.0
1734.429999,1604.239277,130.1907219,67.92857143,72,67.625,68.57142857,69.64285714,57.0,57.0,64.2,68,63.66666667,65.0,68.2,53.2,55.0,3.728571429,3.958333333,3.571428571,2.4,0.8,0.8,1.6,1.2,0.6,1,0,0,1,0,Panama,Guatemala,20-06-2025,CONCACAF Championship,0.15,0.0
1532.801739,1824.481868,-291.680128,67.0,73,67.5,66.5,72.5,57.0,61.0,73.92857143,83,75.33333333,73.54545455,73.0,61.66666667,65.58333333,-6.928571,-7.833333,-7.045455,3.6,0.4,0.8,2.4,1.0,0.6,1,0,0,1,1,Curacao,Canada,21-06-2025,CONCACAF Championship,0.0,0.175
1782.017786,1589.640292,192.3774946,76.64285714,79,76.85714286,76.375,75.46153846,60.0,67.46153846,66.0,72,64.0,66.33333333,77.0,51.83333333,59.5,10.64285714,12.85714286,10.04166667,1.6,1.6,0.4,2.0,1.4,0.4,0,0,0,2,1,United States,Haiti,22-06-2025,CONCACAF Championship,0.075,0.0
1673.446251,1524.875636,148.5706157,71.92857143,77,71.5,71.9,75.92307692,54.84615385,62.30769231,63.2,77,71.5,62.0,74.0,56.5,60.25,8.728571429,0.0,9.9,1.2,0.6,0.6,1.6,2.8,0.2,1,0,0,1,1,Saudi Arabia,Trinidad and Tobago,22-06-2025,CONCACAF Championship,0.0,0.0
1725.486733,1835.095231,-109.6084979,70.07142857,85,68.0,73.33333333,69.46153846,54.38461538,56.30769231,78.78571429,81,78.55555556,79.2,75.61538462,70.76923077,71.46153846,-8.714285714,-10.55555556,-5.866666667,4.4,1.2,1.0,2.0,1.4,0.8,1,0,0,0,0,Costa Rica,Mexico,22-06-2025,CONCACAF Championship,0.0,0.2
1810.261785,1498.977684,311.2841004,73.92857143,83,75.33333333,73.54545455,73.0,61.66666667,65.58333333,64.0,67,67.0,63.0,62.0,56.33333333,53.0,9.928571429,8.333333333,10.54545455,2.6,0.8,0.6,1.0,0.8,0.2,1,0,0,2,0,Canada,El Salvador,24-06-2025,CONCACAF Championship,0.175,0.0
1744.7002,1658.956944,85.74325556,67.92857143,72,67.625,68.57142857,69.64285714,57.0,57.0,73.85714286,79,72.81818182,76.0,77.92307692,67.76923077,64.07692308,-5.928571429,-5.193181818,-7.428571429,2.4,0.8,0.8,1.6,0.8,0.6,1,0,0,4,1,Panama,Jamaica,24-06-2025,CONCACAF Championship,0.15,0.0
1637.338225,1549.940646,87.397579,67.91666667,74,71.75,65.71428571,71.58333333,58.41666667,60.16666667,67.0,73,67.5,66.5,72.5,57.0,61.0,0.916667,4.25,-0.785714,0.6,2.8,0.2,2.8,0.6,0.6,1,0,0,2,1,Honduras,Curacao,24-06-2025,CONCACAF Championship,0.0,0.0
1830.208624,1666.992957,163.2156668,78.78571429,81,78.55555556,79.2,75.61538462,70.76923077,71.46153846,71.92857143,77,71.5,71.9,75.92307692,54.84615385,62.30769231,6.857142857,7.055555556,7.3,1.6,1.2,0.6,1.0,0.8,0.4,1,0,0,2,0,Mexico,Saudi Arabia,28-06-2025,CONCACAF Championship,0.2,0.0
1756.829834,1627.658,129.1718345,67.92857143,72,67.625,68.57142857,69.64285714,57.0,57.0,67.91666667,74,71.75,65.71428571,71.58333333,58.41666667,60.16666667,0.011904762,-4.125,2.857142857,3.0,0.6,1.0,1.4,1.4,0.8,1,0,0,1,1,Panama,Honduras,28-06-2025,CONCACAF Championship,0.15,0.0
1789.965093,1730.373341,59.59175247,76.64285714,79,76.85714286,76.375,75.46153846,60.0,67.46153846,70.07142857,85,68.0,73.33333333,69.46153846,54.38461538,56.30769231,6.571428571,8.857142857,3.041666667,1.8,1.4,0.6,3.2,1.0,0.8,0,0,0,2,2,United States,Costa Rica,29-06-2025,CONCACAF Championship,0.075,0.0
1814.832681,1605.876198,208.9564832,73.92857143,83,75.33333333,73.54545455,73.0,61.66666667,65.58333333,64.2,68,63.66666667,65.0,68.2,53.2,55.0,9.728571429,11.66666667,8.545454545,2.6,0.6,0.6,1.6,1.6,0.6,1,0,0,1,1,Canada,Guatemala,29-06-2025,CONCACAF Championship,0.175,0.0
1787.24739,1614.485203,172.7621864,76.64285714,79,76.85714286,76.375,75.46153846,60.0,67.46153846,64.2,68,63.66666667,65.0,68.2,53.2,55.0,12.44285714,13.19047619,11.375,2.0,1.4,0.6,1.0,1.4,0.4,0,0,0,2,1,United States,Guatemala,02-07-2025,CONCACAF Championship,0.075,0.0
1839.200377,1633.346852,205.8535244,78.78571429,81,78.55555556,79.2,75.61538462,70.76923077,71.46153846,67.91666667,74,71.75,65.71428571,71.58333333,58.41666667,60.16666667,10.86904762,6.805555556,13.48571429,1.6,0.4,0.8,1.4,1.6,0.6,1,0,0,1,0,Mexico,Honduras,02-07-2025,CONCACAF Championship,0.2,0.0
1795.888169,1846.693385,-50.8052161,76.64285714,79,76.85714286,76.375,75.46153846,60.0,67.46153846,78.78571429,81,78.55555556,79.2,75.61538462,70.76923077,71.46153846,-2.142857143,-1.698412698,-2.825,2.4,0.8,0.8,1.6,0.4,0.8,0,0,0,1,2,United States,Mexico,06-07-2025,CONCACAF Championship,0.075,0.2
1829.808192,1530.774084,299.0341082,76.07142857,87,76.625,75.16666667,74.0,69.23076923,69.46153846,71.07142857,76,71.5,70.66666667,79.25,61.25,63.75,5.0,5.125,4.5,1.8,0.6,0.4,0.8,1.0,0.4,0,0,0,3,0,South Korea,China,07-07-2025,East Asian Championship,0.1,0.0
1890.522182,1377.286155,513.2360273,78.0,81,78.33333333,77.5,78.07692308,65.76923077,72.30769231,62.25,69,59.5,63.66666667,64.25,36.75,41.5,15.75,18.83333333,13.83333333,2.2,0.4,0.6,1.6,0.0,0.6,1,0,0,6,1,Japan,Hong Kong,08-07-2025,East Asian Championship,0.0,0.0
1834.662389,1375.701264,458.9611251,76.07142857,87,76.625,75.16666667,74.0,69.23076923,69.46153846,62.25,69,59.5,63.66666667,64.25,36.75,41.5,13.82142857,17.125,11.5,2.2,0.4,0.6,0.8,1.2,0.4,0,0,0,2,0,South Korea,Hong Kong,11-07-2025,East Asian Championship,0.1,0.0
1892.107073,1525.919886,366.1871862,78.0,81,78.33333333,77.5,78.07692308,65.76923077,72.30769231,71.07142857,76,71.5,70.66666667,79.25,61.25,63.75,6.928571429,6.833333333,6.833333333,2.8,0.4,0.6,0.2,1.4,0.2,1,0,0,2,0,Japan,China,12-07-2025,East Asian Championship,0.0,0.0
1836.789885,1895.573543,-58.78365788,76.07142857,87,76.625,75.16666667,74.0,69.23076923,69.46153846,78.0,81,78.33333333,77.5,78.07692308,65.76923077,72.30769231,-1.928571429,-1.708333333,-2.333333333,2.4,0.2,0.8,2.8,0.4,0.6,0,0,0,0,1,South Korea,Japan,15-07-2025,East Asian Championship,0.1,0.0
1659.860137,1469.470026,190.3901109,69.07142857,76,71.25,68.2,70.92307692,55.84615385,62.61538462,62.0,62,62.0,62.0,67.0,60.0,50.0,7.071428571,9.25,6.2,1.6,1.6,0.4,2.2,0.2,0.6,0,0,0,0,1,Qatar,Lebanon,24-08-2025,Friendly,0.3,0.0
1863.727065,1244.10616,619.6209043,70.85714286,82,72.5,68.85714286,72.07142857,61.21428571,64.0,63.0,63,63.0,63.0,80.0,50.0,58.0,7.857142857,9.5,5.857142857,2.0,1.0,0.6,0.4,2.0,0.0,1,0,0,3,1,Iran,Afghanistan,29-08-2025,Central Asian Nations Cup,0.1,0.0
1778.170225,1619.607489,158.5627355,66.6,72,67.0,65.25,68.8,53.2,57.2,72.0,72,72.0,72.0,72.92857143,62.57142857,66.42857143,-5.4,-5.0,-6.75,1.2,0.4,0.4,0.6,1.0,0.4,0,0,0,1,1,Uzbekistan,Oman,30-08-2025,Central Asian Nations Cup,0.0,0.0
1864.606089,1388.680452,475.9256375,70.85714286,82,72.5,68.85714286,72.07142857,61.21428571,64.0,62.28571429,66,62.8,62.0,72.5,44.0,51.16666667,8.571428571,9.7,6.857142857,2.0,0.8,0.6,1.0,0.8,0.4,1,0,0,3,0,Iran,India,01-09-2025,Central Asian Nations Cup,0.1,0.0
1771.336154,1407.865669,363.4704849,66.6,72,67.0,65.25,68.8,53.2,57.2,63.0,63,63.0,63.0,76.0,61.0,56.0,3.6,4.0,2.25,1.4,0.6,0.4,1.4,1.2,0.4,0,0,0,2,1,Uzbekistan,Turkmenistan,02-09-2025,Central Asian Nations Cup,0.0,0.0
1635.87598,1572.896202,62.97977706,69.07142857,76,71.25,68.2,70.92307692,55.84615385,62.61538462,72.0,72,72.0,72.0,74.0,68.0,52.0,-2.928571429,-0.75,-3.8,1.4,1.6,0.4,0.4,1.4,0.2,0,0,0,2,2,Qatar,Bahrain,03-09-2025,Friendly,0.3,0.0
1692.971197,1375.09095,317.8802474,72.28571429,81,71.5,72.09090909,71.76923077,61.0,65.53846154,65.16666667,76,61.0,67.0,66.33333333,48.5,59.16666667,7.119047619,10.5,5.090909091,1.0,0.6,0.6,1.0,1.8,0.4,0,0,0,3,0,Tunisia,Liberia,04-09-2025,World Cup qualifier,0.0,0.0
1673.36056,1364.038974,309.3215864,63.38461538,69,63.5,66.0,66.53846154,53.23076923,55.0,62.25,69,59.5,63.66666667,64.25,36.75,41.5,1.134615385,4.0,2.333333333,1.0,1.8,0.2,0.4,1.8,0.2,1,0,0,2,1,Iraq,Hong Kong,04-09-2025,King's Cup,0.0,0.0
1258.811181,1596.050809,-337.239629,65.0,65,65.0,65.0,65.0,41.0,53.0,69.5,75,69.8,68.5,74.2,57.8,62.3,-4.5,-4.8,-3.5,0.0,0.5,0.0,1.6,0.6,0.6,0,0,0,0,2,Mauritius,Cape Verde,04-09-2025,World Cup qualifier,0.0,0.0
1423.340214,1866.547655,-443.2074409,61.0,61,61.0,61.0,69.0,40.0,55.0,70.85714286,82,72.5,68.85714286,72.07142857,61.21428571,64.0,-9.857142857,-11.5,-7.857142857,1.6,1.0,0.6,2.2,0.8,0.6,0,0,0,2,2,Tajikistan,Iran,04-09-2025,Central Asian Nations Cup,0.0,0.1
1293.039509,1559.621004,-266.5814947,68.0,68,68.0,68.0,73.0,68.0,47.0,77.14285714,85,76.5,77.625,78.28571429,59.35714286,65.78571429,-9.142857143,-8.5,-9.625,0.2,2.4,0.0,2.8,0.8,0.6,0,0,0,1,1,Chad,Ghana,04-09-2025,World Cup qualifier,0.0,0.0
2075.158432,1752.963855,322.1945765,84.14285714,90,85.0,83.11111111,73.61538462,71.23076923,77.69230769,72.78571429,77,72.71428571,72.5,70.84615385,65.46153846,64.15384615,11.35714286,12.28571429,10.61111111,1.6,0.4,0.8,1.0,1.4,0.4,0,0,0,3,0,Argentina,Venezuela,04-09-2025,World Cup qualifier,1.0,0.0
1977.727248,1710.02754,267.6997083,86.14285714,89,85.83333333,86.375,81.58333333,69.25,74.41666667,74.78571429,81,74.75,74.54545455,70.09090909,58.18181818,66.0,11.35714286,11.08333333,11.82954545,1.0,1.2,0.4,1.2,1.0,0.2,0,0,0,3,0,Brazil,Chile,04-09-2025,World Cup qualifier,0.0,0.0
1658.001204,1656.13413,1.867074162,71.92857143,77,71.5,71.9,75.92307692,54.84615385,62.30769231,71.64285714,80,72.0,71.11111111,69.69230769,62.0,62.53846154,0.285714286,-0.5,0.788888889,0.6,1.2,0.2,1.4,0.4,0.6,1,0,0,2,1,Saudi Arabia,North Macedonia,04-09-2025,Friendly,0.0,0.0
1816.844694,1669.242364,147.60233,72.07142857,79,71.71428571,71.25,71.1,66.1,69.2,71.0,71,71.0,71.0,82.0,65.0,63.0,1.071428571,0.714285714,0.25,3.8,0.4,0.8,1.4,1.0,0.4,0,0,0,0,0,Russia,Jordan,04-09-2025,Friendly,0.0,0.2
1676.127703,1935.997833,-259.8701307,76.21428571,84,74.25,77.1,72.41666667,60.41666667,65.91666667,85.57142857,89,84.6,86.11111111,71.45454545,74.36363636,80.54545455,-9.357142857,-10.35,-9.011111111,0.4,1.2,0.2,1.4,1.8,0.2,0,0,0,2,0,Slovakia,Germany,04-09-2025,World Cup qualifier,0.0,0.1
1826.157071,1605.543542,220.6135292,77.78571429,91,81.4,75.875,76.14285714,66.28571429,70.28571429,72.5,81,72.0,72.71428571,66.33333333,64.41666667,65.91666667,5.285714286,9.4,3.160714286,3.6,0.4,1.0,1.0,1.4,0.4,0,0,0,1,0,Norway,Finland,04-09-2025,Friendly,0.0,0.0
1945.533419,1751.806264,193.7271551,83.21428571,89,82.14285714,83.77777778,78.92307692,65.15384615,73.46153846,79.42857143,90,80.57142857,78.33333333,79.75,73.25,74.625,3.785714286,1.571428571,5.444444444,3.2,1.2,0.4,1.4,0.8,0.6,0,0,0,1,1,Netherlands,Poland,04-09-2025,World Cup qualifier,0.1,0.0
1872.634283,1764.562144,108.0721387,81.28571429,88,81.0,81.1,75.38461538,65.07692308,70.76923077,73.92857143,78,74.0,74.0,68.58333333,66.33333333,66.5,7.357142857,7.0,7.1,0.6,0.8,0.2,0.6,0.6,0.2,0,0,0,3,0,Uruguay,Peru,04-09-2025,World Cup qualifier,0.1,0.0
1709.996909,1817.924807,-107.9278978,73.0,86,73.25,72.66666667,69.76923077,59.69230769,62.92307692,78.35714286,85,78.66666667,77.88888889,73.58333333,63.41666667,70.75,-5.357142857,-5.416666667,-5.222222222,2.4,0.8,0.6,1.8,1.2,0.6,0,0,0,2,3,Georgia,Turkey,04-09-2025,World Cup qualifier,0.0,0.0
1121.151992,1866.062947,-744.9109551,69.0,69,69.0,69.0,70.0,57.0,69.0,82.64285714,91,83.83333333,82.0,69.4,75.6,78.2,-13.64285714,-14.83333333,-13.0,0.2,3.0,0.0,1.8,1.6,0.4,0,0,0,0,6,Liechtenstein,Belgium,04-09-2025,World Cup qualifier,0.0,0.0
1517.151278,1751.140982,-233.9897034,69.5,78,71.8,68.7,77.0,52.58333333,61.16666667,67.92857143,72,67.625,68.57142857,69.64285714,57.0,57.0,1.571428571,4.175,0.128571429,1.0,1.4,0.2,2.8,0.8,0.8,0,0,0,0,0,Suriname,Panama,04-09-2025,World Cup qualifier,0.0,0.15
1799.452538,1882.225624,-82.77308646,75.57142857,81,76.5,74.4,75.5,65.0,67.14285714,75.42857143,80,75.66666667,75.36363636,75.2,55.9,68.7,0.142857143,0.833333333,-0.963636364,1.4,1.0,0.4,0.6,0.2,0.4,0,0,0,0,0,Paraguay,Ecuador,04-09-2025,World Cup qualifier,0.0,0.0
1938.930865,1643.420841,295.5100246,78.42857143,84,79.0,77.875,77.0,68.0,68.84615385,68.64285714,74,68.6,69.14285714,68.83333333,56.41666667,60.33333333,9.785714286,10.4,8.732142857,0.8,1.2,0.0,1.0,1.4,0.2,0,0,0,3,0,Colombia,Bolivia,04-09-2025,World Cup qualifier,0.25,0.0
1536.304686,2077.001434,-540.6967479,67.85714286,76,68.14285714,67.375,68.57142857,54.5,60.0,84.64285714,89,83.8,85.14285714,70.61538462,72.92307692,81.84615385,-16.78571429,-15.65714286,-17.76785714,1.0,2.2,0.0,3.0,2.6,0.4,0,0,0,0,3,Bulgaria,Spain,04-09-2025,World Cup qualifier,0.0,0.6
1790.173866,1803.695074,-13.52120797,74.71428571,88,73.2,76.0,67.58333333,62.0,67.41666667,77.07142857,81,77.625,76.0,72.30769231,66.46153846,72.23076923,-2.357142857,-4.425,0.0,1.0,0.4,0.6,3.4,1.0,0.8,0,0,0,2,2,Slovenia,Sweden,05-09-2025,World Cup qualifier,0.0,0.0
1578.385628,1781.264034,-202.878406,71.5,82,70.66666667,72.125,70.0,57.69230769,58.61538462,77.21428571,83,78.0,76.77777778,72.72727273,71.09090909,71.36363636,-5.714285714,-7.333333333,-4.652777778,1.8,1.2,0.6,2.2,1.4,0.8,0,0,0,0,2,Montenegro,Czech Republic,05-09-2025,World Cup qualifier,0.0,0.0
1858.893413,1425.283968,433.6094447,79.28571429,85,79.0,80.71428571,70.84615385,65.92307692,72.0,55.0,55,55.0,55.0,72.92857143,62.57142857,66.42857143,24.28571429,24.0,25.71428571,2.8,0.2,1.0,2.8,1.4,0.6,0,0,0,5,0,Morocco,Niger,05-09-2025,World Cup qualifier,0.5,0.0
1684.754025,1806.223675,-121.4696502,73.0,77,72.88888889,73.2,75.36363636,69.18181818,71.45454545,73.92857143,83,75.33333333,73.54545455,73.0,61.66666667,65.58333333,-0.928571429,-2.444444444,-0.345454545,2.4,1.0,0.6,2.0,0.4,0.4,0,0,0,0,3,Romania,Canada,05-09-2025,Friendly,0.0,0.175
1522.967619,1531.100035,-8.132416,63.2,77,71.5,62.0,74.0,56.5,60.25,67.0,73,67.5,66.5,72.5,57.0,61.0,-3.8,4.0,-4.5,0.6,2.8,0.0,2.2,0.8,0.4,0,0,0,0,0,Trinidad and Tobago,Curacao,05-09-2025,World Cup qualifier,0.0,0.0
1814.367806,1476.184848,338.1829579,78.5,86,79.16666667,78.42857143,76.69230769,66.61538462,65.84615385,60.75,65,60.75,60.75,80.5,56.75,51.75,17.75,18.41666667,17.67857143,1.6,0.4,0.6,0.2,1.0,0.0,0,0,0,2,0,Senegal,Sudan,05-09-2025,World Cup qualifier,0.1,0.0
1774.85126,1466.377013,308.4742468,66.6,72,67.0,65.25,68.8,53.2,57.2,65.0,65,65.0,65.0,77.0,62.0,56.0,1.6,2.0,0.25,1.6,0.8,0.4,1.6,1.4,0.2,0,0,0,4,0,Uzbekistan,Kyrgyzstan,05-09-2025,Central Asian Nations Cup,0.0,0.0
1818.966919,1696.629503,122.3374159,72.85714286,78,71.75,72.83333333,71.07692308,60.15384615,62.92307692,68.0,75,68.625,67.55555556,67.75,59.91666667,64.33333333,4.857142857,3.125,5.277777778,2.4,0.8,0.8,4.0,0.4,0.8,0,0,0,1,0,Australia,New Zealand,05-09-2025,Friendly,0.0,0.1
1995.966209,1800.961694,195.0045142,86.14285714,91,87.5,85.33333333,84.92307692,73.07692308,77.0,76.85714286,82,76.625,76.625,75.0,66.16666667,72.83333333,9.285714286,10.875,8.708333333,2.2,1.6,0.6,1.8,2.0,0.6,1,0,0,2,0,France,Ukraine,05-09-2025,World Cup qualifier,0.6,0.0
1581.692985,1625.853844,-44.16085938,66.0,72,64.0,66.33333333,77.0,51.83333333,59.5,67.91666667,74,71.75,65.71428571,71.58333333,58.41666667,60.16666667,-1.916666667,-7.75,0.619047619,1.6,1.8,0.2,1.0,1.8,0.4,1,0,0,0,0,Haiti,Honduras,05-09-2025,World Cup qualifier,0.0,0.0
1840.694773,1648.890978,191.8037959,79.78571429,87,77.0,80.25,71.7,63.0,71.3,73.92857143,81,73.0,74.16666667,71.38461538,63.92307692,67.30769231,5.857142857,4.0,6.083333333,2.8,1.4,0.6,3.0,1.2,1.0,0,0,0,4,0,Switzerland,Kosovo,05-09-2025,World Cup qualifier,0.0,0.0
1875.86278,1733.079118,142.7836612,79.5,84,77.0,80.18181818,67.41666667,62.33333333,71.83333333,76.92857143,86,75.16666667,77.45454545,75.15384615,66.69230769,72.53846154,2.571428571,1.833333333,2.727272727,2.0,1.2,0.6,1.6,1.4,0.6,0,0,0,0,0,Denmark,Scotland,05-09-2025,World Cup qualifier,0.0,0.0
1749.469632,1410.016779,339.4528528,70.84615385,89,69.11111111,74.75,67.61538462,61.38461538,62.69230769,66.0,66,66.0,66.0,72.0,42.0,65.0,4.846153846,3.111111111,8.75,1.2,0.4,0.6,1.6,1.8,0.4,0,0,0,2,0,Egypt,Ethiopia,05-09-2025,World Cup qualifier,0.2,0.0
1297.040723,1629.840703,-332.7999804,53.0,55,55.0,51.0,76.0,41.0,41.0,74.0,80,74.71428571,73.55555556,78.21428571,62.57142857,66.42857143,-21.0,-19.71428571,-22.55555556,1.0,1.8,0.2,1.6,0.6,0.8,0,0,0,1,4,South Sudan,democratic republic of congo,05-09-2025,World Cup qualifier,0.0,0.0
1697.526243,1418.534963,278.9912797,78.5,83,77.8,78.0,76.92857143,65.35714286,69.5,68.5,75,68.5,68.5,69.0,51.5,58.5,10.0,9.3,9.5,1.2,0.2,0.6,1.2,0.6,0.4,0,0,0,1,0,Ivory Coast,Burundi,05-09-2025,World Cup qualifier,0.0,0.0
1363.867309,1904.171316,-540.304007,57.33333333,63,57.33333333,59.0,64.66666667,50.33333333,51.0,80.57142857,87,79.5,80.33333333,69.38461538,66.30769231,76.38461538,-23.23809524,-22.16666667,-21.33333333,0.6,1.2,0.2,3.0,0.8,0.6,0,0,0,0,1,Faroe Islands,Croatia,05-09-2025,World Cup qualifier,0.0,0.2
1844.728088,1418.667256,426.0608314,79.64285714,85,78.71428571,80.5,71.92857143,63.35714286,71.0,66.57142857,71,66.4,66.66666667,66.91666667,51.91666667,56.5,13.07142857,12.31428571,13.83333333,1.6,1.0,0.4,1.2,2.0,0.2,0,0,0,1,0,Austria,Cyprus,06-09-2025,World Cup qualifier,0.0,0.0
1908.891995,1860.370253,48.5217415,78.0,81,78.33333333,77.5,78.07692308,65.76923077,72.30769231,78.78571429,81,78.55555556,79.2,75.61538462,70.76923077,71.46153846,-0.785714286,-0.222222222,-1.7,3.0,0.4,0.8,1.4,0.2,0.8,1,0,0,0,0,Japan,Mexico,06-09-2025,Friendly,0.0,0.2
1474.591132,1972.359028,-497.7678955,67.66666667,81,69.125,64.33333333,73.5,57.58333333,61.25,84.71428571,89,85.0,84.0,76.25,73.75,78.5,-17.04761905,-15.875,-19.66666667,1.4,3.4,0.2,2.0,1.4,0.4,0,0,0,0,5,Armenia,Portugal,06-09-2025,World Cup qualifier,0.0,0.3
1782.2113,1823.471434,-41.26013348,76.64285714,79,76.85714286,76.375,75.46153846,60.0,67.46153846,76.07142857,87,76.625,75.16666667,74.0,69.23076923,69.46153846,0.571428571,0.232142857,1.208333333,1.6,1.2,0.6,2.2,0.2,0.8,0,0,0,0,2,United States,South Korea,06-09-2025,Friendly,0.075,0.1
1940.967446,1216.502477,724.4649693,85.28571429,90,85.625,84.71428571,77.0,72.07692308,80.07692308,66.0,66,66.0,66.0,72.92857143,62.57142857,66.42857143,19.28571429,19.625,18.71428571,2.4,0.6,0.8,0.0,1.6,0.0,0,0,0,2,0,England,Andorra,06-09-2025,World Cup qualifier,0.25,0.0
1032.37662,1599.870558,-567.4939381,54.0,54,54.0,54.0,72.92857143,62.57142857,66.42857143,75.71428571,83,77.33333333,74.88888889,69.08333333,63.91666667,69.83333333,-21.71428571,-23.33333333,-20.88888889,0.8,2.6,0.2,1.2,0.8,0.6,0,0,0,0,6,San Marino,Bosnia and Herzegovina,06-09-2025,World Cup qualifier,0.0,0.0
1909.854887,1620.053496,289.8013906,85.57142857,89,84.6,86.11111111,71.45454545,74.36363636,80.54545455,70.92857143,75,69.0,71.09090909,58.23076923,53.30769231,63.84615385,14.64285714,15.6,15.02020202,1.2,2.0,0.2,1.4,1.8,0.4,0,0,0,3,1,Germany,Northern Ireland,07-09-2025,World Cup qualifier,0.1,0.0
1538.33993,1677.975898,-139.6359674,62.0,62,62.0,62.0,73.0,33.0,47.0,63.38461538,69,63.5,66.0,66.53846154,53.23076923,55.0,-1.384615385,-1.5,-4.0,1.8,0.6,0.8,1.2,1.4,0.4,0,0,0,0,1,Thailand,Iraq,07-09-2025,King's Cup,0.0,0.0
1381.817807,1937.434406,-555.6165994,62.4,66,62.4,62.4,65.6,44.6,55.4,83.21428571,89,82.14285714,83.77777778,78.92307692,65.15384615,73.46153846,-20.81428571,-19.74285714,-21.37777778,0.6,1.8,0.0,3.2,1.2,0.4,0,0,0,2,3,Lithuania,Netherlands,07-09-2025,World Cup qualifier,0.0,0.1
1633.007009,1810.428779,-177.4217704,69.07142857,76,71.25,68.2,70.92307692,55.84615385,62.61538462,72.07142857,79,71.71428571,71.25,71.1,66.1,69.2,-3.0,-0.464285714,-3.05,0.8,1.8,0.2,3.0,0.4,0.6,0,0,0,1,4,Qatar,Russia,07-09-2025,Friendly,0.3,0.0
1866.496407,1452.906392,413.5900148,82.64285714,91,83.83333333,82.0,69.4,75.6,78.2,67.5,70,67.5,67.5,76.5,62.0,65.0,15.14285714,16.33333333,14.5,3.0,1.4,0.6,0.8,1.8,0.2,0,0,0,6,0,Belgium,Kazakhstan,07-09-2025,World Cup qualifier,0.0,0.0
1829.108478,2078.364459,-249.2559813,78.35714286,85,78.66666667,77.88888889,73.58333333,63.41666667,70.75,84.64285714,89,83.8,85.14285714,70.61538462,72.92307692,81.84615385,-6.285714286,-5.133333333,-7.253968254,2.2,1.0,0.8,3.0,2.2,0.4,0,0,0,0,6,Turkey,Spain,07-09-2025,World Cup qualifier,0.0,0.6
1578.066511,1697.395333,-119.3288222,69.42857143,75,69.42857143,69.0,70.33333333,53.16666667,61.83333333,72.28571429,81,71.5,72.09090909,71.76923077,61.0,65.53846154,-2.857142857,-2.071428571,-3.090909091,2.2,1.8,0.6,1.6,0.4,0.8,0,0,0,0,1,Equatorial Guinea,Tunisia,08-09-2025,World Cup qualifier,0.0,0.0
1776.32098,1525.309036,251.0119443,77.35714286,86,78.57142857,77.0,71.0,67.5,74.14285714,72.85714286,78,73.0,72.8,67.64285714,63.42857143,63.28571429,4.5,5.571428571,4.2,3.2,1.4,0.8,0.8,0.4,0.4,1,0,0,0,0,Algeria,Guinea,08-09-2025,World Cup qualifier,0.0,0.0
1905.537295,1570.793895,334.7433997,80.57142857,87,79.5,80.33333333,69.38461538,66.30769231,76.38461538,71.5,82,70.66666667,72.125,70.0,57.69230769,58.61538462,9.071428571,8.833333333,8.208333333,3.0,0.6,0.8,1.2,1.4,0.4,0,0,0,4,0,Croatia,Montenegro,08-09-2025,World Cup qualifier,0.2,0.0
1549.295453,1672.986496,-123.6910429,77.14285714,85,76.5,77.625,78.28571429,59.35714286,65.78571429,76.21428571,80,74.75,76.72727273,75.78571429,61.78571429,68.28571429,0.928571429,1.75,0.897727273,2.8,0.6,0.6,2.4,0.2,0.6,0,0,0,1,0,Ghana,Mali,08-09-2025,World Cup qualifier,0.0,0.0
1848.661824,1790.796226,57.86559785,79.78571429,87,77.0,80.25,71.7,63.0,71.3,74.71428571,88,73.2,76.0,67.58333333,62.0,67.41666667,5.071428571,3.8,4.25,3.2,0.8,0.8,1.2,0.6,0.6,0,0,0,3,0,Switzerland,Slovenia,08-09-2025,World Cup qualifier,0.0,0.0
1779.485896,1852.862494,-73.37659867,66.6,72,67.0,65.25,68.8,53.2,57.2,70.85714286,82,72.5,68.85714286,72.07142857,61.21428571,64.0,-4.257142857,-5.5,-3.607142857,2.0,0.4,0.6,2.2,0.8,0.6,0,0,0,1,0,Uzbekistan,Iran,08-09-2025,Central Asian Nations Cup,0.0,0.1
1788.855767,1673.915223,114.9405443,77.21428571,83,78.0,76.77777778,72.72727273,71.09090909,71.36363636,71.92857143,77,71.5,71.9,75.92307692,54.84615385,62.30769231,5.285714286,6.5,4.877777778,2.2,1.2,0.8,0.8,1.0,0.4,0,0,0,1,1,Czech Republic,Saudi Arabia,08-09-2025,Friendly,0.0,0.0
1741.744788,1584.881563,156.8632257,67.92857143,72,67.625,68.57142857,69.64285714,57.0,57.0,64.2,68,63.66666667,65.0,68.2,53.2,55.0,3.728571429,3.958333333,3.571428571,2.2,0.8,0.6,1.0,1.4,0.2,0,0,0,1,1,Panama,Guatemala,08-09-2025,World Cup qualifier,0.15,0.0
1640.923927,1803.072713,-162.1487865,73.92857143,81,73.0,74.16666667,71.38461538,63.92307692,67.30769231,77.07142857,81,77.625,76.0,72.30769231,66.46153846,72.23076923,-3.142857143,-4.625,-1.833333333,2.8,2.0,0.8,2.6,1.4,0.6,0,0,0,2,0,Kosovo,Sweden,08-09-2025,World Cup qualifier,0.0,0.0
1739.307778,1537.576279,201.7314993,76.92857143,86,75.16666667,77.45454545,75.15384615,66.69230769,72.53846154,64.0,66,64.0,64.0,68.33333333,58.66666667,56.33333333,12.92857143,11.16666667,13.45454545,1.2,1.2,0.4,2.6,2.0,0.6,1,0,0,2,0,Scotland,Belarus,08-09-2025,World Cup qualifier,0.0,0.0
1501.992319,1861.329735,-359.3374163,67.625,75,70.16666667,62.33333333,84.75,57.875,53.875,79.28571429,85,79.0,80.71428571,70.84615385,65.92307692,72.0,-11.66071429,-8.833333333,-18.38095238,1.2,1.8,0.4,2.4,0.2,1.0,0,0,0,0,2,Zambia,Morocco,08-09-2025,World Cup qualifier,0.0,0.5
1704.383077,1883.811914,-179.4288372,74.78571429,81,74.75,74.54545455,70.09090909,58.18181818,66.0,81.28571429,88,81.0,81.1,75.38461538,65.07692308,70.76923077,-6.5,-6.25,-6.554545455,0.0,1.4,0.0,1.0,0.6,0.4,0,0,0,0,0,Chile,Uruguay,09-09-2025,World Cup qualifier,0.0,0.1
1638.791775,1648.35707,-9.565295156,67.71428571,74,68.125,67.16666667,72.92857143,54.64285714,56.57142857,78.0,88,78.6,76.66666667,79.5,70.28571429,64.5,-10.28571429,-10.475,-9.5,1.6,0.8,0.6,1.4,1.0,0.4,0,0,0,1,1,South Africa,Nigeria,09-09-2025,World Cup qualifier,0.1,0.0
1633.94746,1818.364911,-184.4174504,74.0,80,74.71428571,73.55555556,78.21428571,62.57142857,66.42857143,78.5,86,79.16666667,78.42857143,76.69230769,66.61538462,65.84615385,-4.5,-4.452380952,-4.873015873,2.2,0.4,1.0,1.6,0.4,0.6,0,0,0,2,3,democratic republic of congo,Senegal,09-09-2025,World Cup qualifier,0.0,0.1
1753.384513,1803.193862,-49.80934896,73.92857143,78,74.0,74.0,68.58333333,66.33333333,66.5,75.57142857,81,76.5,74.4,75.5,65.0,67.14285714,-1.642857143,-2.5,-0.4,0.6,1.0,0.2,1.0,0.6,0.4,0,0,0,0,1,Peru,Paraguay,09-09-2025,World Cup qualifier,0.0,0.0
1601.070981,1675.496757,-74.425776,69.5,75,69.8,68.5,74.2,57.8,62.3,77.07142857,85,76.28571429,77.85714286,70.15384615,62.61538462,64.07692308,-7.571429,-6.485714,-9.357143,1.8,0.6,0.6,1.8,1.8,0.2,0,0,0,1,0,Cape Verde,Cameroon,09-09-2025,World Cup qualifier,0.0,0.0
1759.137536,1816.847091,-57.70955484,74.35714286,77,75.0,74.11111111,68.5,56.75,66.75,73.92857143,83,75.33333333,73.54545455,73.0,61.66666667,65.58333333,0.428571429,-0.333333333,0.565656566,2.2,1.2,0.6,2.6,0.4,0.6,0,0,0,0,1,Wales,Canada,09-09-2025,Friendly,0.0,0.175
1768.102518,1906.671901,-138.5693831,76.64285714,79,76.85714286,76.375,75.46153846,60.0,67.46153846,78.0,81,78.33333333,77.5,78.07692308,65.76923077,72.30769231,-1.357142857,-1.476190476,-1.125,1.4,1.6,0.4,3.0,0.2,0.8,0,0,0,2,0,United States,Japan,09-09-2025,Friendly,0.075,0.0
1748.633555,1943.86919,-195.235635,72.78571429,77,72.71428571,72.5,70.84615385,65.46153846,64.15384615,78.42857143,84,79.0,77.875,77.0,68.0,68.84615385,-5.642857143,-6.285714286,-5.375,0.8,1.4,0.4,1.4,1.0,0.2,0,0,0,3,6,Venezuela,Colombia,09-09-2025,World Cup qualifier,0.0,0.25
1601.045898,1847.264036,-246.2181383,75.71428571,83,77.33333333,74.88888889,69.08333333,63.91666667,69.83333333,79.64285714,85,78.71428571,80.5,71.92857143,63.35714286,71.0,-3.928571429,-1.380952381,-5.611111111,2.2,0.6,0.8,1.6,0.8,0.6,0,0,0,1,2,Bosnia and Herzegovina,Austria,09-09-2025,World Cup qualifier,0.0,0.0
1592.860611,1753.441237,-160.5806262,70.5,81,71.2,70.85714286,75.46153846,54.53846154,60.07692308,70.84615385,89,69.11111111,74.75,67.61538462,61.38461538,62.69230769,-0.346153846,2.088888889,-3.892857143,2.8,0.8,0.8,1.4,0.4,0.6,0,0,0,0,0,Burkina Faso,Egypt,09-09-2025,World Cup qualifier,0.0,0.2
2003.823525,1609.077038,394.7464876,86.14285714,91,87.5,85.33333333,84.92307692,73.07692308,77.0,71.92857143,76,71.55555556,72.6,70.30769231,63.76923077,66.38461538,14.21428571,15.94444444,12.73333333,2.0,1.4,0.6,2.0,1.4,0.4,0,0,0,2,1,France,Iceland,09-09-2025,World Cup qualifier,0.6,0.0
1833.173557,1421.771308,411.402249,77.78571429,91,81.4,75.875,76.14285714,66.28571429,70.28571429,65.0,72,65.4,63.2,62.1,55.0,53.2,12.78571429,16.0,12.675,2.8,0.4,1.0,0.4,3.2,0.0,0,0,0,11,1,Norway,Moldova,09-09-2025,World Cup qualifier,0.0,0.0
1817.390712,1941.454223,-124.0635112,80.0,86,80.8,78.75,62.41666667,72.66666667,73.66666667,85.28571429,90,85.625,84.71428571,77.0,72.07692308,80.07692308,-5.285714286,-4.825,-5.964285714,1.4,0.2,0.6,1.8,0.6,0.8,0,0,0,0,5,Serbia,England,09-09-2025,World Cup qualifier,0.0,0.25
1686.041507,1829.554915,-143.5134082,68.0,75,68.625,67.55555556,67.75,59.91666667,64.33333333,72.85714286,78,71.75,72.83333333,71.07692308,60.15384615,62.92307692,-4.857142857,-3.125,-5.277777778,2.4,0.6,0.6,2.2,0.4,1.0,0,0,0,1,3,New Zealand,Australia,09-09-2025,Friendly,0.1,0.0
1675.65828,1469.180256,206.4780237,71.0,71,71.0,71.0,82.0,65.0,63.0,61.0,73,68.0,58.6,66.75,44.5,52.75,10.0,3.0,12.4,0.8,0.8,0.2,2.0,1.8,0.2,0,0,0,3,0,Jordan,Dominican Republic,09-09-2025,Friendly,0.2,0.0
1556.537674,1702.874861,-146.3371861,68.92857143,80,69.0,68.22222222,72.07142857,58.78571429,60.92857143,78.5,83,77.8,78.0,76.92857143,65.35714286,69.5,-9.571428571,-8.8,-9.777777778,2.8,1.0,0.8,0.6,0.2,0.6,0,0,0,0,0,Gabon,Ivory Coast,09-09-2025,World Cup qualifier,0.0,0.0
1862.590347,1837.580217,25.01013015,78.78571429,81,78.55555556,79.2,75.61538462,70.76923077,71.46153846,76.07142857,87,76.625,75.16666667,74.0,69.23076923,69.46153846,2.714285714,1.930555556,4.033333333,1.0,0.2,0.6,2.2,0.2,0.8,1,0,0,2,2,Mexico,South Korea,09-09-2025,Friendly,0.2,0.1
1722.865463,1583.715786,139.1496772,70.07142857,85,68.0,73.33333333,69.46153846,54.38461538,56.30769231,66.0,72,64.0,66.33333333,77.0,51.83333333,59.5,4.071428571,4.0,7.0,1.8,1.4,0.4,0.6,1.8,0.0,0,0,0,3,3,Costa Rica,Haiti,09-09-2025,World Cup qualifier,0.0,0.0
1638.482516,1983.371711,-344.8891944,68.64285714,74,68.6,69.14285714,68.83333333,56.41666667,60.33333333,86.14285714,89,85.83333333,86.375,81.58333333,69.25,74.41666667,-17.5,-17.23333333,-17.23214286,0.6,1.6,0.2,1.4,1.0,0.6,0,0,0,1,0,Bolivia,Brazil,09-09-2025,World Cup qualifier,0.0,0.0
1754.144928,1974.083559,-219.9386315,75.85714286,84,75.33333333,76.25,70.58333333,61.66666667,65.33333333,84.71428571,89,85.0,84.0,76.25,73.75,78.5,-8.857142857,-9.666666667,-7.75,1.0,2.2,0.2,2.8,1.2,0.6,0,0,0,2,3,Hungary,Portugal,09-09-2025,World Cup qualifier,0.0,0.3
1878.4843,2079.488732,-201.0044317,75.42857143,80,75.66666667,75.36363636,75.2,55.9,68.7,84.14285714,90,85.0,83.11111111,73.61538462,71.23076923,77.69230769,-8.714285714,-9.333333333,-7.747474747,0.4,0.2,0.2,2.0,0.4,0.8,0,0,0,1,0,Ecuador,Argentina,09-09-2025,World Cup qualifier,0.0,1.0
1530.631981,1358.436137,172.195844,67.0,73,67.5,66.5,72.5,57.0,61.0,69.0,69,69.0,69.0,77.0,68.0,64.0,-2.0,-1.5,-2.5,1.4,0.8,0.2,1.0,3.0,0.0,0,0,0,3,2,Curacao,Bermuda,10-09-2025,World Cup qualifier,0.0,0.0
1679.02342,1502.071704,176.9517155,71.92857143,77,71.5,71.9,75.92307692,54.84615385,62.30769231,60.66666667,64,60.66666667,62.0,67.0,42.33333333,50.66666667,11.26190476,10.83333333,9.9,0.8,1.2,0.2,1.6,1.2,0.6,0,0,0,3,2,Saudi Arabia,Indonesia,08-10-2025,World Cup qualifier,0.0,0.0
1570.762589,1371.495912,199.2666761,77.14285714,85,76.5,77.625,78.28571429,59.35714286,65.78571429,65.75,81,65.33333333,68.25,70.5,59.5,53.5,11.39285714,11.16666667,9.375,2.0,0.6,0.6,0.6,1.8,0.2,1,0,0,5,0,Ghana,Central African Republic,08-10-2025,World Cup qualifier,0.0,0.0
1624.534369,1632.374333,-7.83996435,69.07142857,76,71.25,68.2,70.92307692,55.84615385,62.61538462,72.0,72,72.0,72.0,72.92857143,62.57142857,66.42857143,-2.928571429,-0.75,-3.8,0.8,2.0,0.2,1.4,1.0,0.4,0,0,0,0,0,Qatar,Oman,08-10-2025,World Cup qualifier,0.3,0.0
1449.918851,1625.290922,-175.372071,72.5,81,70.0,73.33333333,72.0,62.75,64.75,69.5,75,69.8,68.5,74.2,57.8,62.3,3.0,0.2,4.833333,0.0,1.7,0.0,1.6,0.4,0.6,0,0,0,3,3,Libya,Cape Verde,08-10-2025,World Cup qualifier,0.0,0.0
1853.506534,1027.870233,825.6363006,79.64285714,85,78.71428571,80.5,71.92857143,63.35714286,71.0,54.0,54,54.0,54.0,72.92857143,62.57142857,66.42857143,25.64285714,24.71428571,26.5,1.8,0.8,0.8,0.4,3.8,0.0,0,0,0,10,0,Austria,San Marino,09-10-2025,World Cup qualifier,0.0,0.0
1470.682679,1589.801881,-119.1192023,56.0,56,56.0,56.0,70.0,55.0,50.0,66.0,72,64.0,66.33333333,77.0,51.83333333,59.5,-10.0,-8.0,-10.33333333,0.6,1.4,0.2,1.0,1.4,0.0,0,0,0,0,3,Nicaragua,Haiti,09-10-2025,World Cup qualifier,0.0,0.0
1798.815654,1475.0107,323.8049536,66.6,72,67.0,65.25,68.8,53.2,57.2,66.0,71,66.0,66.0,60.0,38.5,53.5,0.6,1.0,-0.75,2.2,0.4,0.8,0.6,1.8,0.2,0,0,0,2,0,Uzbekistan,Kuwait,09-10-2025,Friendly,0.0,0.0
1768.965571,1676.298657,92.66691377,79.42857143,90,80.57142857,78.33333333,79.75,73.25,74.625,68.0,75,68.625,67.55555556,67.75,59.91666667,64.33333333,11.42857143,11.94642857,10.77777778,1.8,0.8,0.6,1.2,1.2,0.4,0,0,0,1,0,Poland,New Zealand,09-10-2025,Friendly,0.0,0.1
1951.971943,1745.770985,206.2009581,85.28571429,90,85.625,84.71428571,77.0,72.07692308,80.07692308,74.35714286,77,75.0,74.11111111,68.5,56.75,66.75,10.92857143,10.625,10.6031746,2.4,0.6,0.8,1.6,1.2,0.4,0,0,0,3,0,England,Wales,09-10-2025,Friendly,0.25,0.0
1864.919979,1563.177679,301.7423002,79.28571429,85,79.0,80.71428571,70.84615385,65.92307692,72.0,72.0,72,72.0,72.0,74.0,68.0,52.0,7.285714286,7.0,8.714285714,2.4,0.0,1.0,0.4,1.4,0.0,0,0,0,1,0,Morocco,Bahrain,09-10-2025,Friendly,0.5,0.0
1408.464776,1938.689654,-530.2248782,67.6,79,71.5,67.6,67.4,54.6,59.8,83.21428571,89,82.14285714,83.77777778,78.92307692,65.15384615,73.46153846,-15.61428571,-10.64285714,-16.17777778,0.8,2.4,0.2,3.4,1.2,0.6,0,0,0,0,4,Malta,Netherlands,09-10-2025,World Cup qualifier,0.0,0.1
1766.425984,1101.922426,664.5035581,77.35714286,86,78.57142857,77.0,71.0,67.5,74.14285714,68.0,68,68.0,68.0,76.0,66.0,61.0,9.357142857,10.57142857,9.0,2.6,1.2,0.6,0.2,2.0,0.0,0,0,0,3,0,Algeria,Somalia,09-10-2025,World Cup qualifier,0.0,0.0
1783.74757,1909.604172,-125.8566012,77.21428571,83,78.0,76.77777778,72.72727273,71.09090909,71.36363636,80.57142857,87,79.5,80.33333333,69.38461538,66.30769231,76.38461538,-3.357142857,-1.5,-3.555555556,2.0,1.2,0.6,3.4,0.6,0.8,0,0,0,0,0,Czech Republic,Croatia,09-10-2025,World Cup qualifier,0.0,0.2
1746.937808,1797.632308,-50.69449928,76.92857143,86,75.16666667,77.45454545,75.15384615,66.69230769,72.53846154,75.64285714,81,75.5,75.75,74.0,64.91666667,66.08333333,1.285714286,-0.333333333,1.704545455,1.4,1.2,0.4,3.2,1.0,0.8,0,0,0,3,1,Scotland,Greece,09-10-2025,World Cup qualifier,0.0,0.0
1426.222547,1594.8034,-168.5808531,66.57142857,71,66.4,66.66666667,66.91666667,51.91666667,56.5,75.71428571,83,77.33333333,74.88888889,69.08333333,63.91666667,69.83333333,-9.142857143,-10.93333333,-8.222222222,1.0,1.8,0.0,2.2,1.0,0.6,0,0,0,2,2,Cyprus,Bosnia and Herzegovina,09-10-2025,World Cup qualifier,0.0,0.0
1478.85317,1625.723291,-146.8701202,68.38461538,78,69.28571429,67.5,74.15384615,54.92307692,56.30769231,74.0,80,74.71428571,73.55555556,78.21428571,62.57142857,66.42857143,-5.615384615,-5.428571429,-6.055555556,1.2,1.2,0.4,2.4,1.0,0.8,0,0,0,0,1,Togo,democratic republic of congo,10-10-2025,World Cup qualifier,0.0,0.0
1869.205123,1641.751544,227.4535784,82.64285714,91,83.83333333,82.0,69.4,75.6,78.2,71.64285714,80,72.0,71.11111111,69.69230769,62.0,62.53846154,11.0,11.83333333,10.88888889,4.0,0.8,0.8,1.8,0.8,0.4,0,0,0,0,0,Belgium,North Macedonia,10-10-2025,World Cup qualifier,0.0,0.0
1914.932013,1509.918622,405.0133907,85.57142857,89,84.6,86.11111111,71.45454545,74.36363636,80.54545455,67.0,76,66.75,66.9,69.08333333,48.75,59.83333333,18.57142857,17.85,19.21111111,1.4,2.0,0.2,0.4,1.6,0.0,0,0,0,4,0,Germany,Luxembourg,10-10-2025,World Cup qualifier,0.1,0.0
2006.81359,1460.586959,546.2266311,86.14285714,91,87.5,85.33333333,84.92307692,73.07692308,77.0,65.83333333,71,65.0,70.5,71.4,57.4,50.8,20.30952381,22.5,14.83333333,2.4,1.2,0.8,0.4,2.0,0.0,0,0,0,3,0,France,Azerbaijan,10-10-2025,World Cup qualifier,0.6,0.0
1780.104225,1862.021384,-81.91715934,77.07142857,81,77.625,76.0,72.30769231,66.46153846,72.23076923,79.78571429,87,77.0,80.25,71.7,63.0,71.3,-2.714285714,0.625,-4.25,2.6,1.6,0.6,3.6,0.6,1.0,0,0,0,0,2,Sweden,Switzerland,10-10-2025,World Cup qualifier,0.0,0.0
1818.901419,1833.532737,-14.63131718,72.07142857,79,71.71428571,71.25,71.1,66.1,69.2,70.85714286,82,72.5,68.85714286,72.07142857,61.21428571,64.0,1.214285714,-0.785714286,2.392857143,2.8,0.6,0.6,2.2,0.8,0.6,0,0,0,2,1,Russia,Iran,10-10-2025,Friendly,0.0,0.1
1884.608677,1816.915643,67.69303366,78.0,81,78.33333333,77.5,78.07692308,65.76923077,72.30769231,75.57142857,81,76.5,74.4,75.5,65.0,67.14285714,2.428571429,1.833333333,3.1,1.8,0.6,0.6,1.0,0.6,0.4,0,0,0,2,2,Japan,Paraguay,10-10-2025,Friendly,0.0,0.0
1876.212779,1461.707857,414.5049217,81.28571429,88,81.0,81.1,75.38461538,65.07692308,70.76923077,61.0,73,68.0,58.6,66.75,44.5,52.75,20.28571429,13.0,22.5,1.0,0.4,0.4,1.6,1.6,0.2,1,0,0,1,0,Uruguay,Dominican Republic,10-10-2025,Friendly,0.1,0.0
1499.88423,1734.974838,-235.090608,64.0,67,67.0,63.0,62.0,56.33333333,53.0,67.92857143,72,67.625,68.57142857,69.64285714,57.0,57.0,-3.928571429,-0.625,-5.571428571,0.4,1.2,0.2,1.4,0.6,0.4,0,0,0,0,1,El Salvador,Panama,10-10-2025,World Cup qualifier,0.0,0.15
1790.165741,1902.829924,-112.6641823,76.64285714,79,76.85714286,76.375,75.46153846,60.0,67.46153846,75.42857143,80,75.66666667,75.36363636,75.2,55.9,68.7,1.214285714,1.19047619,1.011363636,1.4,1.4,0.4,0.2,0.0,0.2,0,0,0,1,1,United States,Ecuador,10-10-2025,Friendly,0.075,0.0
2055.143108,1740.784122,314.3589858,84.14285714,90,85.0,83.11111111,73.61538462,71.23076923,77.69230769,72.78571429,77,72.71428571,72.5,70.84615385,65.46153846,64.15384615,11.35714286,12.28571429,10.61111111,1.8,0.6,0.6,1.2,2.2,0.4,1,0,0,1,0,Argentina,Venezuela,10-10-2025,Friendly,1.0,0.0
1666.618499,1683.130678,-16.51217927,68.64285714,74,68.6,69.14285714,68.83333333,56.41666667,60.33333333,71.0,71,71.0,71.0,82.0,65.0,63.0,-2.357142857,-2.4,-1.857142857,0.6,1.0,0.4,1.2,0.6,0.4,1,0,0,1,0,Bolivia,Jordan,10-10-2025,Friendly,0.0,0.2
1838.729991,1955.235728,-116.5057378,76.07142857,87,76.625,75.16666667,74.0,69.23076923,69.46153846,86.14285714,89,85.83333333,86.375,81.58333333,69.25,74.41666667,-10.07142857,-9.208333333,-11.20833333,1.8,0.6,0.6,1.0,1.0,0.4,0,0,0,0,5,South Korea,Brazil,10-10-2025,Friendly,0.1,0.0
1300.810757,1826.589081,-525.7783239,53.0,55,55.0,51.0,76.0,41.0,41.0,78.5,86,79.16666667,78.42857143,76.69230769,66.61538462,65.84615385,-25.5,-24.16666667,-27.42857143,0.4,1.8,0.0,2.2,0.8,0.8,0,0,0,0,5,South Sudan,Senegal,10-10-2025,World Cup qualifier,0.0,0.1
1639.232162,1443.776525,195.4556372,67.71428571,74,68.125,67.16666667,72.92857143,54.64285714,56.57142857,67.30769231,77,67.22222222,69.33333333,70.84615385,55.84615385,56.15384615,0.406593407,0.902777778,-2.166666667,1.4,1.0,0.4,0.8,1.2,0.2,0,0,0,0,0,South Africa,Zimbabwe,10-10-2025,World Cup qualifier,0.1,0.0
1830.213642,1839.297766,-9.084123673,73.92857143,83,75.33333333,73.54545455,73.0,61.66666667,65.58333333,72.85714286,78,71.75,72.83333333,71.07692308,60.15384615,62.92307692,1.071428571,3.583333333,0.712121212,1.6,0.4,0.6,1.8,0.4,1.0,0,0,0,0,1,Canada,Australia,10-10-2025,Friendly,0.175,0.0
1541.458678,1658.956944,-117.498266,67.0,73,67.5,66.5,72.5,57.0,61.0,73.85714286,79,72.81818182,76.0,77.92307692,67.76923077,64.07692308,-6.857143,-5.318182,-9.5,1.0,1.0,0.2,0.8,2.6,0.0,0,0,0,2,0,Curacao,Jamaica,10-10-2025,World Cup qualifier,0.0,0.0
1687.870658,1493.582198,194.2884606,63.38461538,69,63.5,66.0,66.53846154,53.23076923,55.0,60.66666667,64,60.66666667,62.0,67.0,42.33333333,50.66666667,2.717948718,2.833333333,4.0,1.0,1.0,0.6,1.8,1.8,0.4,1,0,0,1,0,Iraq,Indonesia,11-10-2025,World Cup qualifier,0.0,0.0
1951.718622,1861.440573,90.27804909,78.42857143,84,79.0,77.875,77.0,68.0,68.84615385,78.78571429,81,78.55555556,79.2,75.61538462,70.76923077,71.46153846,-0.357142857,0.444444444,-1.325,2.4,1.2,0.4,1.4,0.6,0.6,1,0,0,4,0,Colombia,Mexico,11-10-2025,Friendly,0.25,0.2
1525.974298,1822.95338,-296.9790827,67.85714286,76,68.14285714,67.375,68.57142857,54.5,60.0,78.35714286,85,78.66666667,77.88888889,73.58333333,63.41666667,70.75,-10.5,-10.52380952,-10.51388889,0.6,2.8,0.0,1.6,2.0,0.6,0,0,0,1,6,Bulgaria,Turkey,11-10-2025,World Cup qualifier,0.0,0.0
1981.121351,1664.551347,316.5700046,84.71428571,89,85.0,84.0,76.25,73.75,78.5,73.64285714,76,74.5,73.61538462,63.0,52.2,62.3,11.07142857,10.5,10.38461538,3.4,1.4,0.8,1.2,1.2,0.2,0,0,0,1,0,Portugal,Ireland,11-10-2025,World Cup qualifier,0.3,0.0
2084.519557,1707.7806,376.7389567,84.64285714,89,83.8,85.14285714,70.61538462,72.92307692,81.84615385,73.0,86,73.25,72.66666667,69.76923077,59.69230769,62.92307692,11.64285714,10.55,12.47619048,3.8,1.8,0.6,2.6,1.0,0.6,0,0,0,2,0,Spain,Georgia,11-10-2025,World Cup qualifier,0.6,0.0
1835.913662,1655.107819,180.8058431,77.78571429,91,81.4,75.875,76.14285714,66.28571429,70.28571429,70.5,77,72.0,68.5,71.76923077,61.38461538,62.15384615,7.285714286,9.4,7.375,4.0,0.6,1.0,2.8,2.0,0.6,0,0,0,5,0,Norway,Israel,11-10-2025,World Cup qualifier,0.0,0.0
1904.04914,1224.218891,679.8302494,80.57142857,87,79.5,80.33333333,69.38461538,66.30769231,76.38461538,58.0,58,58.0,58.0,65.0,44.5,46.5,22.57142857,21.5,22.33333333,3.4,0.2,0.8,0.2,2.6,0.0,0,0,0,3,0,Croatia,Gibraltar,12-10-2025,World Cup qualifier,0.2,0.0
1765.255949,1526.238276,239.0176722,76.92857143,86,75.16666667,77.45454545,75.15384615,66.69230769,72.53846154,64.0,66,64.0,64.0,68.33333333,58.66666667,56.33333333,12.92857143,11.16666667,13.45454545,2.0,0.8,0.6,1.2,3.6,0.2,0,0,0,2,1,Scotland,Belarus,12-10-2025,World Cup qualifier,0.0,0.0
1578.475371,1511.664339,66.81103176,77.14285714,85,76.5,77.625,78.28571429,59.35714286,65.78571429,66.25,74,67.28571429,64.71428571,76.36363636,55.81818182,60.09090909,10.89285714,9.214285714,12.91071429,2.4,0.6,0.6,1.0,1.6,0.4,0,0,0,1,0,Ghana,Comoros,12-10-2025,World Cup qualifier,0.0,0.0
1940.13355,1596.859466,343.2740838,83.21428571,89,82.14285714,83.77777778,78.92307692,65.15384615,73.46153846,72.5,81,72.0,72.71428571,66.33333333,64.41666667,65.91666667,10.71428571,10.14285714,11.06349206,3.6,0.6,0.8,1.0,1.6,0.4,0,0,0,4,0,Netherlands,Finland,12-10-2025,World Cup qualifier,0.1,0.0
1397.154877,1789.302601,-392.1477244,57.33333333,63,57.33333333,59.0,64.66666667,50.33333333,51.0,77.21428571,83,78.0,76.77777778,72.72727273,71.09090909,71.36363636,-19.88095238,-20.66666667,-17.77777778,1.4,0.6,0.6,1.2,1.2,0.4,0,0,0,2,1,Faroe Islands,Czech Republic,12-10-2025,World Cup qualifier,0.0,0.0
1407.02088,1587.596837,-180.5759571,67.6,79,71.5,67.6,67.4,54.6,59.8,75.71428571,83,77.33333333,74.88888889,69.08333333,63.91666667,69.83333333,-8.114285714,-5.833333333,-7.288888889,0.8,2.8,0.2,2.2,1.2,0.4,0,0,0,1,4,Malta,Bosnia and Herzegovina,12-10-2025,Friendly,0.0,0.0
1670.31694,1853.780268,-183.4633273,73.0,77,72.88888889,73.2,75.36363636,69.18181818,71.45454545,79.64285714,85,78.71428571,80.5,71.92857143,63.35714286,71.0,-6.642857143,-5.825396825,-7.3,1.4,1.6,0.4,3.8,0.4,1.0,0,0,0,1,0,Romania,Austria,12-10-2025,World Cup qualifier,0.0,0.0
1722.409194,1478.394979,244.0142154,72.28571429,81,71.5,72.09090909,71.76923077,61.0,65.53846154,64.0,64,64.0,64.0,74.0,66.0,62.0,8.285714286,7.5,8.090909091,4.4,0.0,1.0,2.2,1.0,0.6,0,0,0,3,0,Tunisia,Namibia,13-10-2025,World Cup qualifier,0.0,0.0
1597.523096,2008.135674,-410.6125785,71.92857143,76,71.55555556,72.6,70.30769231,63.76923077,66.38461538,86.14285714,91,87.5,85.33333333,84.92307692,73.07692308,77.0,-14.21428571,-15.94444444,-12.73333333,2.4,1.8,0.4,2.6,1.2,0.8,0,0,0,2,2,Iceland,France,13-10-2025,World Cup qualifier,0.0,0.6
1637.338225,1600.521534,36.81669132,67.91666667,74,71.75,65.71428571,71.58333333,58.41666667,60.16666667,66.0,72,64.0,66.33333333,77.0,51.83333333,59.5,1.916666667,7.75,-0.619047619,0.6,0.4,0.2,1.6,1.2,0.2,0,0,0,3,0,Honduras,Haiti,13-10-2025,World Cup qualifier,0.0,0.0
1878.908465,1803.111361,75.79710397,81.28571429,88,81.0,81.1,75.38461538,65.07692308,70.76923077,66.6,72,67.0,65.25,68.8,53.2,57.2,14.68571429,14.0,15.85,1.2,0.4,0.6,2.0,0.4,0.8,1,0,0,2,1,Uruguay,Uzbekistan,13-10-2025,Friendly,0.1,0.0
1635.268035,1917.765677,-282.4976421,70.92857143,75,69.0,71.09090909,58.23076923,53.30769231,63.84615385,85.57142857,89,84.6,86.11111111,71.45454545,74.36363636,80.54545455,-14.64285714,-15.6,-15.02020202,1.6,1.2,0.6,1.6,1.4,0.4,0,0,0,0,1,Northern Ireland,Germany,13-10-2025,World Cup qualifier,0.0,0.1
1767.808266,1668.942791,98.86547526,77.07142857,81,77.625,76.0,72.30769231,66.46153846,72.23076923,73.92857143,81,73.0,74.16666667,71.38461538,63.92307692,67.30769231,3.142857143,4.625,1.833333333,1.6,1.8,0.4,2.2,1.6,0.6,0,0,0,0,1,Sweden,Kosovo,13-10-2025,World Cup qualifier,0.0,0.0
1738.289448,1860.008301,-121.7188529,74.35714286,77,75.0,74.11111111,68.5,56.75,66.75,82.64285714,91,83.83333333,82.0,69.4,75.6,78.2,-8.285714286,-8.833333333,-7.888888889,1.4,1.6,0.4,3.4,0.8,0.6,0,0,0,2,4,Wales,Belgium,13-10-2025,World Cup qualifier,0.0,0.0
1772.386291,1874.317343,-101.9310528,74.71428571,88,73.2,76.0,67.58333333,62.0,67.41666667,79.78571429,87,77.0,80.25,71.7,63.0,71.3,-5.071428571,-3.8,-4.25,1.0,1.2,0.4,3.4,0.4,1.0,0,0,0,0,0,Slovenia,Switzerland,13-10-2025,World Cup qualifier,0.0,0.0
1615.973852,1197.746665,418.227187,69.5,75,69.8,68.5,74.2,57.8,62.3,57.0,63,56.5,57.0,67.0,50.0,54.0,12.5,13.3,11.5,2.0,0.8,0.6,0.0,1.0,0.0,0,0,0,3,0,Cape Verde,Eswatini,13-10-2025,World Cup qualifier,0.0,0.0
1567.975839,1523.435673,44.540166,67.0,73,67.5,66.5,72.5,57.0,61.0,63.2,77,71.5,62.0,74.0,56.5,60.25,3.8,-4.0,4.5,1.4,1.0,0.4,0.4,2.2,0.0,0,0,0,1,1,Curacao,Trinidad and Tobago,14-10-2025,World Cup qualifier,0.0,0.0
1828.068681,1471.591759,356.4769223,78.5,86,79.16666667,78.42857143,76.69230769,66.61538462,65.84615385,65.33333333,66,64.0,66.0,71.5,52.5,52.0,13.16666667,15.16666667,12.42857143,2.8,0.8,0.8,0.6,0.4,0.2,0,0,0,4,0,Senegal,Mauritania,14-10-2025,World Cup qualifier,0.1,0.0
1849.506924,1897.816068,-48.30914389,78.78571429,81,78.55555556,79.2,75.61538462,70.76923077,71.46153846,75.42857143,80,75.66666667,75.36363636,75.2,55.9,68.7,3.357142857,2.888888889,3.836363636,1.0,1.4,0.4,0.4,0.2,0.2,0,0,0,1,1,Mexico,Ecuador,14-10-2025,Friendly,0.2,0.0
1741.545493,1544.302504,197.2429888,67.92857143,72,67.625,68.57142857,69.64285714,57.0,57.0,69.5,78,71.8,68.7,77.0,52.58333333,61.16666667,-1.571428571,-4.175,-0.128571429,1.4,0.6,0.4,0.6,0.8,0.2,0,0,0,1,1,Panama,Suriname,14-10-2025,World Cup qualifier,0.15,0.0
1795.179597,1854.879522,-59.6999244,76.64285714,79,76.85714286,76.375,75.46153846,60.0,67.46153846,72.85714286,78,71.75,72.83333333,71.07692308,60.15384615,62.92307692,3.785714286,5.107142857,3.541666667,1.2,1.2,0.4,1.6,0.4,1.0,0,0,0,2,1,United States,Australia,14-10-2025,Friendly,0.075,0.0
1631.074094,1458.513787,172.560307,67.71428571,74,68.125,67.16666667,72.92857143,54.64285714,56.57142857,66.0,66,66.0,66.0,61.0,63.0,65.0,1.714285714,2.125,1.166666667,1.4,1.0,0.4,0.4,1.0,0.2,0,0,0,3,0,South Africa,Rwanda,14-10-2025,World Cup qualifier,0.1,0.0
1814.631886,1963.652272,-149.0203858,73.92857143,83,75.33333333,73.54545455,73.0,61.66666667,65.58333333,78.42857143,84,79.0,77.875,77.0,68.0,68.84615385,-4.5,-3.666666667,-4.329545455,1.4,0.4,0.6,2.8,0.8,0.6,1,0,0,0,0,Canada,Colombia,14-10-2025,Friendly,0.175,0.25
1697.375433,1500.919461,196.4559719,78.5,83,77.8,78.0,76.92857143,65.35714286,69.5,64.55555556,74,62.75,65.71428571,71.55555556,45.55555556,53.66666667,13.94444444,15.05,12.28571429,1.6,0.2,0.4,1.8,0.8,0.6,0,0,0,3,0,Ivory Coast,Kenya,14-10-2025,World Cup qualifier,0.0,0.0
1869.710329,1362.921045,506.7892845,79.28571429,85,79.0,80.71428571,70.84615385,65.92307692,72.0,65.28571429,72,64.125,65.8,72.42857143,56.71428571,56.0,14.0,14.875,14.91428571,2.2,0.0,1.0,1.0,1.8,0.0,0,0,0,1,0,Morocco,Congo,14-10-2025,World Cup qualifier,0.5,0.0
1635.335697,1456.502006,178.8336909,74.0,80,74.71428571,73.55555556,78.21428571,62.57142857,66.42857143,60.75,65,60.75,60.75,80.5,56.75,51.75,13.25,13.96428571,12.80555556,2.2,1.0,0.8,0.2,0.8,0.0,0,0,0,1,0,democratic republic of congo,Sudan,14-10-2025,World Cup qualifier,0.0,0.0
1827.856491,1704.497459,123.3590323,78.35714286,85,78.66666667,77.88888889,73.58333333,63.41666667,70.75,73.0,86,73.25,72.66666667,69.76923077,59.69230769,62.92307692,5.357142857,5.416666667,5.222222222,2.2,2.2,0.6,1.4,1.2,0.4,0,0,0,4,1,Turkey,Georgia,14-10-2025,World Cup qualifier,0.0,0.0
2087.802698,1521.071187,566.7315112,84.64285714,89,83.8,85.14285714,70.61538462,72.92307692,81.84615385,67.85714286,76,68.14285714,67.375,68.57142857,54.5,60.0,16.78571429,15.65714286,17.76785714,3.6,1.2,0.8,0.6,3.6,0.0,0,0,0,4,0,Spain,Bulgaria,14-10-2025,World Cup qualifier,0.6,0.0
1389.597958,1959.45348,-569.8555223,62.16666667,66,65.0,61.8,62.4,53.4,55.6,85.28571429,90,85.625,84.71428571,77.0,72.07692308,80.07692308,-23.11904762,-20.625,-22.91428571,0.6,1.0,0.0,2.4,0.6,0.8,0,0,0,0,5,Latvia,England,14-10-2025,World Cup qualifier,0.0,0.25
1985.574321,1753.258504,232.3158177,84.71428571,89,85.0,84.0,76.25,73.75,78.5,75.85714286,84,75.33333333,76.25,70.58333333,61.66666667,65.33333333,8.857142857,9.666666667,7.75,2.6,1.0,0.8,1.6,1.6,0.4,0,0,0,2,2,Portugal,Hungary,14-10-2025,World Cup qualifier,0.3,0.0
1827.902827,1819.994166,7.90866091,76.07142857,87,76.625,75.16666667,74.0,69.23076923,69.46153846,75.57142857,81,76.5,74.4,75.5,65.0,67.14285714,0.5,0.125,0.766666667,1.2,1.6,0.4,1.0,0.6,0.4,0,0,0,2,0,South Korea,Paraguay,14-10-2025,Friendly,0.1,0.0
1844.26551,1664.467732,179.7977781,77.78571429,91,81.4,75.875,76.14285714,66.28571429,70.28571429,68.0,75,68.625,67.55555556,67.75,59.91666667,64.33333333,9.785714286,12.775,8.319444444,4.2,0.2,1.0,0.6,1.4,0.2,0,0,0,1,1,Norway,New Zealand,14-10-2025,Friendly,0.0,0.1
1881.530154,1966.062892,-84.53273793,78.0,81,78.33333333,77.5,78.07692308,65.76923077,72.30769231,86.14285714,89,85.83333333,86.375,81.58333333,69.25,74.41666667,-8.142857143,-7.5,-8.875,1.0,0.8,0.4,1.8,0.2,0.6,0,0,0,3,2,Japan,Brazil,14-10-2025,Friendly,0.0,0.0
1816.859338,1456.641443,360.2178947,70.85714286,82,72.5,68.85714286,72.07142857,61.21428571,64.0,66.0,72,66.0,66.0,77.5,66.5,55.0,4.857142857,6.5,2.857142857,1.8,1.2,0.4,0.6,1.0,0.2,1,0,0,2,0,Iran,Tanzania,14-10-2025,Friendly,0.1,0.0
1679.222231,1666.370836,12.85139483,74.5,78,74.75,74.4,71.0,56.91666667,63.25,71.0,71,71.0,71.0,82.0,65.0,63.0,3.5,3.75,3.4,0.8,0.2,0.6,1.2,0.4,0.4,0,0,0,4,2,Albania,Jordan,14-10-2025,Friendly,0.0,0.2
1687.512927,1695.752436,-8.239508952,71.92857143,77,71.5,71.9,75.92307692,54.84615385,62.30769231,63.38461538,69,63.5,66.0,66.53846154,53.23076923,55.0,8.543956044,8.0,5.9,1.4,1.4,0.4,1.0,0.6,0.8,0,0,0,0,0,Saudi Arabia,Iraq,14-10-2025,World Cup qualifier,0.0,0.0
2059.645092,1363.564144,696.0809474,84.14285714,90,85.0,83.11111111,73.61538462,71.23076923,77.69230769,59.5,65,59.5,65.0,71.5,42.0,52.5,24.64285714,25.5,18.11111111,1.2,0.4,0.6,1.0,1.4,0.2,1,0,0,6,0,Argentina,Puerto Rico,14-10-2025,Friendly,1.0,0.0
1624.895351,1678.158537,-53.26318588,69.07142857,76,71.25,68.2,70.92307692,55.84615385,62.61538462,64.0,72,61.0,64.58333333,67.63636364,43.09090909,54.09090909,5.071428571,10.25,3.616666667,0.6,2.0,0.0,1.4,0.6,0.6,0,0,0,2,1,Qatar,United Arab Emirates,14-10-2025,World Cup qualifier,0.3,0.0
1767.109139,1526.070584,241.0385546,77.35714286,86,78.57142857,77.0,71.0,67.5,74.14285714,61.0,69,58.0,61.0,72.5,41.5,52.5,16.35714286,20.57142857,16.0,2.2,1.0,0.6,1.6,0.8,0.6,0,0,0,2,1,Algeria,Uganda,14-10-2025,World Cup qualifier,0.0,0.0
1728.715687,1467.948693,260.7669935,72.28571429,81,71.5,72.09090909,71.76923077,61.0,65.53846154,65.33333333,66,64.0,66.0,71.5,52.5,52.0,6.952380952,7.5,6.090909091,4.4,0.0,1.0,0.4,0.8,0.2,0,0,0,1,1,Tunisia,Mauritania,12-11-2025,Friendly,0.0,0.0
1836.653224,1450.973682,385.6795418,77.78571429,91,81.4,75.875,76.14285714,66.28571429,70.28571429,62.42857143,70,58.0,63.8,64.66666667,49.33333333,54.83333333,15.35714286,23.4,12.075,3.8,0.4,0.8,0.4,2.0,0.0,0,0,0,4,1,Norway,Estonia,13-11-2025,World Cup qualifier,0.0,0.0
1760.333464,1024.774991,735.5584726,77.21428571,83,78.0,76.77777778,72.72727273,71.09090909,71.36363636,54.0,54,54.0,54.0,72.92857143,62.57142857,66.42857143,23.21428571,24.0,22.77777778,1.0,1.6,0.2,0.2,5.4,0.0,0,0,0,1,0,Czech Republic,San Marino,13-11-2025,Friendly,0.0,0.0
1773.502818,1431.169171,342.3336471,77.35714286,86,78.57142857,77.0,71.0,67.5,74.14285714,67.30769231,77,67.22222222,69.33333333,70.84615385,55.84615385,56.15384615,10.04945055,11.34920635,7.666666667,2.2,1.2,0.6,0.6,0.8,0.2,1,0,0,3,1,Algeria,Zimbabwe,13-11-2025,Friendly,0.0,0.0
1643.757804,1656.1397,-12.38189575,74.0,80,74.71428571,73.55555556,78.21428571,62.57142857,66.42857143,77.07142857,85,76.28571429,77.85714286,70.15384615,62.61538462,64.07692308,-3.071428571,-1.571428571,-4.301587302,2.2,1.0,0.8,1.2,0.4,0.4,1,0,0,1,0,democratic republic of congo,Cameroon,13-11-2025,World Cup qualifier,0.0,0.0
1668.893719,1976.228771,-307.3350523,73.64285714,76,74.5,73.61538462,63.0,52.2,62.3,84.71428571,89,85.0,84.0,76.25,73.75,78.5,-11.07142857,-10.5,-10.38461538,0.8,1.0,0.2,2.6,1.2,0.6,0,0,0,2,0,Ireland,Portugal,13-11-2025,World Cup qualifier,0.0,0.3
1994.88719,1793.696109,201.1910804,86.14285714,91,87.5,85.33333333,84.92307692,73.07692308,77.0,76.85714286,82,76.625,76.625,75.0,66.16666667,72.83333333,9.285714286,10.875,8.708333333,2.2,0.6,0.8,2.0,1.6,0.6,0,0,0,4,0,France,Ukraine,13-11-2025,World Cup qualifier,0.6,0.0
1812.387797,1619.277927,193.10987,70.85714286,82,72.5,68.85714286,72.07142857,61.21428571,64.0,69.5,75,69.8,68.5,74.2,57.8,62.3,1.357143,2.7,0.357143,1.6,1.0,0.4,2.0,0.8,0.6,0,0,0,0,0,Iran,Cape Verde,13-11-2025,Friendly,0.1,0.0
1659.724713,1695.373063,-35.64835003,64.0,72,61.0,64.58333333,67.63636364,43.09090909,54.09090909,63.38461538,69,63.5,66.0,66.53846154,53.23076923,55.0,0.615384615,-2.5,-1.416666667,1.6,1.0,0.6,1.0,0.2,0.8,0,0,0,1,1,United Arab Emirates,Iraq,13-11-2025,World Cup qualifier,0.0,0.0
1601.067196,1733.326673,-132.2594773,64.2,68,63.66666667,65.0,68.2,53.2,55.0,67.92857143,72,67.625,68.57142857,69.64285714,57.0,57.0,-3.728571429,-3.958333333,-3.571428571,0.8,1.0,0.2,0.8,0.6,0.2,0,0,0,2,3,Guatemala,Panama,13-11-2025,World Cup qualifier,0.0,0.15
1821.102514,1895.605577,-74.50306213,73.92857143,83,75.33333333,73.54545455,73.0,61.66666667,65.58333333,75.42857143,80,75.66666667,75.36363636,75.2,55.9,68.7,-1.5,-0.333333333,-1.818181818,1.0,0.4,0.4,0.6,0.4,0.2,0,0,0,0,0,Canada,Ecuador,13-11-2025,Friendly,0.175,0.0
1586.210687,1719.066491,-132.8558041,66.0,72,64.0,66.33333333,77.0,51.83333333,59.5,70.07142857,85,68.0,73.33333333,69.46153846,54.38461538,56.30769231,-4.071428571,-4.0,-7.0,1.4,1.6,0.2,2.0,1.4,0.2,1,0,0,1,0,Haiti,Costa Rica,13-11-2025,World Cup qualifier,0.0,0.0
1960.613526,1785.644477,174.9690485,85.28571429,90,85.625,84.71428571,77.0,72.07692308,80.07692308,80.0,86,80.8,78.75,62.41666667,72.66666667,73.66666667,5.285714286,4.825,5.964285714,3.2,0.6,0.8,1.4,1.4,0.6,0,0,0,2,0,England,Serbia,13-11-2025,World Cup qualifier,0.25,0.0
1610.859617,2060.216728,-449.3571109,70.28571429,78,70.77777778,69.25,76.78571429,61.35714286,60.92857143,84.14285714,90,85.0,83.11111111,73.61538462,71.23076923,77.69230769,-13.85714286,-14.22222222,-13.86111111,1.6,0.8,0.4,2.2,0.4,0.6,0,0,0,0,2,Angola,Argentina,14-11-2025,Friendly,0.0,1.0
1871.352067,1504.684661,366.6674053,79.28571429,85,79.0,80.71428571,70.84615385,65.92307692,72.0,73.66666667,81,68.0,76.5,83.66666667,53.33333333,60.33333333,5.619047619,11.0,4.214285714,2.0,0.0,1.0,1.0,1.8,0.4,0,0,0,1,0,Morocco,Mozambique,14-11-2025,Friendly,0.5,0.0
1904.675734,1426.124014,478.5517197,80.57142857,87,79.5,80.33333333,69.38461538,66.30769231,76.38461538,57.33333333,63,57.33333333,59.0,64.66666667,50.33333333,51.0,23.23809524,22.16666667,21.33333333,2.6,0.2,0.8,1.8,0.6,0.8,0,0,0,3,1,Croatia,Faroe Islands,14-11-2025,World Cup qualifier,0.2,0.0
1790.547603,1751.065018,39.48258519,66.6,72,67.0,65.25,68.8,53.2,57.2,70.84615385,89,69.11111111,74.75,67.61538462,61.38461538,62.69230769,-4.246153846,-2.111111111,-9.5,2.0,0.6,0.8,1.4,0.0,0.8,1,0,0,2,0,Uzbekistan,Egypt,14-11-2025,Friendly tournament,0.0,0.2
1498.815377,1923.024984,-424.2096076,67.0,76,66.75,66.9,69.08333333,48.75,59.83333333,85.57142857,89,84.6,86.11111111,71.45454545,74.36363636,80.54545455,-18.57142857,-17.85,-19.21111111,0.2,2.0,0.0,1.6,1.0,0.6,0,0,0,0,2,Luxembourg,Germany,14-11-2025,World Cup qualifier,0.0,0.1
1783.591547,1944.029266,-160.4377187,79.42857143,90,80.57142857,78.33333333,79.75,73.25,74.625,83.21428571,89,82.14285714,83.77777778,78.92307692,65.15384615,73.46153846,-3.785714286,-1.571428571,-5.444444444,1.6,0.8,0.6,4.0,0.6,0.8,0,0,0,1,1,Poland,Netherlands,14-11-2025,World Cup qualifier,0.0,0.1
1843.538683,1673.970858,169.5678246,76.07142857,87,76.625,75.16666667,74.0,69.23076923,69.46153846,68.64285714,74,68.6,69.14285714,68.83333333,56.41666667,60.33333333,7.428571429,8.025,6.023809524,1.2,1.6,0.4,0.8,1.2,0.6,0,0,0,2,0,South Korea,Bolivia,14-11-2025,Friendly,0.1,0.0
1718.548077,1650.962395,67.58568185,72.28571429,81,71.5,72.09090909,71.76923077,61.0,65.53846154,71.0,71,71.0,71.0,82.0,65.0,63.0,1.285714286,0.5,1.090909091,4.4,0.2,0.8,1.0,1.2,0.2,0,0,0,3,2,Tunisia,Jordan,14-11-2025,Friendly,0.0,0.2
1901.347991,1591.435981,309.91201,78.0,81,78.33333333,77.5,78.07692308,65.76923077,72.30769231,77.14285714,85,76.5,77.625,78.28571429,59.35714286,65.78571429,0.857142857,1.833333333,-0.125,1.2,1.2,0.4,2.4,0.2,0.8,0,0,0,2,0,Japan,Ghana,14-11-2025,Friendly,0.0,0.0
1687.892299,1705.183324,-17.29102541,71.92857143,77,71.5,71.9,75.92307692,54.84615385,62.30769231,78.5,83,77.8,78.0,76.92857143,65.35714286,69.5,-6.571428571,-6.3,-6.1,1.2,1.2,0.4,2.2,0.0,0.6,0,0,0,1,0,Saudi Arabia,Ivory Coast,14-11-2025,Friendly,0.0,0.0
1736.282139,1836.156981,-99.87484178,72.78571429,77,72.71428571,72.5,70.84615385,65.46153846,64.15384615,72.85714286,78,71.75,72.83333333,71.07692308,60.15384615,62.92307692,-0.071428571,0.964285714,-0.333333333,1.0,2.4,0.2,1.6,0.8,0.8,1,0,0,1,0,Venezuela,Australia,14-11-2025,Friendly,0.0,0.0
1347.60944,1565.425855,-217.816415,69.0,69,69.0,69.0,77.0,68.0,64.0,67.0,73,67.5,66.5,72.5,57.0,61.0,2.0,1.5,2.5,1.5,3.0,0.0,1.4,1.0,0.4,0,0,0,0,7,Bermuda,Curacao,14-11-2025,World Cup qualifier,0.0,0.0
1813.902138,1804.358311,9.543827399,76.64285714,79,76.85714286,76.375,75.46153846,60.0,67.46153846,75.57142857,81,76.5,74.4,75.5,65.0,67.14285714,1.071428571,0.357142857,1.975,1.2,1.2,0.4,0.6,1.0,0.2,0,0,0,2,1,United States,Paraguay,15-11-2025,Friendly,0.075,0.0
1768.106327,1771.709353,-3.603025317,75.64285714,81,75.5,75.75,74.0,64.91666667,66.08333333,76.92857143,86,75.16666667,77.45454545,75.15384615,66.69230769,72.53846154,-1.285714286,0.333333333,-1.704545455,2.2,2.0,0.4,2.2,0.4,0.8,0,0,0,3,2,Greece,Scotland,15-11-2025,World Cup qualifier,0.0,0.0
1639.722205,1494.50383,145.2183758,67.71428571,74,68.125,67.16666667,72.92857143,54.64285714,56.57142857,67.625,75,70.16666667,62.33333333,84.75,57.875,53.875,0.089285714,-2.041666667,4.833333333,1.4,0.8,0.4,0.8,1.4,0.2,0,0,0,3,1,South Africa,Zambia,15-11-2025,Friendly,0.1,0.0
1693.951086,2088.983017,-395.031931,73.0,86,73.25,72.66666667,69.76923077,59.69230769,62.92307692,84.64285714,89,83.8,85.14285714,70.61538462,72.92307692,81.84615385,-11.64285714,-10.55,-12.47619048,1.4,2.0,0.2,3.4,0.4,0.8,0,0,0,0,4,Georgia,Spain,15-11-2025,World Cup qualifier,0.0,0.6
1851.717415,1891.472222,-39.7548075,78.78571429,81,78.55555556,79.2,75.61538462,70.76923077,71.46153846,81.28571429,88,81.0,81.1,75.38461538,65.07692308,70.76923077,-2.5,-2.444444444,-1.9,1.0,1.6,0.2,1.6,0.2,0.8,0,0,0,0,0,Mexico,Uruguay,15-11-2025,Friendly,0.2,0.1
1462.538685,1870.621539,-408.0828534,67.5,70,67.5,67.5,76.5,62.0,65.0,82.64285714,91,83.83333333,82.0,69.4,75.6,78.2,-15.14285714,-16.33333333,-14.5,1.0,1.8,0.2,4.0,1.0,0.8,0,0,0,1,1,Kazakhstan,Belgium,15-11-2025,World Cup qualifier,0.0,0.0
1946.245055,1831.711746,114.5333087,86.14285714,89,85.83333333,86.375,81.58333333,69.25,74.41666667,78.5,86,79.16666667,78.42857143,76.69230769,66.61538462,65.84615385,7.642857143,6.666666667,7.946428571,2.2,0.8,0.6,3.4,0.6,1.0,1,0,0,2,0,Brazil,Senegal,15-11-2025,Friendly,0.0,0.1
1595.956856,1694.059165,-98.10230861,75.71428571,83,77.33333333,74.88888889,69.08333333,63.91666667,69.83333333,73.0,77,72.88888889,73.2,75.36363636,69.18181818,71.45454545,2.714285714,4.444444444,1.688888889,2.8,1.4,0.4,1.4,1.2,0.6,0,0,0,3,1,Bosnia and Herzegovina,Romania,15-11-2025,World Cup qualifier,0.0,0.0
1838.402865,1519.890868,318.5119969,78.35714286,85,78.66666667,77.88888889,73.58333333,63.41666667,70.75,67.85714286,76,68.14285714,67.375,68.57142857,54.5,60.0,10.5,10.52380952,10.51388889,2.6,2.2,0.6,0.2,4.0,0.0,0,0,0,2,0,Turkey,Bulgaria,15-11-2025,World Cup qualifier,0.0,0.0
1436.250618,1830.038043,-393.7874258,66.57142857,71,66.4,66.66666667,66.91666667,51.91666667,56.5,79.64285714,85,78.71428571,80.5,71.92857143,63.35714286,71.0,-13.07142857,-12.31428571,-13.83333333,1.6,1.4,0.2,3.4,0.4,0.8,0,0,0,0,2,Cyprus,Austria,15-11-2025,World Cup qualifier,0.0,0.0
1869.753442,1747.374377,122.3790649,79.78571429,87,77.0,80.25,71.7,63.0,71.3,77.07142857,81,77.625,76.0,72.30769231,66.46153846,72.23076923,2.714285714,-0.625,4.25,2.6,0.0,0.8,1.2,2.0,0.2,0,0,0,4,1,Switzerland,Sweden,15-11-2025,World Cup qualifier,0.0,0.0
1957.181643,1672.080018,285.1016248,78.42857143,84,79.0,77.875,77.0,68.0,68.84615385,68.0,75,68.625,67.55555556,67.75,59.91666667,64.33333333,10.42857143,10.375,10.31944444,2.8,0.8,0.6,0.6,1.6,0.0,1,0,0,2,1,Colombia,New Zealand,15-11-2025,Friendly,0.25,0.1
1660.32777,1675.866222,-15.53845217,74.0,80,74.71428571,73.55555556,78.21428571,62.57142857,66.42857143,78.0,88,78.6,76.66666667,79.5,70.28571429,64.5,-4.0,-3.885714286,-3.111111111,1.8,0.8,0.8,2.4,0.6,0.8,1,0,0,1,1,democratic republic of congo,Nigeria,16-11-2025,World Cup qualifier,0.0,0.0
1948.889459,1477.446925,471.4425338,84.71428571,89,85.0,84.0,76.25,73.75,78.5,67.66666667,81,69.125,64.33333333,73.5,57.58333333,61.25,17.04761905,15.875,19.66666667,2.2,1.2,0.6,0.4,2.0,0.2,0,0,0,9,1,Portugal,Armenia,16-11-2025,World Cup qualifier,0.3,0.0
1923.624324,1839.787802,83.83652282,84.35714286,87,84.25,84.22222222,75.5,65.33333333,73.0,77.78571429,91,81.4,75.875,76.14285714,66.28571429,70.28571429,6.571428571,2.85,8.347222222,3.6,1.0,1.0,4.4,0.6,0.8,0,0,0,1,4,Italy,Norway,16-11-2025,World Cup qualifier,0.0,0.0
1445.830359,2002.535311,-556.7049523,65.83333333,71,65.0,70.5,71.4,57.4,50.8,86.14285714,91,87.5,85.33333333,84.92307692,73.07692308,77.0,-20.30952381,-22.5,-14.83333333,0.4,2.6,0.0,2.6,0.6,0.8,0,0,0,1,3,Azerbaijan,France,16-11-2025,World Cup qualifier,0.0,0.6
1696.714991,1969.174409,-272.4594187,74.5,78,74.75,74.4,71.0,56.91666667,63.25,85.28571429,90,85.625,84.71428571,77.0,72.07692308,80.07692308,-10.78571429,-10.875,-10.31428571,1.6,0.4,1.0,3.4,0.0,1.0,0,0,0,0,2,Albania,England,16-11-2025,World Cup qualifier,0.0,0.25
1704.840167,1624.326583,80.513584,70.84615385,89,69.11111111,74.75,67.61538462,61.38461538,62.69230769,69.5,75,69.8,68.5,74.2,57.8,62.3,1.346154,-0.688889,6.25,1.0,0.4,0.6,1.8,0.6,0.6,0,0,0,1,1,Egypt,Cape Verde,17-11-2025,Friendly,0.2,0.0
1925.585927,1711.370131,214.2157964,85.57142857,89,84.6,86.11111111,71.45454545,74.36363636,80.54545455,76.21428571,84,74.25,77.1,72.41666667,60.41666667,65.91666667,9.357142857,10.35,9.011111111,2.0,0.6,0.8,1.2,0.4,0.8,0,0,0,6,0,Germany,Slovakia,17-11-2025,World Cup qualifier,0.1,0.0
1937.124765,1380.812521,556.3122436,83.21428571,89,82.14285714,83.77777778,78.92307692,65.15384615,73.46153846,62.4,66,62.4,62.4,65.6,44.6,55.4,20.81428571,19.74285714,21.37777778,2.6,0.8,0.6,0.8,1.6,0.0,0,0,0,4,0,Netherlands,Lithuania,17-11-2025,World Cup qualifier,0.1,0.0
1643.329175,1427.254894,216.0742803,69.07142857,76,71.25,68.2,70.92307692,55.84615385,62.61538462,67.30769231,77,67.22222222,69.33333333,70.84615385,55.84615385,56.15384615,1.763736264,4.027777778,-1.133333333,1.0,1.6,0.2,0.2,1.2,0.0,0,0,0,1,2,Qatar,Zimbabwe,17-11-2025,Friendly,0.3,0.0
1760.790558,1219.248154,541.5424036,77.21428571,83,78.0,76.77777778,72.72727273,71.09090909,71.36363636,58.0,58,58.0,58.0,65.0,44.5,46.5,19.21428571,20.0,18.77777778,1.0,0.6,0.4,0.2,1.8,0.0,0,0,0,6,0,Czech Republic,Gibraltar,17-11-2025,World Cup qualifier,0.0,0.0
1549.48965,1906.589913,-357.1002634,71.5,82,70.66666667,72.125,70.0,57.69230769,58.61538462,80.57142857,87,79.5,80.33333333,69.38461538,66.30769231,76.38461538,-9.071428571,-8.833333333,-8.208333333,0.8,2.4,0.4,2.2,0.2,0.8,0,0,0,2,3,Montenegro,Croatia,17-11-2025,World Cup qualifier,0.0,0.2
1693.737133,1661.360644,32.37648925,63.38461538,69,63.5,66.0,66.53846154,53.23076923,55.0,64.0,72,61.0,64.58333333,67.63636364,43.09090909,54.09090909,-0.615384615,2.5,1.416666667,1.0,0.4,0.6,1.6,1.0,0.6,0,0,0,2,1,Iraq,United Arab Emirates,18-11-2025,World Cup qualifier,0.0,0.0
1755.543433,1885.133411,-129.589978,76.92857143,86,75.16666667,77.45454545,75.15384615,66.69230769,72.53846154,79.5,84,77.0,80.18181818,67.41666667,62.33333333,71.83333333,-2.571428571,-1.833333333,-2.727272727,1.8,1.0,0.6,2.8,0.6,0.6,0,0,0,4,2,Scotland,Denmark,18-11-2025,World Cup qualifier,0.0,0.0
1788.79771,1853.540243,-64.74253366,75.57142857,81,76.5,74.4,75.5,65.0,67.14285714,78.78571429,81,78.55555556,79.2,75.61538462,70.76923077,71.46153846,-3.214285714,-2.055555556,-4.8,0.8,1.2,0.2,0.6,1.4,0.0,1,0,0,2,1,Paraguay,Mexico,18-11-2025,Friendly,0.0,0.2
1874.810002,1526.022672,348.7873298,79.28571429,85,79.0,80.71428571,70.84615385,65.92307692,72.0,61.0,69,58.0,61.0,72.5,41.5,52.5,18.28571429,21.0,19.71428571,2.0,0.0,1.0,2.0,0.6,0.8,0,0,0,4,0,Morocco,Uganda,18-11-2025,Friendly,0.5,0.0
1626.22838,1688.3877,-62.15932005,72.0,72,72.0,72.0,72.92857143,62.57142857,66.42857143,78.5,83,77.8,78.0,76.92857143,65.35714286,69.5,-6.5,-5.8,-6.0,1.2,0.8,0.4,2.2,0.2,0.6,0,0,0,0,2,Oman,Ivory Coast,18-11-2025,Friendly,0.0,0.0
1704.687923,1777.417094,-72.72917087,71.92857143,77,71.5,71.9,75.92307692,54.84615385,62.30769231,77.35714286,86,78.57142857,77.0,71.0,67.5,74.14285714,-5.428571429,-7.071428571,-5.1,1.4,0.8,0.6,2.2,0.6,0.8,0,0,0,0,2,Saudi Arabia,Algeria,18-11-2025,Friendly,0.0,0.0
1820.803095,1480.153057,340.6500374,78.5,86,79.16666667,78.42857143,76.69230769,66.61538462,65.84615385,64.55555556,74,62.75,65.71428571,71.55555556,45.55555556,53.66666667,13.94444444,16.41666667,12.71428571,2.8,0.8,0.8,1.4,1.4,0.4,1,0,0,8,0,Senegal,Kenya,18-11-2025,Friendly,0.1,0.0
1852.295936,1586.834052,265.461884,76.07142857,87,76.625,75.16666667,74.0,69.23076923,69.46153846,77.14285714,85,76.5,77.625,78.28571429,59.35714286,65.78571429,-1.071428571,0.125,-2.458333333,1.6,1.4,0.6,1.6,0.6,0.6,0,0,0,1,0,South Korea,Ghana,18-11-2025,Friendly,0.1,0.0
1829.462739,1889.649394,-60.18665532,76.64285714,79,76.85714286,76.375,75.46153846,60.0,67.46153846,81.28571429,88,81.0,81.1,75.38461538,65.07692308,70.76923077,-4.642857143,-4.142857143,-4.725,1.4,1.0,0.6,1.2,0.2,0.6,0,0,0,5,1,United States,Uruguay,18-11-2025,Friendly,0.075,0.1
1709.326298,1880.339739,-171.0134412,73.92857143,81,73.0,74.16666667,71.38461538,63.92307692,67.30769231,79.78571429,87,77.0,80.25,71.7,63.0,71.3,-5.857142857,-4.0,-6.083333333,1.0,0.8,0.6,2.6,0.2,0.8,0,0,0,1,1,Kosovo,Switzerland,18-11-2025,World Cup qualifier,0.0,0.0
1833.043107,1616.358279,216.6848272,79.64285714,85,78.71428571,80.5,71.92857143,63.35714286,71.0,75.71428571,83,77.33333333,74.88888889,69.08333333,63.91666667,69.83333333,3.928571429,1.380952381,5.611111111,3.0,0.4,0.8,3.2,1.2,0.6,0,0,0,1,1,Austria,Bosnia and Herzegovina,18-11-2025,World Cup qualifier,0.0,0.0
1812.387797,1804.73715,7.65064747,70.85714286,82,72.5,68.85714286,72.07142857,61.21428571,64.0,66.6,72,67.0,65.25,68.8,53.2,57.2,4.257142857,5.5,3.607142857,1.0,1.0,0.2,2.0,0.4,0.8,1,0,0,0,0,Iran,Uzbekistan,18-11-2025,Friendly tournament,0.1,0.0
1957.153707,1731.474315,225.6793917,86.14285714,89,85.83333333,86.375,81.58333333,69.25,74.41666667,72.28571429,81,71.5,72.09090909,71.76923077,61.0,65.53846154,13.85714286,14.33333333,14.28409091,2.4,0.8,0.6,3.8,0.6,0.8,1,0,0,1,1,Brazil,Tunisia,18-11-2025,Friendly,0.0,0.0
1905.94992,1665.213605,240.7363154,78.0,81,78.33333333,77.5,78.07692308,65.76923077,72.30769231,68.64285714,74,68.6,69.14285714,68.83333333,56.41666667,60.33333333,9.357142857,9.733333333,8.357142857,1.4,1.2,0.4,0.4,1.6,0.4,0,0,0,3,0,Japan,Bolivia,18-11-2025,Friendly,0.0,0.0
1857.409898,1111.626507,745.7833912,82.64285714,91,83.83333333,82.0,69.4,75.6,78.2,69.0,69,69.0,69.0,70.0,57.0,69.0,13.64285714,14.83333333,13.0,3.4,0.6,0.6,0.2,3.6,0.0,0,0,0,7,0,Belgium,Liechtenstein,18-11-2025,World Cup qualifier,0.0,0.0
1608.047184,1478.151375,129.8958091,66.0,72,64.0,66.33333333,77.0,51.83333333,59.5,56.0,56,56.0,56.0,70.0,55.0,50.0,10.0,8.0,10.33333333,1.4,1.2,0.4,0.8,2.0,0.2,1,0,0,2,0,Haiti,Nicaragua,18-11-2025,World Cup qualifier,0.0,0.0
1743.513999,1468.848458,274.6655418,67.92857143,72,67.625,68.57142857,69.64285714,57.0,57.0,64.0,67,67.0,63.0,62.0,56.33333333,53.0,3.928571429,0.625,5.571428571,1.2,0.8,0.4,0.4,1.6,0.2,0,0,0,3,0,Panama,El Salvador,18-11-2025,World Cup qualifier,0.15,0.0
1962.375403,1815.680213,146.6951901,78.42857143,84,79.0,77.875,77.0,68.0,68.84615385,72.85714286,78,71.75,72.83333333,71.07692308,60.15384615,62.92307692,5.571428571,7.25,5.041666667,3.0,0.8,0.8,1.2,0.8,0.6,1,0,0,3,0,Colombia,Australia,18-11-2025,Friendly,0.25,0.0
1824.481868,1756.758907,67.72296058,73.92857143,83,75.33333333,73.54545455,73.0,61.66666667,65.58333333,72.78571429,77,72.71428571,72.5,70.84615385,65.46153846,64.15384615,1.142857143,2.619047619,1.045454545,0.8,0.2,0.4,0.8,2.4,0.2,1,0,0,2,0,Canada,Venezuela,18-11-2025,Friendly,0.175,0.0
2091.96863,1842.813155,249.1554755,84.64285714,89,83.8,85.14285714,70.61538462,72.92307692,81.84615385,78.35714286,85,78.66666667,77.88888889,73.58333333,63.41666667,70.75,6.285714286,5.133333333,7.253968254,3.8,0.0,1.0,3.0,2.0,0.8,0,0,0,2,2,Spain,Turkey,18-11-2025,World Cup qualifier,0.6,0.0
1736.788079,1757.000574,-20.21249475,77.07142857,81,77.625,76.0,72.30769231,66.46153846,72.23076923,74.71428571,88,73.2,76.0,67.58333333,62.0,67.41666667,2.357142857,4.425,0.0,0.6,2.2,0.0,0.4,1.4,0.0,0,0,0,1,1,Sweden,Slovenia,18-11-2025,World Cup qualifier,0.0,0.0
1638.036157,1663.238302,-25.20214545,71.0,71,71.0,71.0,82.0,65.0,63.0,76.21428571,80,74.75,76.72727273,75.78571429,61.78571429,68.28571429,-5.214285714,-3.75,-5.727272727,1.4,1.6,0.2,1.8,0.6,0.6,1,0,0,0,0,Jordan,Mali,18-11-2025,Friendly,0.2,0.0
1892.226224,1666.886259,225.3399649,75.42857143,80,75.66666667,75.36363636,75.2,55.9,68.7,68.0,75,68.625,67.55555556,67.75,59.91666667,64.33333333,7.428571429,7.041666667,7.808080808,0.6,0.4,0.2,0.6,1.6,0.0,1,0,0,2,0,Ecuador,New Zealand,18-11-2025,Friendly,0.0,0.1
1632.439783,1574.307216,58.132567,73.85714286,79,72.81818182,76.0,77.92307692,67.76923077,64.07692308,67.0,73,67.5,66.5,72.5,57.0,61.0,6.857143,5.318182,9.5,0.8,2.8,0.0,2.6,0.6,0.6,0,0,0,0,0,Jamaica,Curacao,19-11-2025,World Cup qualifier,0.0,0.0
1525.479431,1740.616267,-215.1368356,63.0,65,65.0,62.0,71.5,51.75,56.0,72.28571429,81,71.5,72.09090909,71.76923077,61.0,65.53846154,-9.285714286,-6.5,-10.09090909,3.4,0.6,0.8,2.8,0.8,0.6,1,0,0,1,0,Syria,Tunisia,01-12-2025,Arab Cup,0.0,0.0
1618.489851,1519.960279,98.5295723,69.07142857,76,71.25,68.2,70.92307692,55.84615385,62.61538462,68.5,73,73.0,64.0,66.5,55.0,51.0,0.571428571,-1.75,4.2,1.2,1.8,0.2,1.0,0.6,0.4,0,0,0,0,1,Qatar,Palestine,01-12-2025,Arab Cup,0.3,0.0
1691.989146,1599.22536,92.76378614,71.92857143,77,71.5,71.9,75.92307692,54.84615385,62.30769231,72.0,72,72.0,72.0,72.92857143,62.57142857,66.42857143,-0.071428571,-0.5,-0.1,1.0,1.0,0.4,0.6,0.8,0.2,1,0,0,2,1,Saudi Arabia,Oman,02-12-2025,Arab Cup,0.0,0.0
1732.369239,1502.106622,230.2626171,70.84615385,89,69.11111111,74.75,67.61538462,61.38461538,62.69230769,66.0,71,66.0,66.0,60.0,38.5,53.5,4.846153846,3.111111111,8.75,1.0,0.6,0.4,2.0,1.8,0.4,1,0,0,1,1,Egypt,Kuwait,02-12-2025,Arab Cup,0.2,0.0
1878.598429,1517.980457,360.6179722,79.28571429,85,79.0,80.71428571,70.84615385,65.92307692,72.0,66.25,74,67.28571429,64.71428571,76.36363636,55.81818182,60.09090909,13.03571429,11.71428571,16.0,1.8,0.0,1.0,2.0,1.4,0.4,1,0,0,3,1,Morocco,Comoros,02-12-2025,Arab Cup,0.5,0.0
1639.194727,1646.847335,-7.652608036,71.0,71,71.0,71.0,82.0,65.0,63.0,64.0,72,61.0,64.58333333,67.63636364,43.09090909,54.09090909,7.0,10.0,6.416666667,1.4,1.6,0.2,1.2,1.2,0.4,1,0,0,2,1,Jordan,United Arab Emirates,03-12-2025,Arab Cup,0.2,0.0
1708.250441,1503.264038,204.9864036,63.38461538,69,63.5,66.0,66.53846154,53.23076923,55.0,72.0,72,72.0,72.0,74.0,68.0,52.0,-8.615384615,-8.5,-6.0,1.0,0.4,0.6,0.4,1.0,0.2,1,0,0,2,1,Iraq,Bahrain,03-12-2025,Arab Cup,0.0,0.0
1790.115871,1458.036803,332.0790682,77.35714286,86,78.57142857,77.0,71.0,67.5,74.14285714,60.75,65,60.75,60.75,80.5,56.75,51.75,16.60714286,17.82142857,16.25,2.0,0.4,0.8,0.4,1.0,0.2,1,0,0,0,0,Algeria,Sudan,03-12-2025,Arab Cup,0.0,0.0
1598.070247,1550.288715,47.78153141,69.07142857,76,71.25,68.2,70.92307692,55.84615385,62.61538462,63.0,65,65.0,62.0,71.5,51.75,56.0,6.071428571,6.25,6.2,0.8,1.6,0.2,3.2,0.2,1.0,0,0,0,1,1,Qatar,Syria,04-12-2025,Arab Cup,0.3,0.0
1540.379883,1715.806983,-175.4270998,68.5,73,73.0,64.0,66.5,55.0,51.0,72.28571429,81,71.5,72.09090909,71.76923077,61.0,65.53846154,-3.785714286,1.5,-8.090909091,0.8,0.4,0.4,1.6,1.0,0.4,1,0,0,2,2,Palestine,Tunisia,04-12-2025,Arab Cup,0.0,0.0
1882.165244,1587.398593,294.7666511,79.28571429,85,79.0,80.71428571,70.84615385,65.92307692,72.0,72.0,72,72.0,72.0,72.92857143,62.57142857,66.42857143,7.285714286,7.0,8.714285714,2.0,0.2,1.0,0.8,1.2,0.2,1,0,0,0,0,Morocco,Oman,05-12-2025,Arab Cup,0.5,0.0
1703.815913,1514.413642,189.4022711,71.92857143,77,71.5,71.9,75.92307692,54.84615385,62.30769231,66.25,74,67.28571429,64.71428571,76.36363636,55.81818182,60.09090909,5.678571429,4.214285714,7.185714286,1.2,1.0,0.6,2.0,1.6,0.4,1,0,0,3,1,Saudi Arabia,Comoros,05-12-2025,Arab Cup,0.0,0.0
1655.547086,1511.389662,144.1574238,71.0,71,71.0,71.0,82.0,65.0,63.0,66.0,71,66.0,66.0,60.0,38.5,53.5,5.0,5.0,5.0,1.2,1.8,0.2,1.8,1.6,0.4,1,0,0,3,1,Jordan,Kuwait,06-12-2025,Arab Cup,0.2,0.0
1715.772131,1469.915167,245.856964,63.38461538,69,63.5,66.0,66.53846154,53.23076923,55.0,60.75,65,60.75,60.75,80.5,56.75,51.75,2.634615385,2.75,5.25,1.2,0.6,0.6,0.4,0.8,0.2,1,0,0,2,0,Iraq,Sudan,06-12-2025,Arab Cup,0.0,0.0
1723.086199,1630.494977,92.59122221,70.84615385,89,69.11111111,74.75,67.61538462,61.38461538,62.69230769,64.0,72,61.0,64.58333333,67.63636364,43.09090909,54.09090909,6.846153846,8.111111111,10.16666667,1.2,0.8,0.4,1.2,1.6,0.2,1,0,0,1,1,Egypt,United Arab Emirates,06-12-2025,Arab Cup,0.2,0.0
1778.237507,1495.742348,282.4951592,77.35714286,86,78.57142857,77.0,71.0,67.5,74.14285714,72.0,72,72.0,72.0,74.0,68.0,52.0,5.357142857,6.571428571,5.0,2.0,0.4,0.8,0.6,1.2,0.2,1,0,0,5,1,Algeria,Bahrain,06-12-2025,Arab Cup,0.0,0.0
1595.883594,1708.351343,-112.4677488,69.07142857,76,71.25,68.2,70.92307692,55.84615385,62.61538462,72.28571429,81,71.5,72.09090909,71.76923077,61.0,65.53846154,-3.214285714,-0.25,-3.890909091,0.8,1.0,0.2,1.4,1.4,0.2,0,0,0,0,3,Qatar,Tunisia,07-12-2025,Arab Cup,0.3,0.0
1871.121466,1711.865968,159.255498,79.28571429,85,79.0,80.71428571,70.84615385,65.92307692,72.0,71.92857143,77,71.5,71.9,75.92307692,54.84615385,62.30769231,7.357142857,7.5,8.814285714,1.8,0.2,0.8,1.2,0.8,0.6,1,0,0,1,0,Morocco,Saudi Arabia,08-12-2025,Arab Cup,0.5,0.0
1665.264832,1718.920373,-53.65554085,71.0,71,71.0,71.0,82.0,65.0,63.0,70.84615385,89,69.11111111,74.75,67.61538462,61.38461538,62.69230769,0.153846154,1.888888889,-3.75,1.8,1.8,0.4,0.8,1.0,0.2,1,0,0,3,0,Jordan,Egypt,09-12-2025,Arab Cup,0.2,0.2
1783.496877,1722.025083,61.47179468,77.35714286,86,78.57142857,77.0,71.0,67.5,74.14285714,63.38461538,69,63.5,66.0,66.53846154,53.23076923,55.0,13.97252747,15.07142857,11.0,2.4,0.6,0.8,1.4,0.6,0.6,1,0,0,2,0,Algeria,Iraq,09-12-2025,Arab Cup,0.0,0.0
1880.261335,1552.261708,327.9996274,79.28571429,85,79.0,80.71428571,70.84615385,65.92307692,72.0,63.0,65,65.0,62.0,71.5,51.75,56.0,16.28571429,14.0,18.71428571,1.8,0.2,0.8,1.8,0.2,0.6,1,0,0,1,0,Morocco,Syria,11-12-2025,Arab Cup,0.5,0.0
1702.726099,1548.049183,154.6769159,71.92857143,77,71.5,71.9,75.92307692,54.84615385,62.30769231,68.5,73,73.0,64.0,66.5,55.0,51.0,3.428571429,-1.5,7.9,1.2,1.0,0.6,0.6,0.6,0.2,1,0,0,2,1,Saudi Arabia,Palestine,11-12-2025,Arab Cup,0.0,0.0
