Nation,Player,player_positions,Final_Overall,pace,shooting,passing,dribbling,defending,physic,Attack_Score,Midfield_Score,Defense_Score,Technical_Score,Athletic_Score,Overall_Percentile,Elite_Player,World_Class,Position_Group,Is_GK,Is_DEF,Is_MID,Is_ATT,Star_Player,Key_Player,Squad_Rank,Defender_Rating,Midfielder_Rating,Attacker_Rating,Importance_Score
Algeria,Riyad Mahrez,"RM, RW",84,78,80,81,88,39,63,81.8,77.69999999999999,48.6,84.5,70.5,0.9314903846153846,0,0,MID,0,0,1,0,0,0,1.0,52.2,77.69999999999999,81.8,2184.0
Algeria,Mohamed Amine Amoura,"LW, ST",80,82,74,64,76,28,68,77.0,68.80000000000001,44.0,70.0,75.0,0.8221153846153846,0,0,ATT,0,0,0,1,0,0,2.0,43.2,68.80000000000001,77.0,2000.0
Algeria,Amine Gouiri,"ST, LW",79,76,76,70,78,32,68,76.6,71.8,46.400000000000006,74.0,72.0,0.7772435897435898,0,0,ATT,0,0,0,1,0,0,3.0,46.8,71.8,76.6,1896.0
Algeria,Ramy Bensebaini,"LB, CB, LM",79,73,70,70,77,78,79,73.0,74.8,78.4,73.5,76.0,0.7772435897435898,0,0,DEF,0,1,0,0,0,0,4.0,76.6,74.8,73.0,1817.0
Algeria,Houssem Aouar,"CAM, CM",77,66,72,75,82,65,65,73.2,74.1,65.0,78.5,65.5,0.6790865384615384,0,0,MID,0,0,1,0,0,0,5.0,67.0,74.1,73.2,1694.0
Algeria,Nabil Bentaleb,"CDM, CM",77,50,72,77,79,71,73,67.5,76.4,71.80000000000001,78.0,61.5,0.6790865384615384,0,0,MID,0,0,1,0,0,0,6.0,72.60000000000001,76.4,67.5,1617.0
Algeria,Hicham Boudaoui,"CM, CDM",77,73,67,74,77,74,76,71.8,75.5,74.8,75.5,74.5,0.6790865384615384,0,0,MID,0,0,1,0,0,0,7.0,74.4,75.5,71.8,1540.0
Algeria,Rayan Ait-Nouri,"LB,LM",76,80,60,71,75,68,72,70.5,72.5,69.6,73.0,76.0,0.624198717948718,0,0,DEF,0,1,0,0,0,0,8.0,69.39999999999999,72.5,70.5,1444.0
Algeria,Anis Hadj Moussa,"RW, RM",76,80,69,67,84,30,52,76.8,67.6,38.8,75.5,66.0,0.624198717948718,0,0,MID,0,0,1,0,0,0,9.0,41.8,67.6,76.8,1368.0
Algeria,Aissa Mandi,"CB, RB",75,57,46,71,67,75,73,55.599999999999994,70.4,74.2,69.0,65.0,0.5765224358974359,0,0,DEF,0,1,0,0,0,0,10.0,73.8,70.4,55.599999999999994,1275.0
Algeria,Fares Chaibi,"CAM, LW, CDM, CM",74,69,68,75,76,68,69,70.7,73.5,68.4,75.5,69.0,0.5224358974358975,0,0,MID,0,0,1,0,0,0,11.0,69.6,73.5,70.7,1184.0
Algeria,Ramiz Zerrouki,"CDM, CM",73,72,56,68,66,72,74,63.8,69.2,72.8,67.0,73.0,0.469150641025641,0,0,MID,0,0,1,0,0,0,12.0,71.6,69.2,63.8,1095.0
Algeria,Fares Ghedjemis,"LW,CAM",72,78,66,67,72,35,62,71.4,67.0,45.8,69.5,70.0,0.40905448717948717,0,0,MID,0,0,1,0,0,0,13.0,46.8,67.0,71.39999999999999,1008.0
Algeria,Achref Abada,"RB,CB",72,75,50,65,67,72,75,62.599999999999994,68.6,73.19999999999999,66.0,75.0,0.40905448717948717,0,0,DEF,0,1,0,0,0,0,14.0,71.19999999999999,68.6,62.599999999999994,936.0
Algeria,Melvin Masstil,GK,72,47,11,44,44,14,67,31.700000000000003,50.9,35.2,44.0,57.0,0.40905448717948717,0,0,GK,1,0,0,0,0,0,15.0,30.6,50.9,31.7,864.0
Algeria,Ibrahim Maza,"CAM, CM",71,75,66,66,79,40,62,72.6,68.7,48.8,72.5,68.5,0.3449519230769231,0,0,MID,0,0,1,0,0,0,16.0,49.6,68.7,72.60000000000001,781.0
Algeria,Nadhir Benbouali,"LW,RW",71,78,64,66,72,34,62,70.6,66.6,45.2,69.0,70.0,0.3449519230769231,0,0,ATT,0,0,0,1,0,0,17.0,46.0,66.6,70.6,710.0
Algeria,Zinedine Belaid,"CB,CDM",70,66,42,58,56,71,73,53.400000000000006,61.9,71.80000000000001,57.0,69.5,0.28205128205128205,0,0,DEF,0,1,0,0,0,0,18.0,68.80000000000001,61.9,53.400000000000006,630.0
Algeria,Oussama Benbot,"LW,CAM",70,76,62,65,70,32,60,68.6,65.0,43.2,67.5,68.0,0.28205128205128205,0,0,MID,0,0,1,0,0,0,19.0,44.2,65.0,68.6,560.0
Algeria,Mohamed-Amine Tougai,CB,69,68,40,58,55,70,74,52.9,61.900000000000006,71.6,56.5,71.0,0.22956730769230768,0,0,DEF,0,1,0,0,0,0,20.0,68.4,61.900000000000006,52.9,483.0
Algeria,Adil Boulbina,"CDM,CM",69,65,45,64,60,68,70,55.5,64.6,68.8,62.0,67.5,0.22956730769230768,0,0,MID,0,0,1,0,0,0,21.0,67.6,64.6,55.5,414.0
Algeria,Jaouen Hadjam,"LB, LM",69,79,54,59,69,65,72,66.0,65.89999999999999,67.8,64.0,75.5,0.22956730769230768,0,0,DEF,0,1,0,0,0,0,22.0,65.2,65.89999999999999,66.0,345.0
Algeria,Samir Chergui,"CM,CDM",68,64,46,63,60,67,69,55.60000000000001,63.900000000000006,67.8,61.5,66.5,0.18028846153846154,0,0,MID,0,0,1,0,0,0,23.0,66.6,63.900000000000006,55.6,272.0
Algeria,Yassine Titraoui,"LW, CAM",68,76,66,64,74,30,62,71.4,66.39999999999999,42.8,69.0,69.0,0.18028846153846154,0,0,MID,0,0,1,0,0,0,24.0,43.2,66.39999999999999,71.4,204.0
Algeria,Rafik Belghali,"RB, CB, RM",66,81,60,61,66,61,62,68.1,62.8,61.400000000000006,63.5,71.5,0.08854166666666667,0,0,DEF,0,1,0,0,0,0,25.0,61.2,62.8,68.1,132.0
Algeria,Luca Zidane,GK,65,44,10,40,40,12,62,29.2,46.599999999999994,32.0,40.0,53.0,0.05448717948717949,0,0,GK,1,0,0,0,0,0,26.0,27.6,46.599999999999994,29.2,65.0
Argentina,Lautaro Javier Martínez,ST,88,81,88,75,84,51,83,84.7,80.1,63.8,79.5,82.0,0.9819711538461539,1,0,ATT,0,0,0,1,1,1,1.0,62.2,80.1,84.7,2288.0
Argentina,Julián Álvarez,ST,87,85,87,81,87,57,79,86.4,82.2,65.8,84.0,82.0,0.9743589743589743,1,0,ATT,0,0,0,1,0,1,2.0,66.2,82.2,86.4,2175.0
Argentina,Alexis Mac Allister,"CM, CDM",87,66,82,85,85,78,76,78.10000000000001,82.3,77.2,85.0,71.0,0.9743589743589743,1,0,MID,0,0,1,0,0,1,3.0,79.0,82.3,78.10000000000001,2088.0
Argentina,Lionel Andrés Messi Cuccittini,"RW, CAM",86,72,92,92,96,34,66,87.19999999999999,85.39999999999999,46.8,94.0,69.0,0.9639423076923077,1,0,MID,0,0,1,0,0,1,4.0,52.0,85.39999999999999,87.2,1978.0
Argentina,Emiliano Martínez,GK,85,56,13,50,52,13,76,37.6,58.400000000000006,38.2,51.0,66.0,0.9507211538461539,1,0,GK,1,0,0,0,0,1,5.0,33.0,58.400000000000006,37.6,1870.0
Argentina,Rodrigo De Paul,"CM, CDM",84,78,70,78,78,70,78,74.8,78.0,73.2,78.0,78.0,0.9314903846153846,0,0,MID,0,0,1,0,0,0,6.0,73.2,78.0,74.8,1764.0
Argentina,Enzo Fernández,"CM, CDM",84,76,66,80,80,72,76,73.2,78.8,73.6,80.0,76.0,0.9314903846153846,0,0,MID,0,0,1,0,0,0,7.0,74.4,78.8,73.2,1680.0
Argentina,Exequiel Palacios,"CM, CDM",84,72,60,70,70,68,72,66.6,70.6,69.6,70.0,72.0,0.9314903846153846,0,0,MID,0,0,1,0,0,0,8.0,69.19999999999999,70.6,66.6,1596.0
Argentina,Gerónimo Rulli,GK,82,54,12,48,50,12,72,36.0,55.8,36.0,49.0,63.0,0.8854166666666666,0,0,GK,1,0,0,0,0,0,9.0,31.200000000000003,55.8,36.0,1476.0
Argentina,Giovani Lo Celso,"CAM, CM, CDM",82,68,81,82,84,68,71,78.0,79.3,69.2,83.0,69.5,0.8854166666666666,0,0,MID,0,0,1,0,0,0,10.0,71.4,79.3,78.0,1394.0
Argentina,Nicolás Otamendi,CB,82,62,40,58,58,84,82,52.0,65.2,83.2,58.0,72.0,0.8854166666666666,0,0,DEF,0,1,0,0,0,0,11.0,78.4,65.2,51.99999999999999,1312.0
Argentina,Cristian Gabriel Romero,CB,82,66,48,62,65,83,81,58.5,68.6,82.19999999999999,63.5,73.5,0.8854166666666666,0,0,DEF,0,1,0,0,0,0,12.0,78.4,68.6,58.5,1230.0
Argentina,Leonardo Balerdi,CB,81,72,38,54,56,78,76,53.599999999999994,61.2,77.2,55.0,74.0,0.8553685897435898,0,0,DEF,0,1,0,0,0,0,13.0,72.8,61.2,53.599999999999994,1134.0
Argentina,Nicolás González,"LW, RW",81,82,79,75,81,53,78,80.5,77.69999999999999,63.0,78.0,80.0,0.8553685897435898,0,0,ATT,0,0,0,1,0,0,14.0,62.4,77.69999999999999,80.5,1053.0
Argentina,Lisandro Martínez,CB,81,67,59,75,75,81,80,66.2,76.5,80.6,75.0,73.5,0.8553685897435898,0,0,DEF,0,1,0,0,0,0,15.0,79.6,76.5,66.2,972.0
Argentina,Giuliano Simeone,"RW, LW",81,84,70,64,78,30,68,76.6,69.4,45.2,71.0,76.0,0.8553685897435898,0,0,ATT,0,0,0,1,0,0,16.0,44.400000000000006,69.4,76.6,891.0
Argentina,Thiago Almada,"CAM, CM",79,76,66,72,78,44,66,72.6,72.0,52.8,75.0,71.0,0.7772435897435898,0,0,MID,0,0,1,0,0,0,17.0,54.0,72.0,72.6,790.0
Argentina,Nahuel Molina,"RB, RM",79,82,60,68,72,72,72,70.19999999999999,70.39999999999999,72.0,70.0,77.0,0.7772435897435898,0,0,DEF,0,1,0,0,0,0,18.0,71.19999999999999,70.39999999999999,70.19999999999999,711.0
Argentina,Juan Musso,GK,79,54,12,48,50,12,74,36.0,56.400000000000006,36.8,49.0,64.0,0.7772435897435898,0,0,GK,1,0,0,0,0,0,19.0,31.6,56.400000000000006,36.0,632.0
Argentina,Facundo Medina,CB,79,70,38,54,56,78,78,53.0,61.800000000000004,78.0,55.0,74.0,0.7772435897435898,0,0,DEF,0,1,0,0,0,0,20.0,73.2,61.800000000000004,53.0,553.0
Argentina,Nicolás Tagliafico,LB,78,74,52,68,70,74,70,64.0,69.2,72.4,69.0,72.0,0.7323717948717948,0,0,DEF,0,1,0,0,0,0,21.0,72.0,69.2,64.0,468.0
Argentina,Leandro Paredes,"CDM, CM",78,60,56,78,72,70,72,62.0,74.39999999999999,70.8,75.0,66.0,0.7323717948717948,0,0,MID,0,0,1,0,0,0,22.0,72.0,74.39999999999999,62.0,390.0
Argentina,Gonzalo Montiel,"RB, CB",78,74,52,64,66,72,72,62.8,67.0,72.0,65.0,73.0,0.7323717948717948,0,0,DEF,0,1,0,0,0,0,23.0,70.39999999999999,67.0,62.8,312.0
Argentina,Nicolás Paz,"CM, CAM",77,73,71,78,81,58,68,74.6,75.9,62.0,79.5,70.5,0.6790865384615384,0,0,MID,0,0,1,0,0,0,24.0,64.0,75.9,74.6,231.0
Argentina,Valentín Barco,"LB, LM, CM",75,76,50,75,78,68,61,66.2,71.7,65.2,76.5,68.5,0.5765224358974359,0,0,DEF,0,1,0,0,0,0,25.0,68.0,71.7,66.19999999999999,150.0
Argentina,Ezequiel Fernández,CB,74,70,42,58,60,75,76,55.8,64.0,75.4,59.0,73.0,0.5224358974358975,0,0,DEF,0,1,0,0,0,0,26.0,71.80000000000001,64.0,55.8,74.0
Australia,Mathew Ryan,GK,78,52,11,48,50,11,70,35.0,55.2,34.6,49.0,61.0,0.7323717948717948,0,0,GK,1,0,0,0,0,0,1.0,30.200000000000003,55.2,35.0,2028.0
Australia,Jackson Irvine,"CM, CDM",75,72,60,70,68,68,76,66.0,71.2,71.2,69.0,74.0,0.5765224358974359,0,0,MID,0,0,1,0,0,0,2.0,70.0,71.2,66.0,1875.0
Australia,Cameron Burgess,CB,73,64,36,50,52,74,76,49.2,58.400000000000006,74.8,51.0,70.0,0.469150641025641,0,0,DEF,0,1,0,0,0,0,3.0,69.6,58.400000000000006,49.2,1752.0
Australia,Harry Souttar,CB,73,62,38,52,52,76,82,49.4,61.0,78.4,52.0,72.0,0.469150641025641,0,0,DEF,0,1,0,0,0,0,4.0,72.4,61.0,49.4,1679.0
Australia,Alessandro Circati,CB,71,59,35,53,49,72,77,46.4,59.0,74.0,51.0,68.0,0.3449519230769231,0,0,DEF,0,1,0,0,0,0,5.0,69.19999999999999,59.0,46.4,1562.0
Australia,Cameron Devlin,"CM, CDM",71,68,54,66,66,66,70,61.800000000000004,67.2,67.6,66.0,69.0,0.3449519230769231,0,0,MID,0,0,1,0,0,0,6.0,66.8,67.2,61.8,1491.0
Australia,Mathew Leckie,"RW, LW",70,82,66,64,74,32,72,73.2,69.39999999999999,48.0,69.0,77.0,0.28205128205128205,0,0,ATT,0,0,0,1,0,0,7.0,46.400000000000006,69.39999999999999,73.2,1400.0
Australia,Denis Genreau,"CM,CDM",70,68,52,66,62,64,70,59.8,66.0,66.4,64.0,69.0,0.28205128205128205,0,0,MID,0,0,1,0,0,0,8.0,65.6,66.0,59.8,1330.0
Australia,Aiden O'Neill,"CDM, CM",70,70,52,66,66,70,74,61.6,68.4,71.6,66.0,72.0,0.28205128205128205,0,0,MID,0,0,1,0,0,0,9.0,70.0,68.4,61.599999999999994,1260.0
Australia,Paul Izzo,GK,70,48,10,40,42,10,68,31.0,49.0,33.2,41.0,58.0,0.28205128205128205,0,0,GK,1,0,0,0,0,0,10.0,27.6,49.0,31.0,1190.0
Australia,Chris Ikonomidis,"LW,RW",69,77,62,64,68,32,60,68.3,64.0,43.2,66.0,68.5,0.22956730769230768,0,0,ATT,0,0,0,1,0,0,11.0,44.0,64.0,68.3,1104.0
Australia,Jordan Bos,LB,69,74,46,60,64,68,68,59.8,63.6,68.0,62.0,71.0,0.22956730769230768,0,0,DEF,0,1,0,0,0,0,12.0,66.4,63.6,59.8,1035.0
Australia,Connor Metcalfe,"CM, CDM",69,68,54,66,66,64,70,61.800000000000004,67.2,66.4,66.0,69.0,0.22956730769230768,0,0,MID,0,0,1,0,0,0,13.0,65.6,67.2,61.8,966.0
Australia,Kai Trewin,ST,69,72,70,56,64,28,74,68.8,63.8,46.400000000000006,60.0,73.0,0.22956730769230768,0,0,ATT,0,0,0,1,0,0,14.0,42.800000000000004,63.8,68.8,897.0
Australia,Nathaniel Atkinson,"RB,RM",68,76,48,62,64,65,68,61.2,64.4,66.2,63.0,72.0,0.18028846153846154,0,0,DEF,0,1,0,0,0,0,15.0,65.0,64.4,61.2,816.0
Australia,Mohamed Toure,"ST, CAM",68,86,65,57,67,33,72,71.89999999999999,64.5,48.6,62.0,79.0,0.18028846153846154,0,0,MID,0,0,1,0,0,0,16.0,45.6,64.5,71.89999999999999,748.0
Australia,Nestory Irankunda,"RM, ST, LM, RW",67,88,70,62,70,43,74,75.4,68.0,55.400000000000006,66.0,81.0,0.12740384615384615,0,0,MID,0,0,1,0,0,0,17.0,53.0,68.0,75.4,670.0
Australia,Aziz Behich,LB,67,74,46,60,64,68,68,59.8,63.6,68.0,62.0,71.0,0.12740384615384615,0,0,DEF,0,1,0,0,0,0,18.0,66.4,63.6,59.8,603.0
Australia,Ajdin Hrustic,"CM, CDM",67,50,67,69,70,56,66,62.8,68.4,60.0,69.5,58.0,0.12740384615384615,0,0,MID,0,0,1,0,0,0,19.0,60.60000000000001,68.4,62.8,536.0
Australia,Awer Mabil,"LW, RW",67,84,70,64,78,28,66,76.6,68.8,43.2,71.0,75.0,0.12740384615384615,0,0,ATT,0,0,0,1,0,0,20.0,42.8,68.8,76.6,469.0
Australia,Nishan Velupillay,"RW, LW",65,82,66,60,74,28,64,73.2,65.4,42.400000000000006,67.0,73.0,0.05448717948717949,0,0,ATT,0,0,0,1,0,0,21.0,41.6,65.4,73.2,390.0
Australia,Patrick Beach,CB,65,64,36,48,50,70,72,48.599999999999994,55.8,70.8,49.0,68.0,0.05448717948717949,0,0,DEF,0,1,0,0,0,0,22.0,66.0,55.8,48.6,325.0
Australia,Jacob Italiano,"CB, LB",64,64,36,50,52,72,72,49.2,57.2,72.0,51.0,68.0,0.03205128205128205,0,0,DEF,0,1,0,0,0,0,23.0,67.6,57.2,49.2,256.0
Australia,Tete Yengi,ST,59,69,57,48,55,37,78,60.0,59.1,53.400000000000006,51.5,73.5,0.005608974358974359,0,0,ATT,0,0,0,1,0,0,24.0,47.4,59.1,60.0,177.0
Australia,Lucas Herrington,CB,59,65,32,42,45,57,66,45.8,50.1,60.599999999999994,43.5,65.5,0.005608974358974359,0,0,DEF,0,1,0,0,0,0,25.0,55.8,50.1,45.8,118.0
Australia,Paul Okon-Engstler,"CDM, CM",52,64,38,47,52,47,56,50.0,51.2,50.6,49.5,60.0,0.0008012820512820513,0,0,MID,0,0,1,0,0,0,26.0,48.8,51.2,50.0,52.0
Austria,Konrad Laimer,"RB, CDM, CM, RM",82,82,69,76,75,81,76,74.7,75.7,79.0,75.5,79.0,0.8854166666666666,0,0,DEF,0,1,0,0,0,0,1.0,79.0,75.7,74.7,2132.0
Austria,David Alaba,"CB, LB",82,70,56,76,76,82,74,66.2,75.4,78.8,76.0,72.0,0.8854166666666666,0,0,DEF,0,1,0,0,0,0,2.0,79.2,75.4,66.2,2050.0
Austria,Marcel Sabitzer,"CDM, CM",80,74,80,80,80,76,76,78.2,78.8,76.0,80.0,75.0,0.8221153846153846,0,0,MID,0,0,1,0,0,0,3.0,76.80000000000001,78.8,78.2,1920.0
Austria,Xaver Schlager,"CDM, CM",80,69,70,74,78,75,78,72.1,76.4,76.2,76.0,73.5,0.8221153846153846,0,0,MID,0,0,1,0,0,0,4.0,75.4,76.4,72.1,1840.0
Austria,Kevin Danso,CB,79,73,32,57,62,78,83,53.3,66.3,80.0,59.5,78.0,0.7772435897435898,0,0,DEF,0,1,0,0,0,0,5.0,74.8,66.3,53.3,1738.0
Austria,Stefan Posch,"RB, RM",79,75,55,68,66,80,74,64.3,69.2,77.6,67.0,74.5,0.7772435897435898,0,0,DEF,0,1,0,0,0,0,6.0,76.4,69.2,64.3,1659.0
Austria,Philipp Lienhart,CB,79,67,28,59,64,81,78,50.5,66.19999999999999,79.80000000000001,61.5,72.5,0.7772435897435898,0,0,DEF,0,1,0,0,0,0,7.0,76.0,66.19999999999999,50.5,1580.0
Austria,Romano Schmid,"CAM, LW",78,76,66,70,74,44,66,71.4,70.0,52.8,72.0,71.0,0.7323717948717948,0,0,MID,0,0,1,0,0,0,8.0,53.6,70.0,71.4,1482.0
Austria,Patrick Wimmer,"CAM, RW, LM, ST",77,84,69,72,81,49,73,77.10000000000001,75.0,58.6,76.5,78.5,0.6790865384615384,0,0,MID,0,0,1,0,0,0,9.0,58.4,75.0,77.1,1386.0
Austria,Marco Friedl,CB,77,75,44,64,69,79,77,60.8,69.39999999999999,78.2,66.5,76.0,0.6790865384615384,0,0,DEF,0,1,0,0,0,0,10.0,75.6,69.39999999999999,60.8,1309.0
Austria,Carney Chukwuemeka,"CM,CAM",77,79,68,74,78,52,72,74.3,74.6,60.0,76.0,75.5,0.6790865384615384,0,0,MID,0,0,1,0,0,0,11.0,60.400000000000006,74.6,74.30000000000001,1232.0
Austria,Nicolas Seiwald,"CDM, CM, CB",77,72,62,74,74,74,76,68.6,74.6,74.8,74.0,74.0,0.6790865384615384,0,0,DEF,0,1,0,0,0,0,12.0,74.4,74.6,68.6,1155.0
Austria,Christoph Baumgartner,"CAM, ST, CM",77,74,72,72,79,47,63,74.7,71.4,53.400000000000006,75.5,68.5,0.6790865384615384,0,0,MID,0,0,1,0,0,0,13.0,55.199999999999996,71.4,74.7,1078.0
Austria,Marko Arnautović,ST,76,72,74,60,70,32,75,72.2,67.5,49.2,65.0,73.5,0.624198717948718,0,0,ATT,0,0,0,1,0,0,14.0,46.2,67.5,72.2,988.0
Austria,Phillipp Mwene,"LB, LM",76,78,55,69,75,70,70,67.9,71.1,70.0,72.0,74.0,0.624198717948718,0,0,DEF,0,1,0,0,0,0,15.0,69.8,71.1,67.9,912.0
Austria,David Affengruber,"CB, LB",75,66,36,52,54,72,72,50.400000000000006,58.599999999999994,72.0,53.0,69.0,0.5765224358974359,0,0,DEF,0,1,0,0,0,0,16.0,68.0,58.599999999999994,50.400000000000006,825.0
Austria,Florian Grillitsch,"CM, CB, CDM",75,63,59,74,74,72,66,64.69999999999999,71.6,69.6,74.0,64.5,0.5765224358974359,0,0,DEF,0,1,0,0,0,0,17.0,71.2,71.6,64.7,750.0
Austria,Michael Gregoritsch,ST,75,37,77,68,68,42,76,62.300000000000004,70.4,55.6,68.0,56.5,0.5765224358974359,0,0,ATT,0,0,0,1,0,0,18.0,54.0,70.4,62.3,675.0
Austria,Sasa Kalajdzic,ST,74,50,72,67,68,45,64,64.2,66.4,52.6,67.5,57.0,0.5224358974358975,0,0,ATT,0,0,0,1,0,0,19.0,53.199999999999996,66.4,64.19999999999999,592.0
Austria,Alexander Prass,"LB, LM, CM, LW",74,74,65,74,75,69,74,70.7,74.3,71.0,74.5,74.0,0.5224358974358975,0,0,DEF,0,1,0,0,0,0,20.0,71.0,74.3,70.7,518.0
Austria,Alexander Schlager,GK,73,50,11,42,44,11,72,32.6,51.599999999999994,35.4,43.0,61.0,0.469150641025641,0,0,GK,1,0,0,0,0,0,21.0,29.4,51.599999999999994,32.599999999999994,438.0
Austria,Patrick Pentz,GK,72,50,11,42,44,11,70,32.6,51.0,34.6,43.0,60.0,0.40905448717948717,0,0,GK,1,0,0,0,0,0,22.0,29.0,51.0,32.599999999999994,360.0
Austria,Paul Wanner,"CM,CAM",72,72,62,70,74,44,64,68.6,69.4,52.0,72.0,68.0,0.40905448717948717,0,0,MID,0,0,1,0,0,0,23.0,53.2,69.4,68.6,288.0
Austria,Alessandro Schöpf,"CM, LW",68,70,62,68,70,50,68,66.8,68.6,57.2,69.0,69.0,0.18028846153846154,0,0,MID,0,0,1,0,0,0,24.0,57.2,68.6,66.8,204.0
Austria,Michael Svoboda,CB,68,59,44,52,56,67,80,52.10000000000001,61.6,72.19999999999999,54.0,69.5,0.18028846153846154,0,0,DEF,0,1,0,0,0,0,25.0,66.6,61.6,52.099999999999994,136.0
Austria,Florian Wiegele,GK,67,68,52,62,62,66,68,59.8,63.8,66.80000000000001,62.0,68.0,0.12740384615384615,0,0,GK,1,0,0,0,0,0,26.0,65.60000000000001,63.8,59.8,67.0
Belgium,Thibaut Courtois,GK,89,56,14,52,54,14,78,38.6,60.4,39.6,53.0,67.0,0.9895833333333334,1,0,GK,1,0,0,0,1,1,1.0,34.4,60.4,38.6,2314.0
Belgium,Kevin De Bruyne,"CM, CAM",87,66,83,92,84,65,72,78.2,83.6,67.8,88.0,69.0,0.9743589743589743,1,0,MID,0,0,1,0,0,1,2.0,71.8,83.6,78.2,2175.0
Belgium,Youri Tielemans,"CM, CDM, CAM",85,54,79,85,80,75,72,71.8,79.6,73.8,82.5,63.0,0.9507211538461539,1,0,MID,0,0,1,0,0,1,3.0,76.4,79.6,71.8,2040.0
Belgium,Romelu Lukaku,ST,84,76,87,72,74,30,88,79.8,77.4,53.2,73.0,82.0,0.9314903846153846,0,0,ATT,0,0,0,1,0,0,4.0,50.0,77.4,79.80000000000001,1932.0
Belgium,Leandro Trossard,"LW, ST, LM",83,80,81,80,85,30,60,81.9,75.5,42.0,82.5,70.0,0.9118589743589743,0,0,MID,0,0,1,0,0,0,5.0,46.0,75.5,81.9,1826.0
Belgium,Charles De Ketelaere,"CAM, ST, CM",82,70,79,80,83,56,68,77.5,77.3,60.800000000000004,81.5,69.0,0.8854166666666666,0,0,MID,0,0,1,0,0,0,6.0,63.2,77.3,77.5,1722.0
Belgium,Dodi Lukebakio,"RW, LW",82,84,76,68,78,30,70,79.0,71.6,46.0,73.0,77.0,0.8854166666666666,0,0,ATT,0,0,0,1,0,0,7.0,45.6,71.6,79.0,1640.0
Belgium,Hans Vanaken,"CAM, CM",80,45,79,84,77,60,78,68.2,80.1,67.2,80.5,61.5,0.8221153846153846,0,0,MID,0,0,1,0,0,0,8.0,68.4,80.1,68.2,1520.0
Belgium,Jeremy Doku,"LW, RW, LM",80,91,71,72,87,32,68,81.8,75.3,46.400000000000006,79.5,79.5,0.8221153846153846,0,0,MID,0,0,1,0,0,0,9.0,47.199999999999996,75.3,81.8,1440.0
Belgium,Maxim De Cuyper,"LB, RB, LM",80,76,73,80,79,75,75,75.7,78.2,75.0,79.5,75.5,0.8221153846153846,0,0,DEF,0,1,0,0,0,0,10.0,76.0,78.2,75.7,1360.0
Belgium,Arthur Theate,"CB, LB",80,76,42,58,62,80,78,58.2,65.19999999999999,79.2,60.0,77.0,0.8221153846153846,0,0,DEF,0,1,0,0,0,0,11.0,75.2,65.19999999999999,58.2,1280.0
Belgium,Alexis Saelemaekers,"RW, RM",79,82,68,66,76,46,70,74.6,70.2,55.599999999999994,71.0,76.0,0.7772435897435898,0,0,MID,0,0,1,0,0,0,12.0,54.8,70.2,74.6,1185.0
Belgium,Amadou Onana,"CDM, CM",79,76,58,70,68,76,82,66.4,73.0,78.4,69.0,79.0,0.7772435897435898,0,0,MID,0,0,1,0,0,0,13.0,76.0,73.0,66.4,1106.0
Belgium,Senne Lammens,GK,78,52,11,44,46,11,72,33.8,53.0,35.4,45.0,62.0,0.7323717948717948,0,0,GK,1,0,0,0,0,0,14.0,29.8,53.0,33.8,1014.0
Belgium,Zeno Debast,"CB, RB",78,72,40,58,62,78,76,56.19999999999999,64.6,77.2,60.0,74.0,0.7323717948717948,0,0,DEF,0,1,0,0,0,0,15.0,73.6,64.6,56.19999999999999,936.0
Belgium,Axel Witsel,"CDM, CM",77,60,56,70,68,74,78,60.8,71.8,75.6,69.0,69.0,0.6790865384615384,0,0,MID,0,0,1,0,0,0,16.0,74.0,71.8,60.800000000000004,847.0
Belgium,Diego Moreira,"LW, RW",77,82,68,64,78,30,64,75.2,68.2,43.6,71.0,73.0,0.6790865384615384,0,0,ATT,0,0,0,1,0,0,17.0,43.6,68.2,75.19999999999999,770.0
Belgium,Nicolas Raskin,"CDM, CM",77,70,54,66,66,70,74,62.400000000000006,68.4,71.6,66.0,72.0,0.6790865384615384,0,0,MID,0,0,1,0,0,0,18.0,70.0,68.4,62.400000000000006,693.0
Belgium,Thomas Meunier,RB,76,74,58,68,68,68,76,65.8,70.4,71.2,68.0,75.0,0.624198717948718,0,0,DEF,0,1,0,0,0,0,19.0,69.6,70.4,65.80000000000001,608.0
Belgium,Timothy Castagne,"RB, RM",76,68,57,70,72,74,71,64.8,70.89999999999999,72.8,71.0,69.5,0.624198717948718,0,0,DEF,0,1,0,0,0,0,20.0,72.6,70.89999999999999,64.8,532.0
Belgium,Brandon Mechele,CB,76,49,40,55,56,80,78,47.5,62.199999999999996,79.2,55.5,63.5,0.624198717948718,0,0,DEF,0,1,0,0,0,0,21.0,74.6,62.199999999999996,47.5,456.0
Belgium,Koni De Winter,CB,74,67,40,58,66,75,72,55.89999999999999,64.6,73.8,62.0,69.5,0.5224358974358975,0,0,DEF,0,1,0,0,0,0,22.0,71.0,64.6,55.89999999999999,370.0
Belgium,Matías Fernández-Pardo,"LW,RW",74,80,66,70,74,38,64,72.6,69.4,48.400000000000006,72.0,72.0,0.5224358974358975,0,0,ATT,0,0,0,1,0,0,23.0,49.6,69.4,72.60000000000001,296.0
Belgium,Joaquin Seys,"RB, LB, RM",73,81,48,68,70,67,67,64.5,68.3,67.0,69.0,74.0,0.469150641025641,0,0,DEF,0,1,0,0,0,0,24.0,67.19999999999999,68.3,64.5,219.0
Belgium,Mike Penders,GK,73,50,11,42,44,11,70,32.6,51.0,34.6,43.0,60.0,0.469150641025641,0,0,GK,1,0,0,0,0,0,25.0,29.0,51.0,32.599999999999994,146.0
Belgium,Nathan Ngoy,"CB, RB",69,78,44,49,67,67,75,61.1,62.2,70.19999999999999,58.0,76.5,0.22956730769230768,0,0,DEF,0,1,0,0,0,0,26.0,65.0,62.2,61.099999999999994,69.0
Bosnia and Herzegovina,Edin Džeko,ST,81,55,82,74,77,40,72,72.4,74.3,52.8,75.5,63.5,0.8553685897435898,0,0,ATT,0,0,0,1,0,0,1.0,53.2,74.3,72.4,2106.0
Bosnia and Herzegovina,Ermedin Demirović,ST,80,72,81,73,78,42,78,77.39999999999999,76.0,56.400000000000006,75.5,75.0,0.8221153846153846,0,0,ATT,0,0,0,1,0,0,2.0,55.4,76.0,77.4,2000.0
Bosnia and Herzegovina,Sead Kolašinac,CB,79,61,63,68,69,79,82,64.2,72.5,80.2,68.5,71.5,0.7772435897435898,0,0,DEF,0,1,0,0,0,0,3.0,77.4,72.5,64.2,1896.0
Bosnia and Herzegovina,Nikola Vasilj,GK,77,50,11,44,46,11,72,33.2,53.0,35.4,45.0,61.0,0.6790865384615384,0,0,GK,1,0,0,0,0,0,4.0,29.8,53.0,33.199999999999996,1771.0
Bosnia and Herzegovina,Amar Dedić,"RB, LB, RM",74,83,60,70,76,66,76,71.69999999999999,73.6,70.0,73.0,79.5,0.5224358974358975,0,0,DEF,0,1,0,0,0,0,5.0,68.80000000000001,73.6,71.7,1628.0
Bosnia and Herzegovina,Petar Stojanović,"RB,RM",73,78,52,66,68,70,72,64.6,68.39999999999999,70.8,67.0,75.0,0.469150641025641,0,0,DEF,0,1,0,0,0,0,6.0,69.6,68.39999999999999,64.6,1533.0
Bosnia and Herzegovina,Haris Tabakovic,ST,73,60,73,52,65,29,80,66.7,64.3,49.4,58.5,70.0,0.469150641025641,0,0,ATT,0,0,0,1,0,0,7.0,43.8,64.3,66.7,1460.0
Bosnia and Herzegovina,Amir Hadžiahmetović,"CDM, CM",73,65,60,73,72,70,73,65.1,72.69999999999999,71.2,72.5,69.0,0.469150641025641,0,0,MID,0,0,1,0,0,0,8.0,71.2,72.69999999999999,65.1,1387.0
Bosnia and Herzegovina,Benjamin Tahirović,"CM,CDM",73,72,54,70,66,66,72,63.0,69.39999999999999,68.4,68.0,72.0,0.469150641025641,0,0,MID,0,0,1,0,0,0,9.0,68.0,69.39999999999999,63.0,1314.0
Bosnia and Herzegovina,Ivan Šunjić,"CM,CDM",72,68,50,68,64,67,72,59.6,68.0,69.0,66.0,70.0,0.40905448717948717,0,0,MID,0,0,1,0,0,0,10.0,68.19999999999999,68.0,59.599999999999994,1224.0
Bosnia and Herzegovina,Amar Memić,"RM, LM, RW",72,81,69,68,73,48,61,73.8,67.4,53.2,70.5,71.0,0.40905448717948717,0,0,MID,0,0,1,0,0,0,11.0,54.6,67.4,73.80000000000001,1152.0
Bosnia and Herzegovina,Armin Gigović,"CM, CAM",72,65,61,70,74,60,74,66.1,72.4,65.6,72.0,69.5,0.40905448717948717,0,0,MID,0,0,1,0,0,0,12.0,64.8,72.4,66.10000000000001,1080.0
Bosnia and Herzegovina,Denis Hadžikadunić,CB,72,68,40,58,55,72,74,52.9,61.900000000000006,72.8,56.5,71.0,0.40905448717948717,0,0,DEF,0,1,0,0,0,0,13.0,69.6,61.900000000000006,52.9,1008.0
Bosnia and Herzegovina,Dženis Burnić,"LW,CAM",71,76,62,66,70,36,60,68.6,65.4,45.599999999999994,68.0,68.0,0.3449519230769231,0,0,MID,0,0,1,0,0,0,14.0,46.8,65.4,68.6,923.0
Bosnia and Herzegovina,Tarik Muharemović,CB,70,59,23,47,56,73,67,43.7,55.7,70.6,51.5,63.0,0.28205128205128205,0,0,DEF,0,1,0,0,0,0,15.0,66.6,55.7,43.7,840.0
Bosnia and Herzegovina,Amer Šiljak,GK,70,46,12,42,44,12,64,31.799999999999997,49.2,32.8,43.0,55.0,0.28205128205128205,0,0,GK,1,0,0,0,0,0,16.0,28.4,49.2,31.8,770.0
Bosnia and Herzegovina,Nikola Katić,CB,69,51,35,45,53,68,79,45.199999999999996,57.599999999999994,72.4,49.0,65.0,0.22956730769230768,0,0,DEF,0,1,0,0,0,0,17.0,65.6,57.599999999999994,45.199999999999996,690.0
Bosnia and Herzegovina,Samed Baždar,"ST, CAM, CM",69,70,66,70,74,40,63,69.6,69.1,49.2,72.0,66.5,0.22956730769230768,0,0,MID,0,0,1,0,0,0,18.0,50.6,69.1,69.60000000000001,621.0
Bosnia and Herzegovina,Kerim Alajbegović,"ST,LW",68,72,63,58,64,32,62,66.0,61.0,44.0,61.0,67.0,0.18028846153846154,0,0,ATT,0,0,0,1,0,0,19.0,43.2,61.0,66.0,544.0
Bosnia and Herzegovina,Adin Junuzović,LB,68,70,44,62,60,66,68,56.6,63.199999999999996,66.80000000000001,61.0,69.0,0.18028846153846154,0,0,DEF,0,1,0,0,0,0,20.0,65.60000000000001,63.199999999999996,56.6,476.0
Bosnia and Herzegovina,Martin Zlomislić,RB,68,74,46,62,60,66,68,58.60000000000001,63.199999999999996,66.80000000000001,61.0,71.0,0.18028846153846154,0,0,DEF,0,1,0,0,0,0,21.0,65.60000000000001,63.199999999999996,58.6,408.0
Bosnia and Herzegovina,Ermin Mahmić,CB,67,65,38,54,52,67,70,50.3,58.2,68.19999999999999,53.0,67.5,0.12740384615384615,0,0,DEF,0,1,0,0,0,0,22.0,65.0,58.2,50.300000000000004,335.0
Bosnia and Herzegovina,Esmir Bajraktarević,"RW, RM",67,77,54,65,76,40,59,67.5,66.5,47.6,70.5,68.0,0.12740384615384615,0,0,MID,0,0,1,0,0,0,23.0,48.8,66.5,67.5,268.0
Bosnia and Herzegovina,Nihad Mujakić,CB,67,70,28,42,47,66,77,46.3,54.0,70.4,44.5,73.5,0.12740384615384615,0,0,DEF,0,1,0,0,0,0,24.0,63.4,54.0,46.300000000000004,201.0
Bosnia and Herzegovina,Nidal Çelik,CB,64,60,35,49,50,62,71,47.0,55.900000000000006,65.6,49.5,65.5,0.03205128205128205,0,0,DEF,0,1,0,0,0,0,25.0,61.2,55.900000000000006,47.0,128.0
Bosnia and Herzegovina,Jovo Lukić,ST,64,61,64,47,59,27,69,61.599999999999994,57.2,43.8,53.0,65.0,0.03205128205128205,0,0,ATT,0,0,0,1,0,0,26.0,39.4,57.2,61.60000000000001,64.0
Brazil,Raphael Dias Belloli,"LM, LW",89,91,84,85,87,53,75,87.0,82.6,61.8,86.0,83.0,0.9895833333333334,1,0,MID,0,0,1,0,1,1,1.0,63.8,82.6,87.0,2314.0
Brazil,Vinicius José Paixão de Oliveira Júnior,"LW, ST, LM",89,95,84,81,91,29,69,89.4,80.4,45.0,86.0,82.0,0.9895833333333334,1,0,MID,0,0,1,0,1,1,2.0,47.4,80.4,89.4,2225.0
Brazil,Alisson Ramsés Becker,GK,89,58,14,52,54,14,76,39.2,59.8,38.800000000000004,53.0,67.0,0.9895833333333334,1,0,GK,1,0,0,0,1,1,3.0,34.0,59.8,39.2,2136.0
Brazil,Gabriel Fernando de Jesus Martinelli,"LW, ST",88,87,78,74,84,36,70,82.5,75.8,49.599999999999994,79.0,78.5,0.9819711538461539,1,0,ATT,0,0,0,1,1,1,4.0,50.39999999999999,75.8,82.5,2024.0
Brazil,Gabriel dos Santos Magalhães,CB,88,64,44,64,65,88,84,56.3,70.3,86.4,64.5,74.0,0.9819711538461539,1,0,DEF,0,1,0,0,1,1,5.0,82.39999999999999,70.3,56.3,1936.0
Brazil,Bruno Guimarães Rodriguez Moura,"CDM, CM",86,68,75,83,84,77,82,75.6,83.0,79.0,83.5,75.0,0.9639423076923077,1,0,MID,0,0,1,0,0,1,6.0,79.19999999999999,83.0,75.6,1806.0
Brazil,Ederson Santana de Moraes,GK,85,58,14,62,56,14,72,39.8,63.2,37.2,59.0,65.0,0.9507211538461539,1,0,GK,1,0,0,0,0,1,7.0,35.2,63.2,39.8,1700.0
Brazil,Gleison Bremer Silva Nascimento,CB,85,82,50,58,66,86,80,64.39999999999999,67.0,83.6,62.0,81.0,0.9507211538461539,1,0,DEF,0,1,0,0,0,1,8.0,79.19999999999999,67.0,64.39999999999999,1615.0
Brazil,Matheus Santos Carneiro da Cunha,"CAM, LW, ST",83,77,85,79,84,44,75,82.3,79.3,56.4,81.5,76.0,0.9118589743589743,0,0,MID,0,0,1,0,0,0,9.0,57.2,79.3,82.3,1494.0
Brazil,Neymar da Silva Santos Júnior,"LW,CAM",83,82,81,85,87,36,64,83.1,79.3,47.2,86.0,73.0,0.9118589743589743,0,0,MID,0,0,1,0,0,0,10.0,51.4,79.3,83.1,1411.0
Brazil,Neymar,"LW, CAM",83,84,84,84,94,30,62,87.0,80.39999999999999,42.8,89.0,73.0,0.9118589743589743,0,0,MID,0,0,1,0,0,0,11.0,47.2,80.39999999999999,87.0,1328.0
Brazil,Roger Ibañez da Silva,CB,82,87,32,47,61,83,85,57.2,62.6,83.8,54.0,86.0,0.8854166666666666,0,0,DEF,0,1,0,0,0,0,12.0,76.2,62.6,57.2,1230.0
Brazil,Fabinho,"CDM,CM",82,72,62,78,72,82,80,68.0,76.8,81.19999999999999,75.0,76.0,0.8854166666666666,0,0,MID,0,0,1,0,0,0,13.0,80.79999999999998,76.8,68.0,1148.0
Brazil,Danilo Luiz da Silva,"RB, CB",81,74,56,76,75,82,80,67.10000000000001,76.9,81.19999999999999,75.5,77.0,0.8553685897435898,0,0,DEF,0,1,0,0,0,0,14.0,80.39999999999999,76.9,67.1,1053.0
Brazil,Danilo,"CB, CDM",81,74,56,76,75,82,80,67.10000000000001,76.9,81.19999999999999,75.5,77.0,0.8553685897435898,0,0,DEF,0,1,0,0,0,0,15.0,80.39999999999999,76.9,67.1,972.0
Brazil,Weverton Pereira da Silva,GK,80,52,12,48,50,12,72,35.4,55.8,36.0,49.0,62.0,0.8221153846153846,0,0,GK,1,0,0,0,0,0,16.0,31.200000000000003,55.8,35.4,880.0
Brazil,Carlos Henrique Casimiro,"CDM, CM",80,36,74,76,69,80,76,61.099999999999994,73.9,78.4,72.5,56.0,0.8221153846153846,0,0,MID,0,0,1,0,0,0,17.0,78.4,73.9,61.099999999999994,800.0
Brazil,Lucas Tolentino Coelho de Lima,"CM, LM, CAM",80,68,78,78,84,69,75,76.80000000000001,78.9,71.4,81.0,71.5,0.8221153846153846,0,0,MID,0,0,1,0,0,0,18.0,72.0,78.9,76.8,720.0
Brazil,Rayan,"LW, ST",78,84,76,68,80,30,68,79.60000000000001,71.6,45.2,74.0,76.0,0.7323717948717948,0,0,ATT,0,0,0,1,0,0,19.0,45.2,71.6,79.6,624.0
Brazil,Wesley Andrade de Oliveira,"RW,RM",78,87,72,70,78,40,72,78.3,73.0,52.8,74.0,79.5,0.7323717948717948,0,0,MID,0,0,1,0,0,0,20.0,52.4,73.0,78.3,546.0
Brazil,Luiz Henrique Tomaz de Lima,"LW, RW",78,85,75,74,79,42,68,79.2,73.69999999999999,52.400000000000006,76.5,76.5,0.7323717948717948,0,0,ATT,0,0,0,1,0,0,21.0,53.599999999999994,73.69999999999999,79.2,468.0
Brazil,Alex Sandro,LB,77,74,58,70,74,68,72,67.60000000000001,71.8,69.6,72.0,73.0,0.6790865384615384,0,0,DEF,0,1,0,0,0,0,22.0,69.19999999999999,71.8,67.60000000000001,385.0
Brazil,Douglas Santos,LB,77,78,50,62,66,70,68,63.199999999999996,65.0,69.2,64.0,73.0,0.6790865384615384,0,0,DEF,0,1,0,0,0,0,23.0,68.0,65.0,63.2,308.0
Brazil,Leonardo Pereira da Silva,"CDM, CM",77,67,72,57,63,69,78,67.8,65.1,72.6,60.0,72.5,0.6790865384615384,0,0,MID,0,0,1,0,0,0,24.0,68.4,65.1,67.8,231.0
Brazil,Endrick Felipe Moreira de Sousa,"ST, RW",77,87,77,62,78,30,68,80.3,68.6,45.2,70.0,77.5,0.6790865384615384,0,0,ATT,0,0,0,1,0,0,25.0,44.0,68.6,80.3,154.0
Brazil,Igor Thiago,ST,75,76,74,58,72,28,76,74.0,67.6,47.2,65.0,76.0,0.5765224358974359,0,0,ATT,0,0,0,1,0,0,26.0,43.6,67.6,74.0,75.0
Canada,Alphonso Davies,"LB, LW",84,97,70,76,86,64,72,82.89999999999999,77.8,67.2,81.0,84.5,0.9314903846153846,0,0,DEF,0,1,0,0,0,0,1.0,68.0,77.8,82.89999999999999,2184.0
Canada,Jonathan David,ST,82,84,82,72,80,35,74,82.0,75.0,50.6,76.0,79.0,0.8854166666666666,0,0,ATT,0,0,0,1,0,0,2.0,50.199999999999996,75.0,82.0,2050.0
Canada,Alistair Johnston,RB,78,76,52,62,66,72,74,63.400000000000006,66.8,72.8,64.0,75.0,0.7323717948717948,0,0,DEF,0,1,0,0,0,0,3.0,70.4,66.8,63.400000000000006,1872.0
Canada,Stephen Eustáquio,"CM, CDM",77,76,62,76,76,72,74,70.4,75.4,72.8,76.0,75.0,0.6790865384615384,0,0,MID,0,0,1,0,0,0,4.0,73.2,75.4,70.4,1771.0
Canada,Cyle Larin,ST,77,76,78,62,70,28,76,75.0,68.6,47.2,66.0,76.0,0.6790865384615384,0,0,ATT,0,0,0,1,0,0,5.0,44.4,68.6,75.0,1694.0
Canada,Moise Bombito,CB,76,72,44,60,58,76,78,56.599999999999994,64.8,76.80000000000001,59.0,75.0,0.624198717948718,0,0,DEF,0,1,0,0,0,0,6.0,73.2,64.8,56.6,1596.0
Canada,Promise David,"ST, LW",75,80,70,60,74,28,70,74.2,67.2,44.8,67.0,75.0,0.5765224358974359,0,0,ATT,0,0,0,1,0,0,7.0,42.8,67.2,74.2,1500.0
Canada,Tajon Buchanan,"RW, LW",74,86,68,64,80,28,66,77.0,69.4,43.2,72.0,76.0,0.5224358974358975,0,0,ATT,0,0,0,1,0,0,8.0,42.8,69.4,77.0,1406.0
Canada,Richie Laryea,"RB,RM",74,82,55,68,72,68,70,68.19999999999999,69.8,68.8,70.0,76.0,0.5224358974358975,0,0,DEF,0,1,0,0,0,0,9.0,68.4,69.8,68.19999999999999,1332.0
Canada,Derek Cornelius,CB,74,66,38,52,54,76,76,51.2,59.8,76.0,53.0,71.0,0.5224358974358975,0,0,DEF,0,1,0,0,0,0,10.0,71.2,59.8,51.2,1258.0
Canada,Dayne St. Clair,GK,73,52,11,44,46,11,74,33.8,53.599999999999994,36.2,45.0,63.0,0.469150641025641,0,0,GK,1,0,0,0,0,0,11.0,30.2,53.599999999999994,33.8,1168.0
Canada,Ismaël Koné,"CM, CDM",72,76,62,72,74,70,74,69.8,73.2,71.6,73.0,75.0,0.40905448717948717,0,0,MID,0,0,1,0,0,0,12.0,71.2,73.2,69.8,1080.0
Canada,Liam Millar,"LW, RW",72,82,66,62,76,30,64,73.8,66.8,43.6,69.0,73.0,0.40905448717948717,0,0,ATT,0,0,0,1,0,0,13.0,43.2,66.8,73.8,1008.0
Canada,Marcelo Flores,"CAM,LW",72,74,62,68,66,36,60,66.8,65.0,45.599999999999994,67.0,67.0,0.40905448717948717,0,0,MID,0,0,1,0,0,0,14.0,47.199999999999996,65.0,66.8,936.0
Canada,Jonathan Osorio,"CM, CAM, CDM",71,50,67,70,72,61,65,63.4,69.1,62.6,71.0,57.5,0.3449519230769231,0,0,MID,0,0,1,0,0,0,15.0,63.6,69.1,63.39999999999999,852.0
Canada,Niko Sigur,"CB, LB",70,68,38,52,54,74,72,51.8,58.599999999999994,73.2,53.0,70.0,0.28205128205128205,0,0,DEF,0,1,0,0,0,0,16.0,69.2,58.599999999999994,51.8,770.0
Canada,Liam Fraser,"CM,CDM",70,66,50,66,62,64,68,58.39999999999999,65.4,65.6,64.0,67.0,0.28205128205128205,0,0,MID,0,0,1,0,0,0,17.0,65.2,65.4,58.39999999999999,700.0
Canada,Tani Oluwaseyi,"ST,LW",70,82,66,60,70,30,66,72.0,64.8,44.400000000000006,65.0,74.0,0.28205128205128205,0,0,ATT,0,0,0,1,0,0,18.0,43.2,64.8,72.0,630.0
Canada,Maxime Crépeau,GK,69,52,11,44,46,11,72,33.8,53.0,35.4,45.0,62.0,0.22956730769230768,0,0,GK,1,0,0,0,0,0,19.0,29.8,53.0,33.8,552.0
Canada,Joel Waterman,CB,68,66,38,50,52,74,76,50.6,58.400000000000006,74.8,51.0,71.0,0.18028846153846154,0,0,DEF,0,1,0,0,0,0,20.0,69.6,58.400000000000006,50.6,476.0
Canada,Ali Ahmed,"CM, RM, LM, CAM",68,78,58,65,72,61,65,68.19999999999999,67.1,62.6,68.5,71.5,0.18028846153846154,0,0,MID,0,0,1,0,0,0,21.0,62.6,67.1,68.2,408.0
Canada,Mathieu Choinière,"CM, LM, LW",67,60,58,66,66,62,59,61.0,63.900000000000006,60.8,66.0,59.5,0.12740384615384615,0,0,MID,0,0,1,0,0,0,22.0,62.2,63.900000000000006,61.0,335.0
Canada,Owen Goodman,GK,67,44,11,40,42,12,62,30.2,47.2,32.0,41.0,53.0,0.12740384615384615,0,0,GK,1,0,0,0,0,0,23.0,27.6,47.2,30.200000000000003,268.0
Canada,Jacob Shaffelburg,LW,67,82,64,60,74,28,64,72.39999999999999,65.4,42.400000000000006,67.0,73.0,0.12740384615384615,0,0,ATT,0,0,0,1,0,0,24.0,41.6,65.4,72.4,201.0
Canada,Nathan Saliba,GK,65,42,10,38,40,11,60,28.6,45.2,30.6,39.0,51.0,0.05448717948717949,0,0,GK,1,0,0,0,0,0,25.0,26.200000000000003,45.2,28.6,130.0
Canada,Luc de Fougerolles,LB,60,70,42,54,58,66,68,55.2,59.4,66.80000000000001,56.0,69.0,0.008413461538461538,0,0,DEF,0,1,0,0,0,0,26.0,64.0,59.4,55.199999999999996,60.0
Cape Verde,Logan Costa,CB,77,72,38,54,56,76,76,53.599999999999994,61.2,76.0,55.0,74.0,0.6790865384615384,0,0,DEF,0,1,0,0,0,0,1.0,71.60000000000001,61.2,53.599999999999994,2002.0
Cape Verde,Nuno da Costa,"ST, LW",74,72,68,58,66,28,70,68.6,64.0,44.8,62.0,71.0,0.5224358974358975,0,0,ATT,0,0,0,1,0,0,2.0,42.400000000000006,64.0,68.6,1850.0
Cape Verde,Steven Moreira,"CB, RB",72,73,33,67,71,72,74,56.4,70.3,72.8,69.0,73.5,0.40905448717948717,0,0,DEF,0,1,0,0,0,0,3.0,71.4,70.3,56.400000000000006,1728.0
Cape Verde,Wagner Pina,"CM, CDM",72,68,52,62,64,64,68,60.4,64.4,65.6,63.0,68.0,0.40905448717948717,0,0,MID,0,0,1,0,0,0,4.0,64.4,64.4,60.400000000000006,1656.0
Cape Verde,Ryan Mendes,"LW, RW",71,80,66,62,74,28,64,72.6,66.2,42.400000000000006,68.0,72.0,0.3449519230769231,0,0,ATT,0,0,0,1,0,0,5.0,42.0,66.2,72.60000000000001,1562.0
Cape Verde,Garry Rodrigues,"LW, RW",71,80,66,62,74,28,64,72.6,66.2,42.400000000000006,68.0,72.0,0.3449519230769231,0,0,ATT,0,0,0,1,0,0,6.0,42.0,66.2,72.60000000000001,1491.0
Cape Verde,Telmo Arcanjo,"ST, LW",71,78,70,58,72,28,68,73.0,65.19999999999999,44.0,65.0,73.0,0.3449519230769231,0,0,ATT,0,0,0,1,0,0,7.0,42.0,65.19999999999999,73.0,1420.0
Cape Verde,Jovane Cabral,"LW, RW",70,82,70,66,76,30,66,75.39999999999999,69.0,44.400000000000006,71.0,74.0,0.28205128205128205,0,0,ATT,0,0,0,1,0,0,8.0,44.400000000000006,69.0,75.39999999999999,1330.0
Cape Verde,Dailon Livramento,"LW, ST",70,80,66,60,74,28,66,72.6,66.0,43.2,67.0,73.0,0.28205128205128205,0,0,ATT,0,0,0,1,0,0,9.0,42.0,66.0,72.60000000000001,1260.0
Cape Verde,Kevin Pina,"CAM, CM",70,74,64,68,72,40,64,69.4,68.0,49.6,70.0,69.0,0.28205128205128205,0,0,MID,0,0,1,0,0,0,10.0,50.4,68.0,69.39999999999999,1190.0
Cape Verde,Kenny Rocha Santos,"CM, CDM",70,68,52,62,64,64,68,60.4,64.4,65.6,63.0,68.0,0.28205128205128205,0,0,MID,0,0,1,0,0,0,11.0,64.4,64.4,60.400000000000006,1120.0
Cape Verde,Deroy Duarte,"LW, RW",69,78,62,60,72,28,64,69.8,64.8,42.400000000000006,66.0,71.0,0.22956730769230768,0,0,ATT,0,0,0,1,0,0,12.0,41.6,64.8,69.8,1035.0
Cape Verde,Jamiro Monteiro,"CM, CAM",69,72,62,68,72,48,66,68.0,68.6,55.2,70.0,69.0,0.22956730769230768,0,0,MID,0,0,1,0,0,0,13.0,55.6,68.6,68.0,966.0
Cape Verde,Vozinha,GK,68,48,10,40,42,10,68,31.0,49.0,33.2,41.0,58.0,0.18028846153846154,0,0,GK,1,0,0,0,0,0,14.0,27.6,49.0,31.0,884.0
Cape Verde,Roberto Pico Lopes,GK,68,54,42,51,57,68,75,50.099999999999994,60.0,70.8,54.0,64.5,0.18028846153846154,0,0,GK,1,0,0,0,0,0,15.0,66.0,60.0,50.099999999999994,816.0
Cape Verde,Gilson Benchimol,"CM,CDM",68,66,50,64,60,64,68,57.8,64.0,65.6,62.0,67.0,0.18028846153846154,0,0,MID,0,0,1,0,0,0,16.0,64.8,64.0,57.8,748.0
Cape Verde,Márcio Rosa,"CM,CDM",68,66,48,62,58,62,66,56.400000000000006,62.0,63.599999999999994,60.0,66.0,0.18028846153846154,0,0,MID,0,0,1,0,0,0,17.0,62.8,62.0,56.4,680.0
Cape Verde,Laros Duarte,"CM,CAM",67,70,56,64,60,48,62,61.400000000000006,62.2,53.599999999999994,62.0,66.0,0.12740384615384615,0,0,MID,0,0,1,0,0,0,18.0,54.0,62.2,61.400000000000006,603.0
Cape Verde,Kelvin Pires,"ST,LW",67,74,62,56,62,30,62,65.6,59.599999999999994,42.8,59.0,68.0,0.12740384615384615,0,0,ATT,0,0,0,1,0,0,19.0,41.6,59.599999999999994,65.6,536.0
Cape Verde,Stopira,"CB, LB",67,64,36,52,54,72,72,49.8,58.599999999999994,72.0,53.0,68.0,0.12740384615384615,0,0,DEF,0,1,0,0,0,0,20.0,68.0,58.599999999999994,49.8,469.0
Cape Verde,Diney Borges,"CB,LB",67,66,38,55,52,68,70,50.6,58.6,68.8,53.5,68.0,0.12740384615384615,0,0,DEF,0,1,0,0,0,0,21.0,65.8,58.6,50.6,402.0
Cape Verde,Willy Semedo,"LB,CB",66,70,42,56,58,65,67,55.2,59.89999999999999,65.8,57.0,68.5,0.08854166666666667,0,0,DEF,0,1,0,0,0,0,22.0,63.6,59.89999999999999,55.199999999999996,330.0
Cape Verde,Yannick Semedo,"RB,CB",66,70,44,58,60,65,67,56.6,61.3,65.8,59.0,68.5,0.08854166666666667,0,0,DEF,0,1,0,0,0,0,23.0,64.0,61.3,56.6,264.0
Cape Verde,João Paulo Fernandes,CB,66,68,60,68,65,65,64,63.9,65.9,64.6,66.5,66.0,0.08854166666666667,0,0,DEF,0,1,0,0,0,0,24.0,65.4,65.9,63.9,198.0
Cape Verde,Hélio Varela,"CDM,CM",66,64,46,62,58,64,68,55.0,62.6,65.6,60.0,66.0,0.08854166666666667,0,0,MID,0,0,1,0,0,0,25.0,64.4,62.6,55.0,132.0
Cape Verde,Sidny Cabral,"LW, RW",66,78,64,60,72,28,64,70.6,64.8,42.400000000000006,66.0,71.0,0.08854166666666667,0,0,ATT,0,0,0,1,0,0,26.0,41.6,64.8,70.6,66.0
Colombia,Luis Díaz,"LW, RW",85,88,81,76,87,45,75,84.9,79.0,57.0,81.5,81.5,0.9507211538461539,1,0,ATT,0,0,0,1,0,1,1.0,57.2,79.0,84.89999999999999,2210.0
Colombia,Davinson Sánchez,CB,82,72,40,56,58,82,80,55.0,63.8,81.19999999999999,57.0,76.0,0.8854166666666666,0,0,DEF,0,1,0,0,0,0,2.0,76.39999999999999,63.8,54.99999999999999,2050.0
Colombia,James Rodríguez,"CAM,CM",82,70,78,84,80,42,64,76.2,76.8,50.8,82.0,67.0,0.8854166666666666,0,0,MID,0,0,1,0,0,0,3.0,54.8,76.8,76.2,1968.0
Colombia,Daniel Muñoz,RB,81,75,69,72,76,79,81,72.9,75.9,79.8,74.0,78.0,0.8553685897435898,0,0,DEF,0,1,0,0,0,0,4.0,78.0,75.9,72.9,1863.0
Colombia,Richard Ríos,"CM, CDM",79,76,60,70,72,68,72,68.39999999999999,71.19999999999999,69.6,71.0,74.0,0.7772435897435898,0,0,MID,0,0,1,0,0,0,5.0,69.19999999999999,71.19999999999999,68.39999999999999,1738.0
Colombia,Juan Camilo Hernández,"ST, CAM",78,78,78,70,78,32,68,78.0,71.8,46.400000000000006,74.0,73.0,0.7323717948717948,0,0,MID,0,0,1,0,0,0,6.0,46.8,71.8,78.0,1638.0
Colombia,Johan Mojica,LB,78,78,48,62,66,68,68,62.4,65.0,68.0,64.0,73.0,0.7323717948717948,0,0,DEF,0,1,0,0,0,0,7.0,66.8,65.0,62.400000000000006,1560.0
Colombia,Jhon Arias,"RW, LW",78,85,75,74,79,42,68,79.2,73.69999999999999,52.400000000000006,76.5,76.5,0.7323717948717948,0,0,ATT,0,0,0,1,0,0,8.0,53.599999999999994,73.69999999999999,79.2,1482.0
Colombia,Luis Suárez,"ST, LW",77,83,77,66,74,35,77,77.9,71.7,51.8,70.0,80.0,0.6790865384615384,0,0,ATT,0,0,0,1,0,0,9.0,49.6,71.7,77.9,1386.0
Colombia,Jefferson Lerma,"CDM, CM",77,72,58,68,66,74,78,64.6,70.4,75.6,67.0,75.0,0.6790865384615384,0,0,MID,0,0,1,0,0,0,10.0,73.6,70.4,64.6,1309.0
Colombia,Yerry Mina,CB,77,66,42,54,56,80,82,53.400000000000006,63.0,80.80000000000001,55.0,74.0,0.6790865384615384,0,0,DEF,0,1,0,0,0,0,11.0,75.2,63.0,53.400000000000006,1232.0
Colombia,Jorge Carrascal,"CM,CAM",77,76,68,74,76,48,66,72.8,72.2,55.2,75.0,71.0,0.6790865384615384,0,0,MID,0,0,1,0,0,0,12.0,56.8,72.2,72.8,1155.0
Colombia,Kevin Castaño,"CDM, CM",77,70,54,64,64,70,72,61.8,66.39999999999999,70.8,64.0,71.0,0.6790865384615384,0,0,MID,0,0,1,0,0,0,13.0,69.2,66.39999999999999,61.8,1078.0
Colombia,Juan Fernando Quintero,"CAM, LW",77,70,70,74,78,36,60,72.4,71.0,45.599999999999994,76.0,65.0,0.6790865384615384,0,0,MID,0,0,1,0,0,0,14.0,48.39999999999999,71.0,72.4,1001.0
Colombia,Jhon Lucumí,CB,76,74,40,56,58,80,78,55.599999999999994,63.199999999999996,79.2,57.0,76.0,0.624198717948718,0,0,DEF,0,1,0,0,0,0,15.0,74.8,63.199999999999996,55.6,912.0
Colombia,Jaminton Campaz,"LW, RW",76,82,66,62,76,28,64,73.8,66.8,42.400000000000006,69.0,73.0,0.624198717948718,0,0,ATT,0,0,0,1,0,0,16.0,42.0,66.8,73.8,836.0
Colombia,David Ospina,GK,76,48,11,44,46,11,68,32.599999999999994,51.8,33.800000000000004,45.0,58.0,0.624198717948718,0,0,GK,1,0,0,0,0,0,17.0,29.000000000000004,51.8,32.599999999999994,760.0
Colombia,Deiver Machado,LB,76,76,44,58,62,66,66,59.0,61.599999999999994,66.0,60.0,71.0,0.624198717948718,0,0,DEF,0,1,0,0,0,0,18.0,64.4,61.599999999999994,59.0,684.0
Colombia,Álvaro Montero,GK,75,50,11,42,44,11,70,32.6,51.0,34.6,43.0,60.0,0.5765224358974359,0,0,GK,1,0,0,0,0,0,19.0,29.0,51.0,32.599999999999994,600.0
Colombia,Santiago Arias,RB,75,76,50,68,70,72,72,63.8,69.8,72.0,69.0,74.0,0.5765224358974359,0,0,DEF,0,1,0,0,0,0,20.0,71.19999999999999,69.8,63.8,525.0
Colombia,Camilo Vargas,GK,74,50,13,46,48,12,68,34.599999999999994,53.199999999999996,34.400000000000006,47.0,59.0,0.5224358974358975,0,0,GK,1,0,0,0,0,0,21.0,30.0,53.199999999999996,34.599999999999994,444.0
Colombia,Willer Ditta,CB,74,70,42,60,56,74,76,54.6,63.599999999999994,74.8,58.0,73.0,0.5224358974358975,0,0,DEF,0,1,0,0,0,0,22.0,71.6,63.599999999999994,54.599999999999994,370.0
Colombia,Juan Camilo Portilla,"LW, RW",73,80,62,60,72,28,64,70.4,64.8,42.400000000000006,66.0,72.0,0.469150641025641,0,0,ATT,0,0,0,1,0,0,23.0,41.6,64.8,70.39999999999999,292.0
Colombia,Carlos Gómez,CB,72,68,40,56,54,72,74,52.6,60.8,72.8,55.0,71.0,0.40905448717948717,0,0,DEF,0,1,0,0,0,0,24.0,69.2,60.8,52.599999999999994,216.0
Colombia,Jhon Córdoba,ST,69,76,72,58,66,28,80,71.4,67.0,48.8,62.0,78.0,0.22956730769230768,0,0,ATT,0,0,0,1,0,0,25.0,44.4,67.0,71.4,138.0
Colombia,Gustavo Puerta,"CM, CAM",68,72,60,68,72,50,68,67.19999999999999,69.19999999999999,57.2,70.0,70.0,0.18028846153846154,0,0,MID,0,0,1,0,0,0,26.0,57.2,69.19999999999999,67.19999999999999,68.0
Croatia,Joško Gvardiol,"LB, CB, LM",84,78,71,75,78,84,82,75.19999999999999,78.0,83.2,76.5,80.0,0.9314903846153846,0,0,DEF,0,1,0,0,0,0,1.0,81.8,78.0,75.19999999999999,2184.0
Croatia,Mateo Kovačić,"CM, CDM, CAM",83,67,74,81,83,73,72,74.6,78.89999999999999,72.6,82.0,69.5,0.9118589743589743,0,0,MID,0,0,1,0,0,0,2.0,74.39999999999999,78.89999999999999,74.6,2075.0
Croatia,Luka Modrić,"CM, CAM, CDM",83,68,74,86,86,70,62,75.80000000000001,78.8,66.8,86.0,65.0,0.9118589743589743,0,0,MID,0,0,1,0,0,0,3.0,71.6,78.8,75.8,1992.0
Croatia,Ante Budimir,ST,82,59,84,63,76,35,80,74.10000000000001,72.0,53.0,69.5,69.5,0.8854166666666666,0,0,ATT,0,0,0,1,0,0,4.0,49.6,72.0,74.1,1886.0
Croatia,Ivan Perišić,"RW, LW, RM",81,75,80,81,79,69,75,78.2,78.6,71.4,80.0,75.0,0.8553685897435898,0,0,MID,0,0,1,0,0,0,5.0,72.6,78.6,78.2,1782.0
Croatia,Andrej Kramarić,"CAM, CM",81,67,82,78,84,33,73,78.1,78.30000000000001,49.0,81.0,70.0,0.8553685897435898,0,0,MID,0,0,1,0,0,0,6.0,50.00000000000001,78.30000000000001,78.10000000000001,1701.0
Croatia,Mario Pašalić,"CM, CAM",80,69,78,77,81,67,76,76.2,77.9,70.6,79.0,72.5,0.8221153846153846,0,0,MID,0,0,1,0,0,0,7.0,70.8,77.9,76.2,1600.0
Croatia,Dominik Livaković,GK,80,52,12,44,46,12,72,34.2,53.0,36.0,45.0,62.0,0.8221153846153846,0,0,GK,1,0,0,0,0,0,8.0,30.400000000000002,53.0,34.199999999999996,1520.0
Croatia,Nikola Vlašić,"CAM, LW, RW, CM",79,74,76,76,81,57,70,76.9,75.7,62.199999999999996,78.5,72.0,0.7772435897435898,0,0,MID,0,0,1,0,0,0,9.0,63.4,75.7,76.9,1422.0
Croatia,Josip Staniśić,"CB, RB, LB, RM",78,73,44,65,69,79,74,60.199999999999996,68.9,77.0,67.0,73.5,0.7323717948717948,0,0,DEF,0,1,0,0,0,0,10.0,75.2,68.9,60.2,1326.0
Croatia,Josip Šutalo,CB,78,77,32,62,72,78,80,57.5,70.4,78.8,67.0,78.5,0.7323717948717948,0,0,DEF,0,1,0,0,0,0,11.0,75.2,70.4,57.5,1248.0
Croatia,Luka Sučić,"CM, CAM",78,76,76,78,77,68,72,76.3,75.89999999999999,69.6,77.5,74.0,0.7323717948717948,0,0,MID,0,0,1,0,0,0,12.0,70.8,75.89999999999999,76.3,1170.0
Croatia,Martin Baturina,"CAM, CM",78,77,70,78,83,59,66,76.0,75.9,61.8,80.5,71.5,0.7323717948717948,0,0,MID,0,0,1,0,0,0,13.0,64.2,75.9,76.0,1092.0
Croatia,Dominik Kotarski,GK,77,50,11,42,44,11,70,32.6,51.0,34.6,43.0,60.0,0.6790865384615384,0,0,GK,1,0,0,0,0,0,14.0,29.0,51.0,32.599999999999994,1001.0
Croatia,Kristijan Jakić,"CDM, CM, CB",76,72,62,65,68,76,80,66.8,70.4,77.6,66.5,76.0,0.624198717948718,0,0,DEF,0,1,0,0,0,0,15.0,74.6,70.4,66.8,912.0
Croatia,Petar Musa,ST,76,82,75,61,71,41,81,75.89999999999999,70.0,57.0,66.0,81.5,0.624198717948718,0,0,ATT,0,0,0,1,0,0,16.0,53.0,70.0,75.89999999999999,836.0
Croatia,Toni Fruk,"CAM, ST, CM",75,72,73,77,78,53,61,74.2,72.5,56.2,77.5,66.5,0.5765224358974359,0,0,MID,0,0,1,0,0,0,17.0,59.4,72.5,74.19999999999999,750.0
Croatia,Nikola Moro,"CDM, CM",75,66,72,74,73,70,72,70.5,73.1,70.8,73.5,69.0,0.5765224358974359,0,0,MID,0,0,1,0,0,0,18.0,71.2,73.1,70.5,675.0
Croatia,Duje Ćaleta-Car,CB,74,58,39,55,59,74,76,50.699999999999996,62.5,74.8,57.0,67.0,0.5224358974358975,0,0,DEF,0,1,0,0,0,0,19.0,70.6,62.5,50.7,592.0
Croatia,Petar Sučić,"CM, CDM",74,69,68,72,77,61,74,71.0,74.1,66.2,74.5,71.5,0.5224358974358975,0,0,MID,0,0,1,0,0,0,20.0,65.80000000000001,74.1,71.0,518.0
Croatia,Marin Pongračić,CB,74,61,26,52,62,74,76,47.3,62.2,74.8,57.0,68.5,0.5224358974358975,0,0,DEF,0,1,0,0,0,0,21.0,70.0,62.2,47.3,444.0
Croatia,Luka Vušković,CB,72,58,59,57,58,70,77,58.4,63.3,72.8,57.5,67.5,0.40905448717948717,0,0,DEF,0,1,0,0,0,0,22.0,68.8,63.3,58.4,360.0
Croatia,Martin Erlić,CB,72,56,35,46,53,73,72,46.7,55.89999999999999,72.6,49.5,64.0,0.40905448717948717,0,0,DEF,0,1,0,0,0,0,23.0,67.39999999999999,55.89999999999999,46.7,288.0
Croatia,Ivor Pandur,GK,72,50,11,42,44,11,70,32.6,51.0,34.6,43.0,60.0,0.40905448717948717,0,0,GK,1,0,0,0,0,0,24.0,29.0,51.0,32.599999999999994,216.0
Croatia,Igor Matanović,ST,71,68,69,55,67,34,74,68.1,64.3,50.0,61.0,71.0,0.3449519230769231,0,0,ATT,0,0,0,1,0,0,25.0,46.2,64.3,68.1,142.0
Croatia,Marco Pašalić,"RM, RW, CAM",71,76,72,67,75,35,56,74.1,66.1,43.400000000000006,71.0,66.0,0.3449519230769231,0,0,MID,0,0,1,0,0,0,26.0,45.6,66.1,74.1,71.0
Curaçao,Riechedly Bazoer,"CDM, CM",73,72,58,66,68,68,74,65.2,69.0,70.4,67.0,73.0,0.469150641025641,0,0,MID,0,0,1,0,0,0,1.0,68.8,69.0,65.19999999999999,1898.0
Curaçao,Eloy Room,GK,72,50,11,44,46,11,70,33.2,52.4,34.6,45.0,60.0,0.40905448717948717,0,0,GK,1,0,0,0,0,0,2.0,29.400000000000002,52.4,33.199999999999996,1800.0
Curaçao,Jurgen Locadia,"ST, LW",72,80,74,62,74,28,72,75.8,68.6,45.6,68.0,76.0,0.40905448717948717,0,0,ATT,0,0,0,1,0,0,3.0,43.6,68.6,75.8,1728.0
Curaçao,Armando Obispo,CB,71,68,38,54,56,74,76,52.4,61.2,74.8,55.0,72.0,0.3449519230769231,0,0,DEF,0,1,0,0,0,0,4.0,70.4,61.2,52.400000000000006,1633.0
Curaçao,Leandro Bacuna,"CM, RB",71,72,60,66,68,60,72,66.0,68.39999999999999,64.8,67.0,72.0,0.3449519230769231,0,0,DEF,0,1,0,0,0,0,5.0,63.6,68.39999999999999,66.0,1562.0
Curaçao,Sontje Hansen,"ST, LW",71,78,72,62,72,28,70,73.8,67.4,44.8,67.0,74.0,0.3449519230769231,0,0,ATT,0,0,0,1,0,0,6.0,43.2,67.4,73.8,1491.0
Curaçao,Joshua Brenet,RB,71,74,48,60,64,66,68,60.60000000000001,63.6,66.80000000000001,62.0,71.0,0.3449519230769231,0,0,DEF,0,1,0,0,0,0,7.0,65.2,63.6,60.60000000000001,1420.0
Curaçao,Tahith Chong,"RW, LW",71,84,68,64,78,30,68,75.8,69.4,45.2,71.0,76.0,0.3449519230769231,0,0,ATT,0,0,0,1,0,0,8.0,44.400000000000006,69.4,75.80000000000001,1349.0
Curaçao,Kenji Gorré,"LW, RW",70,82,64,62,76,28,62,73.0,66.2,41.6,69.0,72.0,0.28205128205128205,0,0,ATT,0,0,0,1,0,0,9.0,41.6,66.2,73.0,1260.0
Curaçao,Gervane Kastaneer,"LW, RW",69,82,66,60,74,28,64,73.2,65.4,42.400000000000006,67.0,73.0,0.22956730769230768,0,0,ATT,0,0,0,1,0,0,10.0,41.6,65.4,73.2,1173.0
Curaçao,Juninho Bacuna,"CM, CAM",69,72,66,70,72,52,70,69.6,70.6,59.2,71.0,71.0,0.22956730769230768,0,0,MID,0,0,1,0,0,0,11.0,59.2,70.6,69.6,1104.0
Curaçao,Shurandy Sambo,"CB, LB",68,66,36,50,52,70,72,49.8,57.2,70.8,51.0,69.0,0.18028846153846154,0,0,DEF,0,1,0,0,0,0,12.0,66.4,57.2,49.800000000000004,1020.0
Curaçao,Jurien Gaari,CB,68,62,34,48,50,68,70,47.2,55.2,68.8,49.0,66.0,0.18028846153846154,0,0,DEF,0,1,0,0,0,0,13.0,64.4,55.2,47.2,952.0
Curaçao,Brandley Kuwas,"LW, RW",67,82,66,60,74,28,66,73.2,66.0,43.2,67.0,74.0,0.12740384615384615,0,0,ATT,0,0,0,1,0,0,14.0,42.0,66.0,73.2,871.0
Curaçao,Tyrese Noslin,"RM, RB, LM, RW",66,81,54,59,65,59,67,65.4,63.2,62.2,62.0,74.0,0.08854166666666667,0,0,DEF,0,1,0,0,0,0,15.0,60.599999999999994,63.2,65.4,792.0
Curaçao,Jeremy Antonisse,"CM,CDM",66,66,48,62,58,62,66,56.400000000000006,62.0,63.599999999999994,60.0,66.0,0.08854166666666667,0,0,MID,0,0,1,0,0,0,16.0,62.8,62.0,56.4,726.0
Curaçao,Sherel Floranus,"LB, LW",66,78,50,60,66,62,64,63.199999999999996,63.0,62.8,63.0,71.0,0.08854166666666667,0,0,DEF,0,1,0,0,0,0,17.0,62.0,63.0,63.2,660.0
Curaçao,Kevin Felida,"LW,LM",65,74,58,62,62,32,58,64.0,60.8,42.400000000000006,62.0,66.0,0.05448717948717949,0,0,MID,0,0,1,0,0,0,18.0,43.2,60.8,64.0,585.0
Curaçao,Roshon van Eijma,"CB,LB",65,68,40,54,52,65,67,52.0,57.3,65.8,53.0,67.5,0.05448717948717949,0,0,DEF,0,1,0,0,0,0,19.0,63.2,57.3,52.0,520.0
Curaçao,Deveron Fonville,"ST,LW",65,74,60,54,60,28,62,64.2,58.2,41.6,57.0,68.0,0.05448717948717949,0,0,ATT,0,0,0,1,0,0,20.0,40.0,58.2,64.2,455.0
Curaçao,Rangelo Janga,"ST,LW",65,74,60,54,58,28,60,63.599999999999994,57.0,40.8,56.0,67.0,0.05448717948717949,0,0,ATT,0,0,0,1,0,0,21.0,39.6,57.0,63.6,390.0
Curaçao,Ar'jany Martha,"CB, RB",64,64,36,50,52,70,72,49.2,57.2,70.8,51.0,68.0,0.03205128205128205,0,0,DEF,0,1,0,0,0,0,22.0,66.4,57.2,49.2,320.0
Curaçao,Godfried Roemeratoe,"RB,CB",64,70,42,56,54,64,66,54.0,58.400000000000006,64.8,55.0,68.0,0.03205128205128205,0,0,DEF,0,1,0,0,0,0,23.0,62.800000000000004,58.400000000000006,54.0,256.0
Curaçao,Regillio Simons,"LB,LW",64,70,42,56,54,62,64,54.0,57.8,62.8,55.0,67.0,0.03205128205128205,0,0,DEF,0,1,0,0,0,0,24.0,61.2,57.8,54.0,192.0
Curaçao,Livano Comenencia,"RB, CB, CDM, RM",62,74,43,55,61,57,61,57.7,58.599999999999994,58.599999999999994,58.0,67.5,0.014022435897435898,0,0,DEF,0,1,0,0,0,0,25.0,57.4,58.599999999999994,57.7,124.0
Curaçao,Tyrick Bodak,GK,60,80,62,58,72,28,64,70.4,64.0,42.400000000000006,65.0,72.0,0.008413461538461538,0,0,GK,1,0,0,0,0,0,26.0,41.2,64.0,70.39999999999999,60.0
Czech Republic,Patrik Schick,ST,85,72,83,71,81,38,77,79.1,75.8,53.6,76.0,74.5,0.9507211538461539,1,0,ATT,0,0,0,1,0,1,1.0,52.400000000000006,75.8,79.1,2210.0
Czech Republic,Ladislav Krejčí,"CB, CDM",78,72,68,68,69,76,84,69.5,73.10000000000001,79.2,68.5,78.0,0.7323717948717948,0,0,DEF,0,1,0,0,0,0,2.0,76.0,73.10000000000001,69.5,1950.0
Czech Republic,Lukáš Provod,"CAM, CM, LM",78,76,75,78,78,64,82,76.2,79.2,71.2,78.0,79.0,0.7323717948717948,0,0,MID,0,0,1,0,0,0,3.0,70.4,79.2,76.19999999999999,1872.0
Czech Republic,Tomáš Souček,"CDM, CM",78,45,72,71,68,78,82,62.7,73.39999999999999,79.6,69.5,63.5,0.7323717948717948,0,0,MID,0,0,1,0,0,0,4.0,77.4,73.39999999999999,62.699999999999996,1794.0
Czech Republic,Adam Hložek,"ST, RM, CAM, RW",77,78,78,72,77,31,79,77.69999999999999,75.6,50.2,74.5,78.5,0.6790865384615384,0,0,MID,0,0,1,0,0,0,5.0,48.8,75.6,77.7,1694.0
Czech Republic,Pavel Šulc,"CAM, LM, RM, CM",77,71,73,74,77,39,64,73.6,71.9,49.0,75.5,67.5,0.6790865384615384,0,0,MID,0,0,1,0,0,0,6.0,51.0,71.9,73.6,1617.0
Czech Republic,Jindřich Staněk,GK,76,52,10,43,46,11,73,33.4,52.9,35.800000000000004,44.5,62.5,0.624198717948718,0,0,GK,1,0,0,0,0,0,7.0,29.800000000000004,52.9,33.4,1520.0
Czech Republic,Michal Sadílek,"CDM, CM",76,53,58,75,71,72,79,60.4,75.0,74.8,73.0,66.0,0.624198717948718,0,0,MID,0,0,1,0,0,0,8.0,74.0,75.0,60.400000000000006,1444.0
Czech Republic,Tomáš Holeš,"CB, CDM",76,74,58,69,69,75,80,66.10000000000001,72.3,77.0,69.0,77.0,0.624198717948718,0,0,DEF,0,1,0,0,0,0,9.0,74.8,72.3,66.10000000000001,1368.0
Czech Republic,Matej Kovář,GK,75,51,12,45,48,12,68,34.5,52.8,34.400000000000006,46.5,59.5,0.5765224358974359,0,0,GK,1,0,0,0,0,0,10.0,29.8,52.8,34.5,1275.0
Czech Republic,Tomáš Chorý,ST,75,57,75,60,64,32,88,66.3,69.6,54.400000000000006,62.0,72.5,0.5765224358974359,0,0,ATT,0,0,0,1,0,0,11.0,48.8,69.6,66.3,1200.0
Czech Republic,David Douděra,"RM, RB, RW",74,89,66,65,72,65,67,74.7,67.69999999999999,65.8,68.5,78.0,0.5224358974358975,0,0,DEF,0,1,0,0,0,0,12.0,65.4,67.69999999999999,74.7,1110.0
Czech Republic,Mojmír Chytil,ST,74,73,72,55,68,29,81,71.1,66.7,49.8,61.5,77.0,0.5224358974358975,0,0,ATT,0,0,0,1,0,0,13.0,44.599999999999994,66.7,71.1,1036.0
Czech Republic,David Zima,CB,74,76,38,54,62,75,75,56.599999999999994,62.7,75.0,58.0,75.5,0.5224358974358975,0,0,DEF,0,1,0,0,0,0,14.0,70.8,62.7,56.599999999999994,962.0
Czech Republic,Lukáš Červ,"CDM, CM",74,69,65,67,69,71,78,67.4,70.9,73.80000000000001,68.0,73.5,0.5224358974358975,0,0,MID,0,0,1,0,0,0,15.0,71.60000000000001,70.9,67.4,888.0
Czech Republic,Vladimír Coufal,"RB, RM",73,58,56,70,70,74,71,60.800000000000004,70.3,72.8,70.0,64.5,0.469150641025641,0,0,DEF,0,1,0,0,0,0,16.0,72.6,70.3,60.8,803.0
Czech Republic,Lukáš Horníček,GK,73,48,10,40,42,10,68,31.0,49.0,33.2,41.0,58.0,0.469150641025641,0,0,GK,1,0,0,0,0,0,17.0,27.6,49.0,31.0,730.0
Czech Republic,David Jurásek,"LB, LM",73,83,61,68,72,67,74,70.9,71.0,69.8,70.0,78.5,0.469150641025641,0,0,DEF,0,1,0,0,0,0,18.0,68.6,71.0,70.89999999999999,657.0
Czech Republic,Jan Kuchta,"ST, RW, LW",73,77,71,64,71,34,80,72.8,70.9,52.4,67.5,78.5,0.469150641025641,0,0,ATT,0,0,0,1,0,0,19.0,49.2,70.9,72.8,584.0
Czech Republic,Vladimír Darida,"CM,CAM",72,72,62,70,68,50,62,66.8,67.0,54.8,69.0,67.0,0.40905448717948717,0,0,MID,0,0,1,0,0,0,20.0,56.4,67.0,66.8,504.0
Czech Republic,Jaroslav Zelený,"CB, LB, LM",72,74,62,69,70,71,75,68.0,71.1,72.6,69.5,74.5,0.40905448717948717,0,0,DEF,0,1,0,0,0,0,21.0,71.4,71.1,68.0,432.0
Czech Republic,Robin Hranáč,CB,71,75,38,51,52,70,76,53.3,58.8,72.4,51.5,75.5,0.3449519230769231,0,0,DEF,0,1,0,0,0,0,22.0,67.4,58.8,53.300000000000004,355.0
Czech Republic,Štěpán Chaloupek,CB,70,69,34,52,57,68,76,51.4,60.7,71.2,54.5,72.5,0.28205128205128205,0,0,DEF,0,1,0,0,0,0,23.0,66.4,60.7,51.39999999999999,280.0
Czech Republic,Denis Višinský,"LW, CAM, RW, LM",68,76,61,65,69,47,59,67.9,64.4,51.8,67.0,67.5,0.18028846153846154,0,0,MID,0,0,1,0,0,0,24.0,53.0,64.4,67.9,204.0
Czech Republic,Alexandr Šojka,"CM,CDM",68,64,46,62,58,64,68,55.0,62.6,65.6,60.0,66.0,0.18028846153846154,0,0,MID,0,0,1,0,0,0,25.0,64.4,62.6,55.0,136.0
Czech Republic,Hugo Sochůrek,GK,65,44,10,38,40,11,60,29.2,45.2,30.6,39.0,52.0,0.05448717948717949,0,0,GK,1,0,0,0,0,0,26.0,26.200000000000003,45.2,29.2,65.0
Democratic Republic of the Congo,Yoane Wissa,ST,82,85,82,70,80,31,71,82.30000000000001,73.3,47.0,75.0,78.0,0.8854166666666666,0,0,ATT,0,0,0,1,0,0,1.0,46.8,73.3,82.30000000000001,2132.0
Democratic Republic of the Congo,Simon Banza,"ST, LW",81,80,74,60,70,28,72,74.6,66.6,45.6,65.0,76.0,0.8553685897435898,0,0,ATT,0,0,0,1,0,0,2.0,43.2,66.6,74.6,2025.0
Democratic Republic of the Congo,Aaron Wan-Bissaka,"RB, RM",80,80,51,69,77,78,73,67.5,72.6,76.0,73.0,76.5,0.8221153846153846,0,0,DEF,0,1,0,0,0,0,3.0,75.2,72.6,67.5,1920.0
Democratic Republic of the Congo,Cédric Bakambu,ST,77,78,78,68,72,40,68,76.19999999999999,69.19999999999999,51.2,70.0,73.0,0.6790865384615384,0,0,ATT,0,0,0,1,0,0,4.0,51.2,69.19999999999999,76.2,1771.0
Democratic Republic of the Congo,Chancel Mbemba,CB,75,70,40,54,56,78,80,53.8,62.400000000000006,78.8,55.0,75.0,0.5765224358974359,0,0,DEF,0,1,0,0,0,0,5.0,73.6,62.400000000000006,53.8,1650.0
Democratic Republic of the Congo,Ngal'ayel Mukau,"CDM, CM",74,69,57,65,71,70,75,64.8,69.8,72.0,68.0,72.0,0.5224358974358975,0,0,MID,0,0,1,0,0,0,6.0,70.0,69.8,64.8,1554.0
Democratic Republic of the Congo,Gael Kakuta,"CM,LW",74,78,68,72,76,44,64,73.4,70.8,52.0,74.0,71.0,0.5224358974358975,0,0,MID,0,0,1,0,0,0,7.0,53.6,70.8,73.4,1480.0
Democratic Republic of the Congo,Noah Sadiki,"CB, CDM",74,70,38,56,58,74,74,53.6,62.0,74.0,57.0,72.0,0.5224358974358975,0,0,DEF,0,1,0,0,0,0,8.0,70.4,62.0,53.6,1406.0
Democratic Republic of the Congo,Joris Kayembe,"RW, LW",74,80,64,62,72,28,66,71.2,66.2,43.2,67.0,73.0,0.5224358974358975,0,0,ATT,0,0,0,1,0,0,9.0,42.4,66.2,71.2,1332.0
Democratic Republic of the Congo,Arthur Masuaku,"LB,LM",73,76,52,68,70,66,68,64.6,68.6,66.80000000000001,69.0,72.0,0.469150641025641,0,0,DEF,0,1,0,0,0,0,10.0,66.80000000000001,68.6,64.6,1241.0
Democratic Republic of the Congo,Axel Tuanzebe,"RB, CB",73,76,36,64,68,73,75,57.599999999999994,68.5,73.8,66.0,75.5,0.469150641025641,0,0,DEF,0,1,0,0,0,0,11.0,71.6,68.5,57.6,1168.0
Democratic Republic of the Congo,Fiston Mayele,ST,72,74,68,58,62,30,66,68.0,61.599999999999994,44.400000000000006,60.0,70.0,0.40905448717948717,0,0,ATT,0,0,0,1,0,0,12.0,42.800000000000004,61.599999999999994,68.0,1080.0
Democratic Republic of the Congo,Theo Bongonda,"LW,RW",72,80,64,66,72,30,60,71.2,66.0,42.0,69.0,70.0,0.40905448717948717,0,0,ATT,0,0,0,1,0,0,13.0,43.2,66.0,71.2,1008.0
Democratic Republic of the Congo,Timothy Fayulu,GK,72,48,12,44,46,12,66,33.0,51.2,33.6,45.0,57.0,0.40905448717948717,0,0,GK,1,0,0,0,0,0,14.0,29.2,51.2,33.0,936.0
Democratic Republic of the Congo,Samuel Moutoussamy,"CM,CDM",71,68,52,66,62,64,70,59.8,66.0,66.4,64.0,69.0,0.3449519230769231,0,0,MID,0,0,1,0,0,0,15.0,65.6,66.0,59.8,852.0
Democratic Republic of the Congo,Dylan Batubinsika,CB,71,72,38,54,56,76,76,53.599999999999994,61.2,76.0,55.0,74.0,0.3449519230769231,0,0,DEF,0,1,0,0,0,0,16.0,71.60000000000001,61.2,53.599999999999994,781.0
Democratic Republic of the Congo,Steve Kapuadi,CB,71,65,33,45,50,70,83,47.7,57.9,75.2,47.5,74.0,0.3449519230769231,0,0,DEF,0,1,0,0,0,0,17.0,67.6,57.9,47.7,710.0
Democratic Republic of the Congo,Meschak Elia,"LW,ST",71,82,66,64,70,32,60,72.0,64.6,43.2,67.0,71.0,0.3449519230769231,0,0,ATT,0,0,0,1,0,0,18.0,44.0,64.6,72.0,639.0
Democratic Republic of the Congo,Lionel Mpasi,"LW, RW",71,72,68,67,70,35,69,69.8,68.5,48.6,68.5,70.5,0.3449519230769231,0,0,ATT,0,0,0,1,0,0,19.0,48.199999999999996,68.5,69.8,568.0
Democratic Republic of the Congo,Edo Kayembe,"CM, LW",71,76,60,66,68,50,66,67.2,66.6,56.400000000000006,67.0,71.0,0.3449519230769231,0,0,MID,0,0,1,0,0,0,20.0,56.400000000000006,66.6,67.19999999999999,497.0
Democratic Republic of the Congo,Gedeon Kalulu,"RW,LW",71,80,64,64,70,30,60,70.6,64.6,42.0,67.0,70.0,0.3449519230769231,0,0,ATT,0,0,0,1,0,0,21.0,42.8,64.6,70.6,426.0
Democratic Republic of the Congo,Charles Pickel,"CDM, CM",71,68,52,64,64,68,72,60.4,66.39999999999999,69.6,64.0,70.0,0.3449519230769231,0,0,MID,0,0,1,0,0,0,22.0,68.0,66.39999999999999,60.400000000000006,355.0
Democratic Republic of the Congo,Nathanael Mbuku,"RM, ST, RW",70,73,63,68,74,35,53,69.30000000000001,65.30000000000001,42.2,71.0,63.0,0.28205128205128205,0,0,MID,0,0,1,0,0,0,23.0,45.2,65.30000000000001,69.3,280.0
Democratic Republic of the Congo,Matthieu Epolo,GK,70,46,11,42,44,12,64,31.4,49.2,32.8,43.0,55.0,0.28205128205128205,0,0,GK,1,0,0,0,0,0,24.0,28.4,49.2,31.4,210.0
Democratic Republic of the Congo,Aaron Tshibola,"CDM,CM",70,68,50,65,62,66,72,58.99999999999999,66.19999999999999,68.4,63.5,70.0,0.28205128205128205,0,0,MID,0,0,1,0,0,0,25.0,67.0,66.19999999999999,59.0,140.0
Democratic Republic of the Congo,Brian Cipenga,LB,66,70,42,56,58,66,66,55.2,59.599999999999994,66.0,57.0,68.0,0.08854166666666667,0,0,DEF,0,1,0,0,0,0,26.0,64.0,59.599999999999994,55.199999999999996,66.0
Ecuador,Moisés Caicedo,"CDM, CM",87,82,66,78,78,80,80,74.39999999999999,78.6,80.0,78.0,81.0,0.9743589743589743,1,0,MID,0,0,1,0,0,1,1.0,79.6,78.6,74.4,2262.0
Ecuador,Willian Pacho,CB,86,74,40,56,58,80,78,55.599999999999994,63.199999999999996,79.2,57.0,76.0,0.9639423076923077,1,0,DEF,0,1,0,0,0,1,2.0,74.8,63.199999999999996,55.6,2150.0
Ecuador,Piero Hincapié,"CB, LB",83,80,44,60,66,80,78,61.400000000000006,67.19999999999999,79.2,63.0,79.0,0.9118589743589743,0,0,DEF,0,1,0,0,0,0,3.0,75.6,67.19999999999999,61.400000000000006,1992.0
Ecuador,Pervis Estupiñán,LB,79,86,58,70,76,72,72,71.8,72.39999999999999,72.0,73.0,79.0,0.7772435897435898,0,0,DEF,0,1,0,0,0,0,4.0,71.6,72.39999999999999,71.8,1817.0
Ecuador,Felix Torres,CB,77,72,44,62,58,77,78,56.599999999999994,65.6,77.4,60.0,75.0,0.6790865384615384,0,0,DEF,0,1,0,0,0,0,5.0,74.2,65.6,56.6,1694.0
Ecuador,Joel Ordóñez,CB,75,72,38,54,56,76,76,53.599999999999994,61.2,76.0,55.0,74.0,0.5765224358974359,0,0,DEF,0,1,0,0,0,0,6.0,71.60000000000001,61.2,53.599999999999994,1575.0
Ecuador,Ángelo Preciado,RB,75,78,52,62,66,70,72,64.0,66.2,70.8,64.0,75.0,0.5765224358974359,0,0,DEF,0,1,0,0,0,0,7.0,68.8,66.2,64.0,1500.0
Ecuador,Hernán Galíndez,GK,74,48,11,42,44,11,70,32.0,51.0,34.6,43.0,59.0,0.5224358974358975,0,0,GK,1,0,0,0,0,0,8.0,29.0,51.0,31.999999999999996,1406.0
Ecuador,Gonzalo Plata,"RW,LW",74,84,68,68,74,34,62,74.60000000000001,68.0,45.2,71.0,73.0,0.5224358974358975,0,0,ATT,0,0,0,1,0,0,9.0,46.4,68.0,74.60000000000001,1332.0
Ecuador,Kendry Páez,"CAM, CM",73,76,68,74,80,40,62,74.0,72.2,48.8,77.0,69.0,0.469150641025641,0,0,MID,0,0,1,0,0,0,10.0,51.2,72.2,74.0,1241.0
Ecuador,Alexander Domínguez,GK,73,48,12,44,46,13,67,33.0,51.5,34.6,45.0,57.5,0.469150641025641,0,0,GK,1,0,0,0,0,0,11.0,30.0,51.5,33.0,1168.0
Ecuador,Jeremy Sarmiento,"LW,CAM",72,78,62,68,68,34,58,68.6,65.0,43.6,68.0,68.0,0.40905448717948717,0,0,MID,0,0,1,0,0,0,12.0,45.6,65.0,68.6,1080.0
Ecuador,Alan Franco,"CM,CDM",72,68,50,66,62,66,70,58.99999999999999,66.0,67.6,64.0,69.0,0.40905448717948717,0,0,MID,0,0,1,0,0,0,13.0,66.8,66.0,59.0,1008.0
Ecuador,Jackson Porozo,CB,72,70,42,58,56,72,74,54.6,62.2,72.8,57.0,72.0,0.40905448717948717,0,0,DEF,0,1,0,0,0,0,14.0,69.6,62.2,54.599999999999994,936.0
Ecuador,Kevin Rodríguez,"RW, LW",72,83,67,61,74,33,69,73.9,67.3,47.400000000000006,67.5,76.0,0.40905448717948717,0,0,ATT,0,0,0,1,0,0,15.0,45.800000000000004,67.3,73.9,864.0
Ecuador,John Yeboah,"RW, LW",70,82,68,62,76,28,66,74.6,67.4,43.2,69.0,74.0,0.28205128205128205,0,0,ATT,0,0,0,1,0,0,16.0,42.4,67.4,74.6,770.0
Ecuador,Alan Minda,"LW, ST",70,80,68,60,72,28,66,72.8,65.39999999999999,43.2,66.0,73.0,0.28205128205128205,0,0,ATT,0,0,0,1,0,0,17.0,42.0,65.39999999999999,72.8,700.0
Ecuador,Jeremy Arevalo,"CM,CDM",70,68,52,66,62,64,70,59.8,66.0,66.4,64.0,69.0,0.28205128205128205,0,0,MID,0,0,1,0,0,0,18.0,65.6,66.0,59.8,630.0
Ecuador,Yaimar Medina,RB,70,76,48,60,62,68,68,60.599999999999994,62.99999999999999,68.0,61.0,72.0,0.28205128205128205,0,0,DEF,0,1,0,0,0,0,19.0,66.4,62.99999999999999,60.599999999999994,560.0
Ecuador,Gonzalo Valle,CB,70,64,36,50,52,72,72,49.2,57.2,72.0,51.0,68.0,0.28205128205128205,0,0,DEF,0,1,0,0,0,0,20.0,67.6,57.2,49.2,490.0
Ecuador,Jordy Alcívar,"CM, CDM",68,70,56,68,68,66,68,63.8,68.0,66.80000000000001,68.0,69.0,0.18028846153846154,0,0,MID,0,0,1,0,0,0,21.0,66.80000000000001,68.0,63.800000000000004,408.0
Ecuador,Nilson Angulo,"LW, LB",67,80,62,64,72,56,66,70.4,67.0,60.0,68.0,73.0,0.12740384615384615,0,0,DEF,0,1,0,0,0,0,22.0,59.60000000000001,67.0,70.39999999999999,335.0
Ecuador,Anthony Valencia,"RW, ST",67,84,72,62,76,30,72,76.8,69.2,46.8,69.0,78.0,0.12740384615384615,0,0,ATT,0,0,0,1,0,0,23.0,44.8,69.2,76.8,268.0
Ecuador,Denil Castillo,LB,67,76,46,60,64,68,68,60.400000000000006,63.6,68.0,62.0,72.0,0.12740384615384615,0,0,DEF,0,1,0,0,0,0,24.0,66.4,63.6,60.400000000000006,201.0
Ecuador,Moisés Ramírez,GK,67,44,11,40,42,11,61,30.2,46.900000000000006,31.0,41.0,52.5,0.12740384615384615,0,0,GK,1,0,0,0,0,0,25.0,26.8,46.900000000000006,30.200000000000003,134.0
Ecuador,Jordy Caicedo,ST,66,72,72,54,64,28,74,69.6,63.0,46.400000000000006,59.0,73.0,0.08854166666666667,0,0,ATT,0,0,0,1,0,0,26.0,42.400000000000006,63.0,69.6,66.0
Egypt,Mohamed Salah,"RW, ST",91,90,89,82,90,46,74,89.6,82.0,57.2,86.0,82.0,0.999198717948718,1,1,ATT,0,0,0,1,1,1,1.0,58.8,82.0,89.6,2366.0
Egypt,Omar Marmoush,"ST, LW",84,84,82,74,82,32,72,82.60000000000001,75.8,48.0,78.0,78.0,0.9314903846153846,0,0,ATT,0,0,0,1,0,0,2.0,48.400000000000006,75.8,82.6,2100.0
Egypt,Mohamed El Shenawy,GK,79,50,11,44,46,11,72,33.2,53.0,35.4,45.0,61.0,0.7772435897435898,0,0,GK,1,0,0,0,0,0,3.0,29.8,53.0,33.199999999999996,1896.0
Egypt,Ahmed Sayed Zizo,"CAM, LW",78,76,66,68,74,34,64,71.4,68.60000000000001,46.0,71.0,70.0,0.7323717948717948,0,0,MID,0,0,1,0,0,0,4.0,46.800000000000004,68.60000000000001,71.4,1794.0
Egypt,Emam Ashour,"CM, CDM",76,70,58,68,68,66,70,64.6,68.6,67.6,68.0,70.0,0.624198717948718,0,0,MID,0,0,1,0,0,0,5.0,67.2,68.6,64.6,1672.0
Egypt,Mahmoud Hassan Trezeguet,"RW, CAM",76,84,72,68,78,32,68,77.4,71.0,46.400000000000006,73.0,76.0,0.624198717948718,0,0,MID,0,0,1,0,0,0,6.0,46.4,71.0,77.4,1596.0
Egypt,Mostafa Mohamed,ST,76,74,74,62,66,34,72,71.60000000000001,66.2,49.2,64.0,73.0,0.624198717948718,0,0,ATT,0,0,0,1,0,0,7.0,47.199999999999996,66.2,71.6,1520.0
Egypt,Ahmed Fattouh,RB,75,72,46,58,62,66,68,58.599999999999994,62.199999999999996,66.80000000000001,60.0,70.0,0.5765224358974359,0,0,DEF,0,1,0,0,0,0,8.0,64.80000000000001,62.199999999999996,58.599999999999994,1425.0
Egypt,Hamdy Fathy,"RW, LW",75,78,66,64,74,30,66,72.0,67.6,44.400000000000006,69.0,72.0,0.5765224358974359,0,0,ATT,0,0,0,1,0,0,9.0,44.0,67.6,72.0,1350.0
Egypt,Ahmed Hegazi,CB,74,68,42,58,56,74,78,54.0,63.4,75.6,57.0,73.0,0.5224358974358975,0,0,DEF,0,1,0,0,0,0,10.0,71.6,63.4,54.0,1258.0
Egypt,Ibrahim Adel,"RW, LW",74,82,70,64,76,30,64,75.39999999999999,67.60000000000001,43.6,70.0,73.0,0.5224358974358975,0,0,ATT,0,0,0,1,0,0,11.0,43.6,67.60000000000001,75.39999999999999,1184.0
Egypt,Mohamed Abdelmonem,CB,74,62,40,63,61,74,74,52.89999999999999,65.7,74.0,62.0,68.0,0.5224358974358975,0,0,DEF,0,1,0,0,0,0,12.0,71.80000000000001,65.7,52.89999999999999,1110.0
Egypt,Yasser Ibrahim,CB,73,64,36,50,52,72,72,49.2,57.2,72.0,51.0,68.0,0.469150641025641,0,0,DEF,0,1,0,0,0,0,13.0,67.6,57.2,49.2,1022.0
Egypt,Mohamed Hany,"CB, LB",73,68,38,52,54,74,74,51.8,59.2,74.0,53.0,71.0,0.469150641025641,0,0,DEF,0,1,0,0,0,0,14.0,69.60000000000001,59.2,51.8,949.0
Egypt,Marwan Hamdy,"ST,LW",72,76,68,62,66,32,64,69.8,63.8,44.8,64.0,70.0,0.40905448717948717,0,0,ATT,0,0,0,1,0,0,15.0,44.4,63.8,69.8,864.0
Egypt,Ramadan Sobhi,"CM,CAM",72,76,64,70,72,40,62,70.0,68.19999999999999,48.8,71.0,69.0,0.40905448717948717,0,0,MID,0,0,1,0,0,0,16.0,50.4,68.19999999999999,70.0,792.0
Egypt,Karim Hafez,CB,72,62,34,48,50,70,72,47.2,55.8,70.8,49.0,67.0,0.40905448717948717,0,0,DEF,0,1,0,0,0,0,17.0,66.0,55.8,47.2,720.0
Egypt,Mohannad Lasheen,ST,70,72,66,58,62,30,64,66.6,61.0,43.6,60.0,68.0,0.28205128205128205,0,0,ATT,0,0,0,1,0,0,18.0,42.400000000000006,61.0,66.6,630.0
Egypt,Nabil Emad,"CDM,CM",70,66,48,64,60,66,70,57.0,64.6,67.6,62.0,68.0,0.28205128205128205,0,0,MID,0,0,1,0,0,0,19.0,66.4,64.6,57.0,560.0
Egypt,Hamza Abdel-Karim,"LB,CB",70,70,44,60,56,68,70,55.400000000000006,61.8,68.8,58.0,70.0,0.28205128205128205,0,0,DEF,0,1,0,0,0,0,20.0,66.8,61.8,55.400000000000006,490.0
Egypt,Ali Gabr,CB,70,66,38,54,52,70,74,50.6,59.400000000000006,71.6,53.0,70.0,0.28205128205128205,0,0,DEF,0,1,0,0,0,0,21.0,67.6,59.400000000000006,50.6,420.0
Egypt,El-Mahdi Soliman,"CDM,CM",69,64,44,62,58,64,70,54.2,63.2,66.4,60.0,67.0,0.22956730769230768,0,0,MID,0,0,1,0,0,0,22.0,64.8,63.2,54.199999999999996,345.0
Egypt,Marwan Attia,GK,68,44,11,40,42,12,62,30.2,47.2,32.0,41.0,53.0,0.18028846153846154,0,0,GK,1,0,0,0,0,0,23.0,27.6,47.2,30.200000000000003,272.0
Egypt,Mahmoud Saber,RB,68,72,46,60,60,64,66,58.0,61.8,64.8,60.0,69.0,0.18028846153846154,0,0,DEF,0,1,0,0,0,0,24.0,63.6,61.8,58.0,204.0
Egypt,Mohamed Alaa,"RB,CB",68,70,44,58,58,65,66,56.0,60.400000000000006,65.4,58.0,68.0,0.18028846153846154,0,0,DEF,0,1,0,0,0,0,25.0,63.800000000000004,60.400000000000006,56.0,136.0
Egypt,Rami Rabia,GK,67,50,11,42,44,11,70,32.6,51.0,34.6,43.0,60.0,0.12740384615384615,0,0,GK,1,0,0,0,0,0,26.0,29.0,51.0,32.599999999999994,67.0
England,Jude Victor William Bellingham,"CAM, CM",90,80,86,83,90,78,85,85.4,85.7,80.8,86.5,82.5,0.9963942307692307,1,1,MID,0,0,1,0,1,1,1.0,80.4,85.7,85.4,2340.0
England,Harry Kane,"ST, CF",89,68,91,84,82,42,82,81.4,82.8,58.0,83.0,75.0,0.9895833333333334,1,0,ATT,0,0,0,1,1,1,2.0,58.400000000000006,82.8,81.39999999999999,2225.0
England,Bukayo Saka,"RW, RM",88,84,82,85,88,60,73,84.4,82.3,65.2,86.5,78.5,0.9819711538461539,1,0,MID,0,0,1,0,1,1,3.0,67.6,82.3,84.4,2112.0
England,Declan Rice,"CDM, CM",87,72,73,84,80,83,83,74.8,82.5,83.0,82.0,77.5,0.9743589743589743,1,0,MID,0,0,1,0,0,1,4.0,83.2,82.5,74.8,2001.0
England,Ollie Watkins,"ST, LW",84,82,80,70,74,32,74,78.8,72.4,48.8,72.0,78.0,0.9314903846153846,0,0,ATT,0,0,0,1,0,0,5.0,48.0,72.4,78.8,1848.0
England,Jordan Pickford,GK,84,54,12,48,50,12,72,36.0,55.8,36.0,49.0,63.0,0.9314903846153846,0,0,GK,1,0,0,0,0,0,6.0,31.200000000000003,55.8,36.0,1764.0
England,Anthony Gordon,"LW, RW",83,84,72,68,78,34,68,77.4,71.0,47.6,73.0,76.0,0.9118589743589743,0,0,ATT,0,0,0,1,0,0,7.0,47.6,71.0,77.4,1660.0
England,Eberechi Eze,"CAM, CM",83,78,76,74,80,34,66,77.80000000000001,73.4,46.8,77.0,72.0,0.9118589743589743,0,0,MID,0,0,1,0,0,0,8.0,48.400000000000006,73.4,77.8,1577.0
England,Ezri Konsa,"CB, RB",82,76,40,56,58,78,78,56.2,63.199999999999996,78.0,57.0,77.0,0.8854166666666666,0,0,DEF,0,1,0,0,0,0,9.0,73.6,63.199999999999996,56.199999999999996,1476.0
England,Morgan Rogers,"CAM, LW",82,78,68,68,76,40,68,73.4,70.4,51.2,72.0,73.0,0.8854166666666666,0,0,MID,0,0,1,0,0,0,10.0,51.2,70.4,73.4,1394.0
England,Marc Guéhi,CB,82,75,40,64,71,83,79,59.8,70.60000000000001,81.4,67.5,77.0,0.8854166666666666,0,0,DEF,0,1,0,0,0,0,11.0,78.39999999999999,70.60000000000001,59.8,1312.0
England,John Stones,"CB, RB",82,64,58,74,75,84,72,64.9,73.7,79.2,74.5,68.0,0.8854166666666666,0,0,DEF,0,1,0,0,0,0,12.0,79.6,73.7,64.9,1230.0
England,Reece James,RB,81,76,71,82,77,81,81,74.3,80.2,81.0,79.5,78.5,0.8553685897435898,0,0,DEF,0,1,0,0,0,0,13.0,81.2,80.2,74.3,1134.0
England,Ivan Toney,ST,81,66,78,64,66,32,82,70.8,70.0,52.0,65.0,74.0,0.8553685897435898,0,0,ATT,0,0,0,1,0,0,14.0,48.400000000000006,70.0,70.8,1053.0
England,Dean Henderson,GK,81,54,11,44,46,11,72,34.4,53.0,35.4,45.0,63.0,0.8553685897435898,0,0,GK,1,0,0,0,0,0,15.0,29.8,53.0,34.4,972.0
England,Tino Livramento,RB,80,80,52,62,68,70,70,65.2,66.2,70.0,65.0,75.0,0.8221153846153846,0,0,DEF,0,1,0,0,0,0,16.0,68.4,66.2,65.19999999999999,880.0
England,Marcus Rashford,"LM, LW, ST",80,87,82,77,80,33,63,82.9,73.69999999999999,45.0,78.5,75.0,0.8221153846153846,0,0,MID,0,0,1,0,0,0,17.0,47.800000000000004,73.69999999999999,82.9,800.0
England,Noni Madueke,"RW, LW",80,84,72,66,78,30,66,77.4,69.6,44.400000000000006,72.0,75.0,0.8221153846153846,0,0,ATT,0,0,0,1,0,0,18.0,44.400000000000006,69.6,77.4,720.0
England,Elliot Anderson,"CM, CDM",80,72,60,68,68,64,72,66.0,69.2,67.2,68.0,72.0,0.8221153846153846,0,0,MID,0,0,1,0,0,0,19.0,66.4,69.2,66.0,640.0
England,Dan Burn,"CB, LB",79,60,36,52,52,74,82,48.0,61.0,77.2,52.0,71.0,0.7772435897435898,0,0,DEF,0,1,0,0,0,0,20.0,71.2,61.0,48.0,553.0
England,Jordan Henderson,"CM, CDM",79,66,60,74,68,70,74,64.2,72.2,71.6,71.0,70.0,0.7772435897435898,0,0,MID,0,0,1,0,0,0,21.0,71.6,72.2,64.19999999999999,474.0
England,Djed Spence,"RB, RM",78,82,50,60,66,68,70,64.39999999999999,64.8,68.8,63.0,76.0,0.7323717948717948,0,0,DEF,0,1,0,0,0,0,22.0,66.8,64.8,64.39999999999999,390.0
England,Kobbie Mainoo,"CM, CDM",77,68,69,74,81,73,74,72.30000000000001,76.10000000000001,73.4,77.5,71.0,0.6790865384615384,0,0,MID,0,0,1,0,0,0,23.0,73.39999999999999,76.10000000000001,72.3,308.0
England,James Trafford,GK,76,52,11,44,46,11,72,33.8,53.0,35.4,45.0,62.0,0.624198717948718,0,0,GK,1,0,0,0,0,0,24.0,29.8,53.0,33.8,228.0
England,Jarell Quansah,CB,75,72,38,54,56,76,76,53.599999999999994,61.2,76.0,55.0,74.0,0.5765224358974359,0,0,DEF,0,1,0,0,0,0,25.0,71.60000000000001,61.2,53.599999999999994,150.0
England,Nico O'Reilly,"LB, CM, CAM",73,73,66,72,73,69,70,70.19999999999999,71.7,69.4,72.5,71.5,0.469150641025641,0,0,DEF,0,1,0,0,0,0,26.0,69.8,71.7,70.19999999999999,73.0
France,Kylian Mbappé,"ST, LW",91,96,92,84,92,44,78,93.2,84.6,57.6,88.0,87.0,0.999198717948718,1,1,ATT,0,0,0,1,1,1,1.0,58.8,84.6,93.19999999999999,2366.0
France,Ousmane Dembélé,"RW, LW",90,92,80,78,86,36,68,85.39999999999999,77.4,48.8,82.0,80.0,0.9963942307692307,1,1,ATT,0,0,0,1,1,1,2.0,50.800000000000004,77.4,85.39999999999999,2250.0
France,Jules Koundé,"CB, RB",87,82,56,70,74,84,78,69.2,73.6,81.6,72.0,80.0,0.9743589743589743,1,0,DEF,0,1,0,0,0,1,3.0,80.0,73.6,69.2,2088.0
France,William Saliba,CB,87,76,42,64,64,87,82,58.8,69.39999999999999,85.0,64.0,79.0,0.9743589743589743,1,0,DEF,0,1,0,0,0,1,4.0,81.39999999999999,69.39999999999999,58.8,2001.0
France,Mike Maignan,GK,87,58,13,50,52,13,76,38.2,58.400000000000006,38.2,51.0,67.0,0.9743589743589743,1,0,GK,1,0,0,0,0,1,5.0,33.0,58.400000000000006,38.199999999999996,1914.0
France,Ibrahima Konaté,CB,86,77,34,63,69,86,85,57.39999999999999,71.4,85.6,66.0,81.0,0.9639423076923077,1,0,DEF,0,1,0,0,0,1,6.0,81.19999999999999,71.4,57.400000000000006,1806.0
France,Dayot Upamecano,CB,86,78,45,69,71,86,86,62.699999999999996,74.7,86.0,70.0,82.0,0.9639423076923077,1,0,DEF,0,1,0,0,0,1,7.0,82.6,74.7,62.7,1720.0
France,Michael Olise,"RW, CAM",86,82,80,78,84,34,68,81.8,76.80000000000001,47.6,81.0,75.0,0.9639423076923077,1,0,MID,0,0,1,0,0,1,8.0,49.6,76.80000000000001,81.8,1634.0
France,Désiré Doué,"RW, LW, CM, RM",85,83,80,77,90,55,74,83.9,80.0,62.6,83.5,78.5,0.9507211538461539,1,0,MID,0,0,1,0,0,1,9.0,63.199999999999996,80.0,83.9,1530.0
France,Adrien Rabiot,"CM, CDM",85,74,76,81,81,79,83,76.9,81.6,80.6,81.0,78.5,0.9507211538461539,1,0,MID,0,0,1,0,0,1,10.0,80.2,81.6,76.9,1445.0
France,Marcus Thuram,"ST, LW",85,86,83,76,82,50,80,83.6,79.0,62.0,79.0,83.0,0.9507211538461539,1,0,ATT,0,0,0,1,0,1,11.0,61.2,79.0,83.6,1360.0
France,N'Golo Kanté,"CDM, CM",85,77,65,73,80,85,79,73.1,76.9,82.6,76.5,78.0,0.9507211538461539,1,0,MID,0,0,1,0,0,1,12.0,81.4,76.9,73.1,1275.0
France,Aurélien Tchouaméni,"CDM, CB",84,74,56,72,72,82,82,66.2,75.0,82.0,72.0,78.0,0.9314903846153846,0,0,DEF,0,1,0,0,0,0,13.0,80.0,75.0,66.2,1176.0
France,Théo Hernandez,LB,84,90,68,72,78,66,76,77.6,75.0,70.0,75.0,83.0,0.9314903846153846,0,0,DEF,0,1,0,0,0,0,14.0,69.2,75.0,77.6,1092.0
France,Bradley Barcola,"LW, RW, LM",84,90,77,78,84,39,66,83.0,76.2,49.8,81.0,78.0,0.9314903846153846,0,0,MID,0,0,1,0,0,0,15.0,52.2,76.2,83.0,1008.0
France,Jean-Philippe Mateta,ST,82,75,84,70,77,41,81,79.2,75.39999999999999,57.0,73.5,78.0,0.8854166666666666,0,0,ATT,0,0,0,1,0,0,16.0,54.8,75.39999999999999,79.2,902.0
France,Lucas Hernández,"LB, CB",81,81,63,75,74,80,79,71.7,75.9,79.6,74.5,80.0,0.8553685897435898,0,0,DEF,0,1,0,0,0,0,17.0,78.8,75.9,71.7,810.0
France,Rayan Cherki,"CAM, LW",81,78,74,76,82,36,62,77.6,73.6,46.4,79.0,70.0,0.8553685897435898,0,0,MID,0,0,1,0,0,0,18.0,49.2,73.6,77.6,729.0
France,Brice Samba,GK,80,52,12,44,46,12,74,34.2,53.599999999999994,36.8,45.0,63.0,0.8221153846153846,0,0,GK,1,0,0,0,0,0,19.0,30.8,53.599999999999994,34.199999999999996,640.0
France,Manu Koné,"CM, CDM",80,80,69,76,81,76,79,75.9,78.4,77.2,78.5,79.5,0.8221153846153846,0,0,MID,0,0,1,0,0,0,20.0,76.60000000000001,78.4,75.9,560.0
France,Maghnes Akliouche,"RM, CAM, RW",80,74,70,78,83,48,62,75.1,74.7,53.599999999999994,80.5,68.0,0.8221153846153846,0,0,MID,0,0,1,0,0,0,21.0,56.8,74.7,75.1,480.0
France,Warren Zaïre-Emery,"CM, CDM, CAM",80,79,68,76,79,75,79,74.60000000000001,77.8,76.6,77.5,79.0,0.8221153846153846,0,0,MID,0,0,1,0,0,0,22.0,76.0,77.8,74.60000000000001,400.0
France,Lucas Digne,"LB, LM",80,69,68,79,76,77,74,70.7,76.60000000000001,75.8,77.5,71.5,0.8221153846153846,0,0,DEF,0,1,0,0,0,0,23.0,76.8,76.60000000000001,70.7,320.0
France,Maxence Lacroix,CB,79,72,38,54,56,78,78,53.599999999999994,61.800000000000004,78.0,55.0,75.0,0.7772435897435898,0,0,DEF,0,1,0,0,0,0,24.0,73.2,61.800000000000004,53.599999999999994,237.0
France,Malo Gusto,"RB, RM",79,84,45,75,78,73,74,66.6,75.6,73.4,76.5,79.0,0.7772435897435898,0,0,DEF,0,1,0,0,0,0,25.0,73.6,75.6,66.6,158.0
France,Robin Risser,GK,72,46,10,38,40,10,66,29.799999999999997,47.0,32.400000000000006,39.0,56.0,0.40905448717948717,0,0,GK,1,0,0,0,0,0,26.0,26.800000000000004,47.0,29.799999999999997,72.0
Germany,Florian Wirtz,"CAM, CM",89,76,80,84,88,40,66,81.2,79.8,50.400000000000006,86.0,71.0,0.9895833333333334,1,0,MID,0,0,1,0,1,1,1.0,54.0,79.8,81.19999999999999,2314.0
Germany,Joshua Kimmich,"CDM, RB",89,72,60,88,82,82,74,70.19999999999999,82.0,78.8,85.0,73.0,0.9895833333333334,1,0,DEF,0,1,0,0,1,1,2.0,81.6,82.0,70.19999999999999,2225.0
Germany,Jamal Musiala,"CAM, LM, CM, ST",88,80,82,80,90,66,65,83.80000000000001,78.5,65.6,85.0,72.5,0.9819711538461539,1,0,MID,0,0,1,0,1,1,3.0,68.6,78.5,83.80000000000001,2112.0
Germany,Jonathan Tah,CB,87,74,42,60,62,84,82,57.599999999999994,67.19999999999999,83.2,61.0,78.0,0.9743589743589743,1,0,DEF,0,1,0,0,0,1,4.0,78.8,67.19999999999999,57.599999999999994,2001.0
Germany,Antonio Rüdiger,CB,86,79,55,72,70,84,86,66.7,75.6,84.8,71.0,82.5,0.9639423076923077,1,0,DEF,0,1,0,0,0,1,5.0,82.0,75.6,66.7,1892.0
Germany,Nico Schlotterbeck,CB,85,74,40,60,62,82,80,56.8,66.6,81.19999999999999,61.0,77.0,0.9507211538461539,1,0,DEF,0,1,0,0,0,1,6.0,77.19999999999999,66.6,56.8,1785.0
Germany,Manuel Neuer,GK,84,58,14,56,58,14,76,40.4,62.599999999999994,38.800000000000004,57.0,67.0,0.9314903846153846,0,0,GK,1,0,0,0,0,0,7.0,34.800000000000004,62.599999999999994,40.4,1680.0
Germany,Angelo Stiller,"CDM, CM",83,56,58,83,84,76,71,65.2,79.7,74.0,83.5,63.5,0.9118589743589743,0,0,MID,0,0,1,0,0,0,8.0,76.4,79.7,65.2,1577.0
Germany,Oliver Baumann,GK,83,52,11,46,48,11,72,34.4,54.39999999999999,35.4,47.0,62.0,0.9118589743589743,0,0,GK,1,0,0,0,0,0,9.0,30.200000000000003,54.39999999999999,34.4,1494.0
Germany,David Raum,"LB, LM",82,86,61,80,79,74,78,73.9,79.1,75.6,79.5,82.0,0.8854166666666666,0,0,DEF,0,1,0,0,0,0,10.0,76.0,79.1,73.9,1394.0
Germany,Felix Nmecha,"CM, CDM",82,76,62,72,72,68,78,69.2,73.8,72.0,72.0,77.0,0.8854166666666666,0,0,MID,0,0,1,0,0,0,11.0,70.8,73.8,69.2,1312.0
Germany,Kai Havertz,"CAM, ST",82,78,80,80,82,56,78,80.0,80.0,64.80000000000001,81.0,78.0,0.8854166666666666,0,0,MID,0,0,1,0,0,0,12.0,65.2,80.0,80.0,1230.0
Germany,Leroy Sané,"RW, LW",82,90,80,80,86,36,70,84.8,78.8,49.599999999999994,83.0,80.0,0.8854166666666666,0,0,ATT,0,0,0,1,0,0,13.0,51.599999999999994,78.8,84.8,1148.0
Germany,Waldemar Anton,CB,82,69,47,67,66,84,84,59.3,71.8,84.0,66.5,76.5,0.8854166666666666,0,0,DEF,0,1,0,0,0,0,14.0,80.60000000000001,71.8,59.3,1066.0
Germany,Leon Goretzka,"CM, CDM",82,72,72,76,74,74,86,72.6,78.4,78.8,75.0,79.0,0.8854166666666666,0,0,MID,0,0,1,0,0,0,15.0,76.8,78.4,72.6,984.0
Germany,Alexander Nübel,GK,81,52,11,44,46,11,72,33.8,53.0,35.4,45.0,62.0,0.8553685897435898,0,0,GK,1,0,0,0,0,0,16.0,29.8,53.0,33.8,891.0
Germany,Nadiem Amiri,"CM, CAM",81,65,79,82,82,62,72,75.7,79.0,66.0,82.0,68.5,0.8553685897435898,0,0,MID,0,0,1,0,0,0,17.0,68.0,79.0,75.7,810.0
Germany,Deniz Undav,"ST, CAM",80,66,82,74,80,33,77,76.60000000000001,76.7,50.6,77.0,71.5,0.8221153846153846,0,0,MID,0,0,1,0,0,0,18.0,50.0,76.7,76.60000000000001,720.0
Germany,Pascal Groß,"CDM, CM",80,48,75,84,79,72,76,68.1,80.1,73.6,81.5,62.0,0.8221153846153846,0,0,MID,0,0,1,0,0,0,19.0,75.2,80.1,68.1,640.0
Germany,Aleksandar Pavlović,"CDM, CM",79,62,64,79,78,76,71,67.6,76.3,74.0,78.5,66.5,0.7772435897435898,0,0,MID,0,0,1,0,0,0,20.0,75.60000000000001,76.3,67.6,553.0
Germany,Maximilian Beier,"ST, RM, LM, RW",79,86,79,68,80,43,62,81.4,69.8,50.6,74.0,74.0,0.7772435897435898,0,0,MID,0,0,1,0,0,0,21.0,51.800000000000004,69.8,81.4,474.0
Germany,Nick Woltemade,"ST, CAM",79,67,78,65,79,41,74,75.0,71.9,54.2,72.0,70.5,0.7772435897435898,0,0,MID,0,0,1,0,0,0,22.0,52.4,71.9,75.0,395.0
Germany,Malick Thiaw,CB,78,76,40,58,60,80,80,56.8,65.2,80.0,59.0,78.0,0.7323717948717948,0,0,DEF,0,1,0,0,0,0,23.0,75.6,65.2,56.8,312.0
Germany,Nathaniel Brown,"LB, LM",77,83,53,71,77,71,51,69.19999999999999,66.8,63.0,74.0,67.0,0.6790865384615384,0,0,DEF,0,1,0,0,0,0,24.0,67.0,66.8,69.2,231.0
Germany,Jamie Leweling,"RM, RW, LM",75,83,71,65,78,46,72,76.69999999999999,71.0,56.4,71.5,77.5,0.5765224358974359,0,0,MID,0,0,1,0,0,0,25.0,55.0,71.0,76.69999999999999,150.0
Germany,Lennart Karl,"CAM, RM, CM",63,69,58,60,69,34,37,64.60000000000001,55.800000000000004,35.2,64.5,53.0,0.021634615384615384,0,0,MID,0,0,1,0,0,0,26.0,39.8,55.800000000000004,64.60000000000001,63.0
Ghana,Iñaki Williams,"ST, LW",83,86,72,64,76,32,74,77.4,70.60000000000001,48.8,70.0,80.0,0.9118589743589743,0,0,ATT,0,0,0,1,0,0,1.0,46.8,70.60000000000001,77.4,2158.0
Ghana,Thomas Partey,"CDM, CM",83,78,64,74,72,80,82,70.6,75.8,80.80000000000001,73.0,80.0,0.9118589743589743,0,0,MID,0,0,1,0,0,0,2.0,79.2,75.8,70.6,2075.0
Ghana,Antoine Semenyo,"LW, RW",80,84,72,64,76,28,70,76.8,69.4,44.8,70.0,77.0,0.8221153846153846,0,0,ATT,0,0,0,1,0,0,3.0,43.6,69.4,76.8,1920.0
Ghana,Abdul Mumin,CB,77,66,36,50,52,72,72,49.8,57.2,72.0,51.0,69.0,0.6790865384615384,0,0,DEF,0,1,0,0,0,0,4.0,67.6,57.2,49.800000000000004,1771.0
Ghana,Baba Abdul Rahman,LB,76,78,46,60,64,68,68,61.0,63.6,68.0,62.0,73.0,0.624198717948718,0,0,DEF,0,1,0,0,0,0,5.0,66.4,63.6,61.0,1672.0
Ghana,Abdul Fatawu Issahaku,"RW, LW",76,84,70,62,76,28,64,76.0,66.8,42.400000000000006,69.0,74.0,0.624198717948718,0,0,ATT,0,0,0,1,0,0,6.0,42.0,66.8,76.0,1596.0
Ghana,Kamaldeen Sulemana,"LW,RW",75,86,66,68,74,34,62,74.4,68.0,45.2,71.0,74.0,0.5765224358974359,0,0,ATT,0,0,0,1,0,0,7.0,46.4,68.0,74.4,1500.0
Ghana,Ernest Nuamah,"LW, RW",75,84,68,60,76,28,68,75.2,67.19999999999999,44.0,68.0,76.0,0.5765224358974359,0,0,ATT,0,0,0,1,0,0,8.0,42.400000000000006,67.19999999999999,75.2,1425.0
Ghana,Mohammed Salisu,CB,74,70,42,58,56,74,76,54.6,62.8,74.8,57.0,73.0,0.5224358974358975,0,0,DEF,0,1,0,0,0,0,9.0,71.2,62.8,54.599999999999994,1332.0
Ghana,Lawrence Ati-Zigi,GK,74,50,12,44,46,12,68,33.6,51.8,34.400000000000006,45.0,59.0,0.5224358974358975,0,0,GK,1,0,0,0,0,0,10.0,29.6,51.8,33.6,1258.0
Ghana,Alidu Seidu,"CB, RB, RM",74,61,43,61,70,75,67,56.5,65.5,71.8,65.5,64.0,0.5224358974358975,0,0,DEF,0,1,0,0,0,0,11.0,70.6,65.5,56.5,1184.0
Ghana,Gideon Mensah,"LB, LM",74,76,57,65,72,68,67,67.2,67.69999999999999,67.6,68.5,71.5,0.5224358974358975,0,0,DEF,0,1,0,0,0,0,12.0,67.19999999999999,67.69999999999999,67.2,1110.0
Ghana,Elisha Owusu,"CDM, CM",73,55,54,68,70,70,70,59.1,69.2,70.0,69.0,62.5,0.469150641025641,0,0,MID,0,0,1,0,0,0,13.0,69.6,69.2,59.1,1022.0
Ghana,Jordan Ayew,"ST, LW",73,78,70,64,72,34,72,73.0,68.8,49.2,68.0,75.0,0.469150641025641,0,0,ATT,0,0,0,1,0,0,14.0,47.599999999999994,68.8,73.0,949.0
Ghana,Jerome Opoku,"CB, LB",72,68,36,50,52,72,72,50.4,57.2,72.0,51.0,70.0,0.40905448717948717,0,0,DEF,0,1,0,0,0,0,15.0,67.6,57.2,50.4,864.0
Ghana,Christopher Bonsu Baah,"LW,RW",71,80,64,66,70,32,60,70.6,65.4,43.2,68.0,70.0,0.3449519230769231,0,0,ATT,0,0,0,1,0,0,16.0,44.4,65.4,70.6,781.0
Ghana,Prince Kwabena Adu,ST,70,73,69,57,67,26,66,69.6,62.7,42.0,62.0,69.5,0.28205128205128205,0,0,ATT,0,0,0,1,0,0,17.0,40.2,62.7,69.6,700.0
Ghana,Jonas Adjetey,RB,70,70,44,56,60,66,66,56.6,60.2,66.0,58.0,68.0,0.28205128205128205,0,0,DEF,0,1,0,0,0,0,18.0,64.0,60.2,56.6,630.0
Ghana,Derrick Luckassen,CB,70,68,40,54,52,70,74,52.0,59.400000000000006,71.6,53.0,71.0,0.28205128205128205,0,0,DEF,0,1,0,0,0,0,19.0,67.6,59.400000000000006,52.0,560.0
Ghana,Brandon Thomas-Asante,ST,69,74,70,58,64,28,72,69.4,64.0,45.6,61.0,73.0,0.22956730769230768,0,0,ATT,0,0,0,1,0,0,20.0,42.800000000000004,64.0,69.4,483.0
Ghana,Augustine Boakye,"RW, RM",69,86,61,59,73,26,57,72.1,62.599999999999994,38.4,66.0,71.5,0.22956730769230768,0,0,MID,0,0,1,0,0,0,21.0,38.8,62.599999999999994,72.1,414.0
Ghana,Yaw Yeboah,"RW,LW",69,78,60,64,68,32,58,67.8,63.4,42.400000000000006,66.0,68.0,0.22956730769230768,0,0,ATT,0,0,0,1,0,0,22.0,43.6,63.4,67.8,345.0
Ghana,Kwasi Sibo,"CDM, CM, CB",69,63,54,58,65,67,79,60.0,66.4,71.8,61.5,71.0,0.22956730769230768,0,0,DEF,0,1,0,0,0,0,23.0,67.6,66.4,60.0,276.0
Ghana,Kojo Oppong,"LW,RW",68,76,60,62,66,30,58,66.6,62.0,41.2,64.0,67.0,0.18028846153846154,0,0,ATT,0,0,0,1,0,0,24.0,42.0,62.0,66.6,204.0
Ghana,Caleb Yirenkyi,GK,67,48,10,40,42,10,68,31.0,49.0,33.2,41.0,58.0,0.12740384615384615,0,0,GK,1,0,0,0,0,0,25.0,27.6,49.0,31.0,134.0
Ghana,Joseph Anang,GK,67,48,10,40,42,10,68,31.0,49.0,33.2,41.0,58.0,0.12740384615384615,0,0,GK,1,0,0,0,0,0,26.0,27.6,49.0,31.0,67.0
Haiti,Jean-Ricner Bellegarde,"CAM, CM",75,78,63,72,78,70,72,72.0,73.8,70.8,75.0,75.0,0.5765224358974359,0,0,MID,0,0,1,0,0,0,1.0,70.8,73.8,72.0,1950.0
Haiti,Frantzdy Pierrot,ST,72,65,72,56,62,32,82,66.9,65.6,52.0,59.0,73.5,0.40905448717948717,0,0,ATT,0,0,0,1,0,0,2.0,46.800000000000004,65.6,66.89999999999999,1800.0
Haiti,Ricardo Ade,CB,72,71,36,58,57,71,77,52.8,63.39999999999999,73.4,57.5,74.0,0.40905448717948717,0,0,DEF,0,1,0,0,0,0,3.0,69.6,63.39999999999999,52.8,1728.0
Haiti,Jean-Kevin Duverne,"LB, RB, CB, LM",71,60,38,62,67,72,73,53.3,66.8,72.4,64.5,66.5,0.3449519230769231,0,0,DEF,0,1,0,0,0,0,4.0,70.2,66.8,53.3,1633.0
Haiti,Carlens Arcus,"CB, LB",71,62,34,48,50,68,70,47.2,55.2,68.8,49.0,66.0,0.3449519230769231,0,0,DEF,0,1,0,0,0,0,5.0,64.4,55.2,47.2,1562.0
Haiti,Danley Jean Jacques,"CM, CDM",70,69,56,66,70,67,74,64.10000000000001,69.60000000000001,69.8,68.0,71.5,0.28205128205128205,0,0,MID,0,0,1,0,0,0,6.0,68.2,69.60000000000001,64.1,1470.0
Haiti,Johny Placide,GK,69,44,10,38,40,10,66,29.2,47.0,32.400000000000006,39.0,55.0,0.22956730769230768,0,0,GK,1,0,0,0,0,0,7.0,26.800000000000004,47.0,29.2,1380.0
Haiti,Wilson Isidor,"ST,LW",67,78,64,58,64,30,62,68.19999999999999,61.0,42.8,61.0,70.0,0.12740384615384615,0,0,ATT,0,0,0,1,0,0,8.0,42.0,61.0,68.2,1273.0
Haiti,Duckens Nazon,"ST,LW",66,76,62,56,62,28,60,66.2,59.0,40.8,59.0,68.0,0.08854166666666667,0,0,ATT,0,0,0,1,0,0,9.0,40.0,59.0,66.2,1188.0
Haiti,Derrick Etienne Jr.,"RW, LW",66,80,62,60,74,28,64,71.0,65.4,42.400000000000006,67.0,72.0,0.08854166666666667,0,0,ATT,0,0,0,1,0,0,10.0,41.6,65.4,71.0,1122.0
Haiti,Hannes Delcroix,"CB,LB",66,66,38,54,52,66,68,50.6,57.6,66.80000000000001,53.0,67.0,0.08854166666666667,0,0,DEF,0,1,0,0,0,0,11.0,64.0,57.6,50.6,1056.0
Haiti,Louicius Deedson,CB,65,60,32,46,48,66,70,45.2,53.8,67.6,47.0,65.0,0.05448717948717949,0,0,DEF,0,1,0,0,0,0,12.0,62.800000000000004,53.8,45.2,975.0
Haiti,Carl Fred Sainté,CB,65,64,38,52,50,64,67,49.400000000000006,55.89999999999999,65.2,51.0,65.5,0.05448717948717949,0,0,DEF,0,1,0,0,0,0,13.0,62.199999999999996,55.89999999999999,49.4,910.0
Haiti,Josué Casimir,"CDM,CM",65,62,46,60,56,62,66,53.8,60.599999999999994,63.599999999999994,58.0,64.0,0.05448717948717949,0,0,MID,0,0,1,0,0,0,14.0,62.4,60.599999999999994,53.8,845.0
Haiti,Josué Duverger,"LB,LM",64,68,42,58,56,62,64,54.0,59.2,62.8,57.0,66.0,0.03205128205128205,0,0,DEF,0,1,0,0,0,0,15.0,61.6,59.2,54.0,768.0
Haiti,Keeto Thermoncy,GK,64,42,10,38,40,11,58,28.6,44.6,29.800000000000004,39.0,50.0,0.03205128205128205,0,0,GK,1,0,0,0,0,0,16.0,25.800000000000004,44.6,28.6,704.0
Haiti,Ruben Providence,"RW,LW",63,72,56,58,60,28,56,62.0,58.0,39.2,59.0,64.0,0.021634615384615384,0,0,ATT,0,0,0,1,0,0,17.0,39.6,58.0,62.0,630.0
Haiti,Dominique Simon,"CM,CDM",63,62,44,58,54,60,62,52.39999999999999,58.0,60.8,56.0,62.0,0.021634615384615384,0,0,MID,0,0,1,0,0,0,18.0,60.0,58.0,52.400000000000006,567.0
Haiti,Yassin Fortuné,"CM,CDM",63,64,46,60,56,60,64,54.400000000000006,60.0,61.6,58.0,64.0,0.021634615384615384,0,0,MID,0,0,1,0,0,0,19.0,60.8,60.0,54.400000000000006,504.0
Haiti,Alexandre Pierre,"CM,CDM",63,62,44,58,54,60,64,52.39999999999999,58.60000000000001,61.6,56.0,63.0,0.021634615384615384,0,0,MID,0,0,1,0,0,0,20.0,60.4,58.60000000000001,52.400000000000006,441.0
Haiti,Duke Lacroix,"CM,CAM",63,68,52,62,58,44,62,58.6,60.8,51.2,60.0,65.0,0.021634615384615384,0,0,MID,0,0,1,0,0,0,21.0,51.199999999999996,60.8,58.6,378.0
Haiti,Woodensky Pierre,"RB,CB",62,66,40,52,50,62,64,50.8,55.0,62.8,51.0,65.0,0.014022435897435898,0,0,DEF,0,1,0,0,0,0,22.0,60.4,55.0,50.8,310.0
Haiti,Martin Experience,"LB, LM",62,68,36,53,59,58,64,52.5,58.10000000000001,60.4,56.0,66.0,0.014022435897435898,0,0,DEF,0,1,0,0,0,0,23.0,58.199999999999996,58.10000000000001,52.5,248.0
Haiti,Lenny Joseph,GK,62,40,10,36,38,10,56,27.4,42.6,28.400000000000002,37.0,48.0,0.014022435897435898,0,0,GK,1,0,0,0,0,0,24.0,24.400000000000002,42.6,27.4,186.0
Haiti,Leverton Pierre,CB,62,62,36,50,48,62,66,47.39999999999999,54.2,63.599999999999994,49.0,64.0,0.014022435897435898,0,0,DEF,0,1,0,0,0,0,25.0,60.4,54.2,47.4,124.0
Haiti,Wilguens Paugain,"RB, RM",55,62,34,42,50,54,63,47.2,50.7,57.6,46.0,62.5,0.0016025641025641025,0,0,DEF,0,1,0,0,0,0,26.0,53.4,50.7,47.2,55.0
Iran,Mehdi Taremi,ST,78,74,78,74,78,38,68,76.8,73.4,50.0,76.0,71.0,0.7323717948717948,0,0,ATT,0,0,0,1,0,0,1.0,51.2,73.4,76.80000000000001,2028.0
Iran,Alireza Beiranvand,GK,74,48,10,40,42,10,72,31.0,50.2,34.8,41.0,60.0,0.5224358974358975,0,0,GK,1,0,0,0,0,0,2.0,28.4,50.2,31.0,1850.0
Iran,Alireza Jahanbakhsh,"RW, LW",74,82,70,68,76,32,68,75.39999999999999,70.4,46.400000000000006,72.0,75.0,0.5224358974358975,0,0,ATT,0,0,0,1,0,0,3.0,46.4,70.4,75.39999999999999,1776.0
Iran,Ali Gholizadeh,"LW, RW",73,84,66,62,76,28,64,74.4,66.8,42.400000000000006,69.0,74.0,0.469150641025641,0,0,ATT,0,0,0,1,0,0,4.0,42.0,66.8,74.4,1679.0
Iran,Hossein Kanaani,RB,73,68,44,56,58,64,66,55.4,59.599999999999994,64.8,57.0,67.0,0.469150641025641,0,0,DEF,0,1,0,0,0,0,5.0,62.800000000000004,59.599999999999994,55.4,1606.0
Iran,Ramin Rezaeian,RB,73,70,46,58,62,64,68,58.0,62.199999999999996,65.6,60.0,69.0,0.469150641025641,0,0,DEF,0,1,0,0,0,0,6.0,63.6,62.199999999999996,58.0,1533.0
Iran,Mehdi Ghayedi,"CAM, LW",73,74,64,66,72,36,62,69.4,66.6,46.4,69.0,68.0,0.469150641025641,0,0,MID,0,0,1,0,0,0,7.0,47.2,66.6,69.39999999999999,1460.0
Iran,Saeid Ezatolahi,"CDM, CM",73,70,54,66,66,70,72,62.400000000000006,67.8,70.8,66.0,71.0,0.469150641025641,0,0,MID,0,0,1,0,0,0,8.0,69.6,67.8,62.400000000000006,1387.0
Iran,Shoja Khalilzadeh,CB,72,62,34,48,50,68,72,47.2,55.8,69.6,49.0,67.0,0.40905448717948717,0,0,DEF,0,1,0,0,0,0,9.0,64.8,55.8,47.2,1296.0
Iran,Mohammad Mohebi,"CM, CDM",72,66,50,60,62,62,66,58.39999999999999,62.39999999999999,63.599999999999994,61.0,66.0,0.40905448717948717,0,0,MID,0,0,1,0,0,0,10.0,62.4,62.39999999999999,58.39999999999999,1224.0
Iran,Saman Ghoddos,"CAM, CM",72,72,64,68,72,42,64,68.8,68.0,50.8,70.0,68.0,0.40905448717948717,0,0,MID,0,0,1,0,0,0,11.0,51.6,68.0,68.8,1152.0
Iran,Mehdi Torabi,"LW, CAM",72,76,66,66,72,34,62,70.8,66.6,45.2,69.0,69.0,0.40905448717948717,0,0,MID,0,0,1,0,0,0,12.0,46.0,66.6,70.8,1080.0
Iran,Ehsan Hajsafi,"LB, LW",72,72,52,64,66,66,66,62.2,65.2,66.0,65.0,69.0,0.40905448717948717,0,0,DEF,0,1,0,0,0,0,13.0,65.60000000000001,65.2,62.2,1008.0
Iran,Milad Mohammadi,LB,72,70,44,58,62,66,66,57.2,61.599999999999994,66.0,60.0,68.0,0.40905448717948717,0,0,DEF,0,1,0,0,0,0,14.0,64.4,61.599999999999994,57.2,936.0
Iran,Aria Yousefi,"LW,RW",71,78,64,66,70,34,60,70.0,65.4,44.4,68.0,69.0,0.3449519230769231,0,0,ATT,0,0,0,1,0,0,15.0,45.6,65.4,70.0,852.0
Iran,Roozbeh Cheshmi,"CM, CDM",71,66,52,60,62,64,68,59.2,62.99999999999999,65.6,61.0,67.0,0.3449519230769231,0,0,MID,0,0,1,0,0,0,16.0,64.0,62.99999999999999,59.2,781.0
Iran,Omid Noorafkan,"LB, LW",71,74,50,60,64,64,64,61.400000000000006,62.400000000000006,64.0,62.0,69.0,0.3449519230769231,0,0,DEF,0,1,0,0,0,0,17.0,63.2,62.400000000000006,61.400000000000006,710.0
Iran,Allahyar Sayyadmanesh,"ST, LW",71,80,70,60,72,28,68,73.6,66.0,44.0,66.0,74.0,0.3449519230769231,0,0,ATT,0,0,0,1,0,0,18.0,42.400000000000006,66.0,73.6,639.0
Iran,Majid Hosseini,CB,71,64,36,50,52,72,74,49.2,57.8,72.8,51.0,69.0,0.3449519230769231,0,0,DEF,0,1,0,0,0,0,19.0,68.0,57.8,49.2,568.0
Iran,Dennis Eckert Aogo,"LW,RW",70,76,60,64,68,34,60,67.2,64.0,44.4,66.0,68.0,0.28205128205128205,0,0,ATT,0,0,0,1,0,0,20.0,45.2,64.0,67.19999999999999,490.0
Iran,Ali Nemati,CB,70,66,38,56,54,70,72,51.2,60.2,70.8,55.0,69.0,0.28205128205128205,0,0,DEF,0,1,0,0,0,0,21.0,67.6,60.2,51.2,420.0
Iran,Seyed Hossein Hosseini,GK,70,46,11,42,44,12,64,31.4,49.2,32.8,43.0,55.0,0.28205128205128205,0,0,GK,1,0,0,0,0,0,22.0,28.4,49.2,31.4,350.0
Iran,Amirhossein Hosseinzadeh,"CM,CAM",69,70,58,66,64,46,62,63.400000000000006,64.2,52.4,65.0,66.0,0.22956730769230768,0,0,MID,0,0,1,0,0,0,23.0,53.2,64.2,63.400000000000006,276.0
Iran,Mohammad Ghorbani,GK,68,44,10,40,42,11,62,29.8,47.2,31.4,41.0,53.0,0.18028846153846154,0,0,GK,1,0,0,0,0,0,24.0,27.0,47.2,29.799999999999997,204.0
Iran,Shahriar Moghanlou,"CDM,CM",68,64,46,62,58,64,68,55.0,62.6,65.6,60.0,66.0,0.18028846153846154,0,0,MID,0,0,1,0,0,0,25.0,64.4,62.6,55.0,136.0
Iran,Amirmohammad Razzaghpour,"RB,CB",68,70,44,58,56,66,68,55.400000000000006,60.4,66.80000000000001,57.0,69.0,0.18028846153846154,0,0,DEF,0,1,0,0,0,0,26.0,64.80000000000001,60.4,55.400000000000006,68.0
Iraq,Mohanad Ali,"LW, ST",72,76,73,61,71,32,74,73.3,67.9,48.8,66.0,75.0,0.40905448717948717,0,0,ATT,0,0,0,1,0,0,1.0,46.2,67.9,73.3,1872.0
Iraq,Ali Jassim,"CAM, LW",70,84,65,68,74,35,60,73.4,67.4,45.0,71.0,72.0,0.28205128205128205,0,0,MID,0,0,1,0,0,0,2.0,46.6,67.4,73.4,1750.0
Iraq,Zidane Iqbal,"CDM, CM, CB",68,64,60,64,73,63,62,65.1,66.1,62.599999999999994,68.5,63.0,0.18028846153846154,0,0,DEF,0,1,0,0,0,0,3.0,63.0,66.1,65.1,1632.0
Iraq,Ibrahim Bayesh,GK,68,46,10,38,40,10,66,29.799999999999997,47.0,32.400000000000006,39.0,56.0,0.18028846153846154,0,0,GK,1,0,0,0,0,0,4.0,26.800000000000004,47.0,29.799999999999997,1564.0
Iraq,Merchas Doski,"LB, LM",68,75,54,65,71,62,62,65.4,65.89999999999999,62.0,68.0,68.5,0.18028846153846154,0,0,DEF,0,1,0,0,0,0,5.0,62.599999999999994,65.89999999999999,65.4,1496.0
Iraq,Ali Al-Hamadi,ST,68,78,69,58,68,28,72,71.4,65.2,45.6,63.0,75.0,0.18028846153846154,0,0,ATT,0,0,0,1,0,0,6.0,42.800000000000004,65.2,71.4,1428.0
Iraq,Amir Al-Ammari,"CM, CDM",67,69,61,68,69,64,71,65.8,69.2,66.8,68.5,70.0,0.12740384615384615,0,0,MID,0,0,1,0,0,0,7.0,66.2,69.2,65.8,1340.0
Iraq,Aimar Sher,"CM, CDM",67,60,48,58,60,60,64,55.2,60.400000000000006,61.6,59.0,62.0,0.12740384615384615,0,0,MID,0,0,1,0,0,0,8.0,60.4,60.400000000000006,55.2,1273.0
Iraq,Aymen Hussein,"ST,LW",67,72,62,58,62,28,60,65.0,59.8,40.8,60.0,66.0,0.12740384615384615,0,0,ATT,0,0,0,1,0,0,9.0,40.400000000000006,59.8,65.0,1206.0
Iraq,Akam Hashim,"CDM,CM",66,64,46,62,58,64,68,55.0,62.6,65.6,60.0,66.0,0.08854166666666667,0,0,MID,0,0,1,0,0,0,10.0,64.4,62.6,55.0,1122.0
Iraq,Marko Farji,"CM, CAM",66,62,52,60,62,50,62,58.0,61.19999999999999,54.8,61.0,62.0,0.08854166666666667,0,0,MID,0,0,1,0,0,0,11.0,54.4,61.19999999999999,58.0,1056.0
Iraq,Jalal Hassan,CB,66,64,38,52,50,66,68,49.400000000000006,56.199999999999996,66.80000000000001,51.0,66.0,0.08854166666666667,0,0,DEF,0,1,0,0,0,0,12.0,63.6,56.199999999999996,49.4,990.0
Iraq,Kevin Yakob,"RB, CB",66,62,34,48,50,66,66,47.2,54.0,66.0,49.0,64.0,0.08854166666666667,0,0,DEF,0,1,0,0,0,0,13.0,62.400000000000006,54.0,47.2,924.0
Iraq,Ali Yousef,"CAM,CM",66,66,56,64,60,46,60,60.2,61.6,51.599999999999994,62.0,63.0,0.08854166666666667,0,0,MID,0,0,1,0,0,0,14.0,52.39999999999999,61.6,60.2,858.0
Iraq,Ahmed Yahya,"CM,CDM",65,62,44,60,56,62,66,53.0,60.599999999999994,63.599999999999994,58.0,64.0,0.05448717948717949,0,0,MID,0,0,1,0,0,0,15.0,62.4,60.599999999999994,53.0,780.0
Iraq,Hussein Ali,CB,65,64,38,52,50,65,67,49.400000000000006,55.89999999999999,65.8,51.0,65.5,0.05448717948717949,0,0,DEF,0,1,0,0,0,0,16.0,62.8,55.89999999999999,49.4,715.0
Iraq,Frans Putros,"CM,CAM",65,66,54,62,58,44,60,58.8,60.2,50.4,60.0,63.0,0.05448717948717949,0,0,MID,0,0,1,0,0,0,17.0,50.8,60.2,58.800000000000004,650.0
Iraq,Mustafa Saadoon,"LW,CAM",65,70,58,60,60,32,58,62.2,59.4,42.400000000000006,60.0,64.0,0.05448717948717949,0,0,MID,0,0,1,0,0,0,18.0,42.8,59.4,62.2,585.0
Iraq,Hussain Ali,CB,65,64,38,52,50,65,67,49.400000000000006,55.89999999999999,65.8,51.0,65.5,0.05448717948717949,0,0,DEF,0,1,0,0,0,0,19.0,62.8,55.89999999999999,49.4,520.0
Iraq,Fahad Talib,GK,65,42,10,38,40,11,59,28.6,44.900000000000006,30.200000000000003,39.0,50.5,0.05448717948717949,0,0,GK,1,0,0,0,0,0,20.0,26.0,44.900000000000006,28.6,455.0
Iraq,Youssef Amyn,"CB,CDM",65,64,40,54,52,64,66,50.8,57.0,64.8,53.0,65.0,0.05448717948717949,0,0,DEF,0,1,0,0,0,0,21.0,62.400000000000006,57.0,50.800000000000004,390.0
Iraq,Zaid Tahseen,"CB,LB",64,64,38,50,48,64,66,48.8,54.2,64.8,49.0,65.0,0.03205128205128205,0,0,DEF,0,1,0,0,0,0,22.0,61.6,54.2,48.8,320.0
Iraq,Ahmed Basil,"CM,CDM",64,62,44,58,54,60,64,52.39999999999999,58.60000000000001,61.6,56.0,63.0,0.03205128205128205,0,0,MID,0,0,1,0,0,0,23.0,60.4,58.60000000000001,52.400000000000006,256.0
Iraq,Rebin Sulaka,GK,64,40,10,36,38,10,58,27.4,43.2,29.200000000000003,37.0,49.0,0.03205128205128205,0,0,GK,1,0,0,0,0,0,24.0,24.8,43.2,27.4,192.0
Iraq,Manaf Younis,RB,64,70,42,54,54,62,64,54.0,57.0,62.8,54.0,67.0,0.03205128205128205,0,0,DEF,0,1,0,0,0,0,25.0,60.8,57.0,54.0,128.0
Iraq,Ahmad Yasin,"LB,CB",63,66,40,52,50,62,64,50.8,55.0,62.8,51.0,65.0,0.021634615384615384,0,0,DEF,0,1,0,0,0,0,26.0,60.4,55.0,50.8,63.0
Ivory Coast,Evan Ndicka,"CB, LB",81,74,40,58,62,80,78,56.8,65.19999999999999,79.2,60.0,76.0,0.8553685897435898,0,0,DEF,0,1,0,0,0,0,1.0,75.2,65.19999999999999,56.8,2106.0
Ivory Coast,Wilfried Singo,RB,80,84,56,64,70,70,74,68.60000000000001,68.8,71.6,67.0,79.0,0.8221153846153846,0,0,DEF,0,1,0,0,0,0,2.0,69.6,68.8,68.6,2000.0
Ivory Coast,Ousmane Diomandé,CB,80,80,26,51,70,79,86,55.4,67.2,81.8,60.5,83.0,0.8221153846153846,0,0,DEF,0,1,0,0,0,0,3.0,74.8,67.2,55.4,1920.0
Ivory Coast,Amad Diallo,"RW, LW",80,86,74,75,84,42,63,80.6,74.1,50.400000000000006,79.5,74.5,0.8221153846153846,0,0,ATT,0,0,0,1,0,0,4.0,52.8,74.1,80.60000000000001,1840.0
Ivory Coast,Franck Kessié,"CDM, CM",80,74,66,72,72,78,86,70.2,76.2,81.19999999999999,72.0,80.0,0.8221153846153846,0,0,MID,0,0,1,0,0,0,5.0,78.4,76.2,70.2,1760.0
Ivory Coast,Nicolas Pépé,"RM, ST, RW",80,88,77,76,82,36,67,81.8,75.1,48.4,79.0,77.5,0.8221153846153846,0,0,MID,0,0,1,0,0,0,6.0,50.2,75.1,81.8,1680.0
Ivory Coast,Odilon Kossounou,CB,80,76,38,54,58,80,78,55.400000000000006,62.4,79.2,56.0,77.0,0.8221153846153846,0,0,DEF,0,1,0,0,0,0,7.0,74.4,62.4,55.4,1600.0
Ivory Coast,Séko Fofana,"CDM, CM",79,78,74,77,80,74,83,77.0,79.69999999999999,77.6,78.5,80.5,0.7772435897435898,0,0,MID,0,0,1,0,0,0,8.0,76.4,79.69999999999999,77.0,1501.0
Ivory Coast,Evann Guessand,"RM, RW, ST",79,83,76,73,79,36,77,79.0,76.0,52.4,76.0,80.0,0.7772435897435898,0,0,MID,0,0,1,0,0,0,9.0,51.6,76.0,79.0,1422.0
Ivory Coast,Emmanuel Agbadou,CB,79,68,38,52,54,76,78,51.8,60.4,76.80000000000001,53.0,73.0,0.7772435897435898,0,0,DEF,0,1,0,0,0,0,10.0,71.60000000000001,60.4,51.8,1343.0
Ivory Coast,Guéla Doué,"RB, CB, RM",77,72,47,70,72,74,78,62.0,73.0,75.6,71.0,75.0,0.6790865384615384,0,0,DEF,0,1,0,0,0,0,11.0,74.0,73.0,62.0,1232.0
Ivory Coast,Ibrahim Sangaré,"CDM, CM",77,58,65,72,71,77,79,64.69999999999999,73.8,77.8,71.5,68.5,0.6790865384615384,0,0,MID,0,0,1,0,0,0,12.0,76.4,73.8,64.7,1155.0
Ivory Coast,Yahia Fofana,GK,76,52,11,44,46,11,72,33.8,53.0,35.4,45.0,62.0,0.624198717948718,0,0,GK,1,0,0,0,0,0,13.0,29.8,53.0,33.8,1064.0
Ivory Coast,Simon Adingra,"RM, LM, RW",76,87,70,70,80,30,52,78.1,67.6,38.8,75.0,69.5,0.624198717948718,0,0,MID,0,0,1,0,0,0,14.0,42.4,67.6,78.1,988.0
Ivory Coast,Alban Lafont,GK,75,52,11,44,46,11,72,33.8,53.0,35.4,45.0,62.0,0.5765224358974359,0,0,GK,1,0,0,0,0,0,15.0,29.8,53.0,33.8,900.0
Ivory Coast,Christopher Operi,CB,74,66,36,50,52,72,74,49.8,57.8,72.8,51.0,70.0,0.5224358974358975,0,0,DEF,0,1,0,0,0,0,16.0,68.0,57.8,49.800000000000004,814.0
Ivory Coast,Ange-Yoan Bonny,"ST,LW",74,78,70,64,68,32,68,71.8,66.4,46.400000000000006,66.0,73.0,0.5224358974358975,0,0,ATT,0,0,0,1,0,0,17.0,45.599999999999994,66.4,71.8,740.0
Ivory Coast,Elye Wahi,ST,73,76,70,60,66,30,66,70.6,63.599999999999994,44.400000000000006,63.0,71.0,0.469150641025641,0,0,ATT,0,0,0,1,0,0,18.0,43.2,63.599999999999994,70.6,657.0
Ivory Coast,Ghislain Konan,LB,72,76,46,60,64,66,68,60.400000000000006,63.6,66.80000000000001,62.0,72.0,0.40905448717948717,0,0,DEF,0,1,0,0,0,0,19.0,65.2,63.6,60.400000000000006,576.0
Ivory Coast,Jean-Philippe Krasso,"ST,LW",72,74,66,60,64,30,68,67.8,63.6,45.2,62.0,71.0,0.40905448717948717,0,0,ATT,0,0,0,1,0,0,20.0,43.6,63.6,67.8,504.0
Ivory Coast,Parfait Guiagon,"LM, RM, LW",72,72,67,66,77,26,58,71.5,66.9,38.800000000000004,71.5,65.0,0.40905448717948717,0,0,MID,0,0,1,0,0,0,21.0,40.400000000000006,66.9,71.5,432.0
Ivory Coast,Oumar Diakité,ST,72,82,71,57,70,21,71,74.0,65.1,41.0,63.5,76.5,0.40905448717948717,0,0,ATT,0,0,0,1,0,0,22.0,38.2,65.1,74.0,360.0
Ivory Coast,Bazoumana Touré,"LM, LW, CAM",70,91,59,62,71,28,51,72.2,61.4,37.2,66.5,71.0,0.28205128205128205,0,0,MID,0,0,1,0,0,0,23.0,39.4,61.4,72.2,280.0
Ivory Coast,Mohamed Koné,GK,68,74,38,54,56,78,76,54.2,61.2,77.2,55.0,75.0,0.18028846153846154,0,0,GK,1,0,0,0,0,0,24.0,72.8,61.2,54.2,204.0
Ivory Coast,Yan Diomandé,"LM, RM, ST, LW",66,71,61,62,64,25,49,64.9,58.7,34.6,63.0,60.0,0.08854166666666667,0,0,MID,0,0,1,0,0,0,25.0,37.2,58.7,64.9,132.0
Ivory Coast,Christ Inao Oulai,"ST, LW",64,78,70,60,72,28,70,73.0,66.6,44.8,66.0,74.0,0.03205128205128205,0,0,ATT,0,0,0,1,0,0,26.0,42.8,66.6,73.0,64.0
Japan,Takefusa Kubo,"RM, RW",82,86,77,78,85,40,64,82.1,75.9,49.6,81.5,75.0,0.8854166666666666,0,0,MID,0,0,1,0,0,0,1.0,52.4,75.9,82.1,2132.0
Japan,Ritsu Doan,"RM, CAM, RB",82,82,71,78,85,41,64,78.5,75.9,50.2,81.5,73.0,0.8854166666666666,0,0,DEF,0,1,0,0,0,0,2.0,53.0,75.9,78.5,2050.0
Japan,Takehiro Tomiyasu,"RB,CB",79,78,56,72,70,76,76,66.80000000000001,72.6,76.0,71.0,77.0,0.7772435897435898,0,0,DEF,0,1,0,0,0,0,3.0,75.2,72.6,66.8,1896.0
Japan,Daizen Maeda,"LW, ST, RW, LM",79,92,79,70,76,65,79,82.0,74.5,70.6,73.0,85.5,0.7772435897435898,0,0,MID,0,0,1,0,0,0,4.0,68.8,74.5,82.0,1817.0
Japan,Wataru Endo,"CDM, CM",79,58,68,71,77,79,73,67.69999999999999,73.4,76.6,74.0,65.5,0.7772435897435898,0,0,MID,0,0,1,0,0,0,5.0,76.2,73.4,67.7,1738.0
Japan,Kaishu Sano,"CDM, CM",79,79,51,67,76,78,75,66.9,72.1,76.8,71.5,77.0,0.7772435897435898,0,0,MID,0,0,1,0,0,0,6.0,75.2,72.1,66.9,1659.0
Japan,Hiroki Ito,"CB, LB, LM",78,74,57,71,72,80,72,66.6,71.6,76.8,71.5,73.0,0.7323717948717948,0,0,DEF,0,1,0,0,0,0,7.0,76.6,71.6,66.6,1560.0
Japan,Ko Itakura,"CB, CDM",77,75,59,61,74,77,76,68.3,69.4,76.6,67.5,75.5,0.6790865384615384,0,0,DEF,0,1,0,0,0,0,8.0,73.6,69.4,68.3,1463.0
Japan,Junya Ito,"RM, RW",77,86,69,72,78,58,70,76.8,73.2,62.8,75.0,78.0,0.6790865384615384,0,0,MID,0,0,1,0,0,0,9.0,63.199999999999996,73.2,76.80000000000001,1386.0
Japan,Daichi Kamada,"CM, CAM",77,71,72,77,78,64,66,73.5,74.0,64.8,77.5,68.5,0.6790865384615384,0,0,MID,0,0,1,0,0,0,10.0,67.0,74.0,73.5,1309.0
Japan,Keito Nakamura,"LM, LW",76,79,74,71,77,41,74,76.4,73.7,54.2,74.0,76.5,0.624198717948718,0,0,MID,0,0,1,0,0,0,11.0,53.6,73.7,76.39999999999999,1216.0
Japan,Ao Tanaka,"CDM, CM",76,70,68,72,77,73,71,71.3,73.2,72.2,74.5,70.5,0.624198717948718,0,0,MID,0,0,1,0,0,0,12.0,72.4,73.2,71.3,1140.0
Japan,Tsuyoshi Watanabe,CB,75,76,39,52,59,76,78,56.099999999999994,61.9,76.80000000000001,55.5,77.0,0.5765224358974359,0,0,DEF,0,1,0,0,0,0,13.0,71.60000000000001,61.9,56.10000000000001,1050.0
Japan,Ayase Ueda,ST,74,74,75,58,69,28,69,72.9,64.60000000000001,44.400000000000006,63.5,71.5,0.5224358974358975,0,0,ATT,0,0,0,1,0,0,14.0,42.2,64.60000000000001,72.9,962.0
Japan,Zion Suzuki,GK,74,56,12,46,48,12,74,36.0,55.0,36.8,47.0,65.0,0.5224358974358975,0,0,GK,1,0,0,0,0,0,15.0,31.200000000000003,55.0,36.0,888.0
Japan,Yukinari Sugawara,"RB, RM",74,75,54,73,72,69,70,65.7,71.8,69.4,72.5,72.5,0.5224358974358975,0,0,DEF,0,1,0,0,0,0,16.0,70.0,71.8,65.7,814.0
Japan,Yuto Nagatomo,"LB,LM",72,72,44,64,62,66,68,57.8,64.6,66.80000000000001,63.0,70.0,0.40905448717948717,0,0,DEF,0,1,0,0,0,0,17.0,66.0,64.6,57.8,720.0
Japan,Yuito Suzuki,"CAM, ST",71,83,68,65,74,48,57,74.30000000000001,65.3,51.599999999999994,69.5,70.0,0.3449519230769231,0,0,MID,0,0,1,0,0,0,18.0,53.199999999999996,65.3,74.3,639.0
Japan,Shogo Taniguchi,CB,69,58,45,59,57,70,72,52.49999999999999,62.3,70.8,58.0,65.0,0.22956730769230768,0,0,DEF,0,1,0,0,0,0,19.0,68.2,62.3,52.5,552.0
Japan,Ayumu Seko,"CB, CDM",69,64,36,57,59,69,74,51.3,62.7,71.0,58.0,69.0,0.22956730769230768,0,0,DEF,0,1,0,0,0,0,20.0,67.60000000000001,62.7,51.3,483.0
Japan,Koki Ogawa,ST,68,51,69,57,65,29,67,62.4,62.39999999999999,44.2,61.0,59.0,0.18028846153846154,0,0,ATT,0,0,0,1,0,0,21.0,42.199999999999996,62.39999999999999,62.4,408.0
Japan,Keisuke Osako,ST,68,68,62,56,58,32,66,62.6,59.599999999999994,45.6,57.0,67.0,0.18028846153846154,0,0,ATT,0,0,0,1,0,0,22.0,43.6,59.599999999999994,62.6,340.0
Japan,Tomoki Hayakawa,GK,68,44,11,40,42,11,62,30.2,47.2,31.4,41.0,53.0,0.18028846153846154,0,0,GK,1,0,0,0,0,0,23.0,27.0,47.2,30.200000000000003,272.0
Japan,Junnosuke Suzuki,"CB, CDM",66,73,44,59,59,66,65,57.199999999999996,60.8,65.6,59.0,69.0,0.08854166666666667,0,0,DEF,0,1,0,0,0,0,24.0,64.4,60.8,57.2,198.0
Japan,Kento Shiogai,ST,66,84,65,55,66,21,57,71.0,58.89999999999999,35.4,60.5,70.5,0.08854166666666667,0,0,ATT,0,0,0,1,0,0,25.0,35.0,58.89999999999999,71.0,132.0
Japan,Keisuke Goto,ST,57,53,58,43,51,29,65,54.4,52.0,43.4,47.0,59.0,0.0028044871794871795,0,0,ATT,0,0,0,1,0,0,26.0,39.0,52.0,54.4,57.0
Jordan,Mousa Al-Tamari,"LW, RW",77,78,64,62,72,30,64,70.6,65.6,43.6,67.0,71.0,0.6790865384615384,0,0,ATT,0,0,0,1,0,0,1.0,43.2,65.6,70.6,2002.0
Jordan,Yazan Al Arab,CB,75,79,29,46,52,73,83,50.900000000000006,58.9,77.0,49.0,81.0,0.5765224358974359,0,0,DEF,0,1,0,0,0,0,2.0,69.6,58.9,50.9,1875.0
Jordan,Ali Olwan,"CM, CDM",71,62,48,58,60,60,66,55.8,61.0,62.400000000000006,59.0,64.0,0.3449519230769231,0,0,MID,0,0,1,0,0,0,3.0,60.800000000000004,61.0,55.8,1704.0
Jordan,Ehsan Haddad,CB,70,66,38,54,52,70,72,50.6,58.8,70.8,53.0,69.0,0.28205128205128205,0,0,DEF,0,1,0,0,0,0,4.0,67.2,58.8,50.6,1610.0
Jordan,Hussam Abu Dhahab,"LB,CB",68,68,42,56,54,66,68,53.4,59.0,66.80000000000001,55.0,68.0,0.18028846153846154,0,0,DEF,0,1,0,0,0,0,5.0,64.4,59.0,53.400000000000006,1496.0
Jordan,Abdallah Nasib,CB,68,64,38,52,50,68,70,49.400000000000006,56.8,68.8,51.0,67.0,0.18028846153846154,0,0,DEF,0,1,0,0,0,0,6.0,65.2,56.8,49.4,1428.0
Jordan,Odeh Fakhoury,"ST,LW",68,72,62,60,62,30,60,65.0,60.599999999999994,42.0,61.0,66.0,0.18028846153846154,0,0,ATT,0,0,0,1,0,0,7.0,42.0,60.599999999999994,65.0,1360.0
Jordan,Mohammad Abu Zraiq,"CM,CDM",68,64,46,62,58,62,66,55.0,62.0,63.599999999999994,60.0,65.0,0.18028846153846154,0,0,MID,0,0,1,0,0,0,8.0,62.8,62.0,55.0,1292.0
Jordan,Amer Jamous,"CB,CDM",68,64,40,54,52,66,70,50.8,58.2,67.6,53.0,67.0,0.18028846153846154,0,0,DEF,0,1,0,0,0,0,9.0,64.4,58.2,50.800000000000004,1224.0
Jordan,Amer Shafi,GK,67,44,11,40,42,11,61,30.2,46.900000000000006,31.0,41.0,52.5,0.12740384615384615,0,0,GK,1,0,0,0,0,0,10.0,26.8,46.900000000000006,30.200000000000003,1139.0
Jordan,Mohammad Abu Hashish,RB,67,70,44,56,56,64,66,55.400000000000006,59.0,64.8,56.0,68.0,0.12740384615384615,0,0,DEF,0,1,0,0,0,0,11.0,62.800000000000004,59.0,55.400000000000006,1072.0
Jordan,Mahmoud Mardahi,"CDM,CM",67,62,44,60,56,64,68,53.0,61.199999999999996,65.6,58.0,65.0,0.12740384615384615,0,0,MID,0,0,1,0,0,0,12.0,64.0,61.199999999999996,53.0,1005.0
Jordan,Noor Al-Rawabdeh,"CM,CAM",67,66,56,62,60,42,60,60.2,60.8,49.2,61.0,63.0,0.12740384615384615,0,0,MID,0,0,1,0,0,0,13.0,49.6,60.8,60.2,938.0
Jordan,Saed Al-Rosan,"LW,LM",66,72,58,60,60,30,56,62.8,58.8,40.400000000000006,60.0,64.0,0.08854166666666667,0,0,MID,0,0,1,0,0,0,14.0,41.2,58.8,62.8,858.0
Jordan,Nour Bani Attiah,LB,66,68,42,56,54,64,66,53.4,58.400000000000006,64.8,55.0,67.0,0.08854166666666667,0,0,DEF,0,1,0,0,0,0,15.0,62.800000000000004,58.400000000000006,53.400000000000006,792.0
Jordan,Nizar Al-Rashdan,"ST,LW",66,70,60,58,60,28,60,63.0,59.2,40.8,59.0,65.0,0.08854166666666667,0,0,ATT,0,0,0,1,0,0,16.0,40.400000000000006,59.2,63.0,726.0
Jordan,Mohammad Abu Alnadi,"CM,CAM",66,64,52,60,56,44,60,56.8,58.8,50.4,58.0,62.0,0.08854166666666667,0,0,MID,0,0,1,0,0,0,17.0,50.4,58.8,56.8,660.0
Jordan,Salem Obaid,"RB,CB",66,68,42,54,54,62,64,53.4,57.0,62.8,54.0,66.0,0.08854166666666667,0,0,DEF,0,1,0,0,0,0,18.0,60.8,57.0,53.400000000000006,594.0
Jordan,Mohammad Al-Dawoud,CB,66,62,36,50,48,66,68,47.39999999999999,54.8,66.80000000000001,49.0,65.0,0.08854166666666667,0,0,DEF,0,1,0,0,0,0,19.0,63.2,54.8,47.4,528.0
Jordan,Mohannad Abu Taha,"CM,CDM",65,62,44,60,54,62,66,52.39999999999999,60.0,63.599999999999994,57.0,64.0,0.05448717948717949,0,0,MID,0,0,1,0,0,0,20.0,62.4,60.0,52.400000000000006,455.0
Jordan,Abdallah Al-Fakhouri,"CM,CAM",65,64,52,60,56,44,58,56.8,58.199999999999996,49.6,58.0,61.0,0.05448717948717949,0,0,MID,0,0,1,0,0,0,21.0,50.0,58.199999999999996,56.8,390.0
Jordan,Anas Badawi,"RW,LW",65,70,56,58,58,30,56,60.8,57.400000000000006,40.400000000000006,58.0,63.0,0.05448717948717949,0,0,ATT,0,0,0,1,0,0,22.0,40.800000000000004,57.400000000000006,60.800000000000004,325.0
Jordan,Rajaei Ayed,"RB,CB",65,68,40,52,50,62,64,51.4,55.0,62.8,51.0,66.0,0.05448717948717949,0,0,DEF,0,1,0,0,0,0,23.0,60.4,55.0,51.4,260.0
Jordan,Yazeed Abulaila,GK,65,42,10,38,40,10,59,28.6,44.900000000000006,29.6,39.0,50.5,0.05448717948717949,0,0,GK,1,0,0,0,0,0,24.0,25.400000000000002,44.900000000000006,28.6,195.0
Jordan,Yazid Abulaila,GK,65,42,10,38,40,10,59,28.6,44.900000000000006,29.6,39.0,50.5,0.05448717948717949,0,0,GK,1,0,0,0,0,0,25.0,25.400000000000002,44.900000000000006,28.6,130.0
Jordan,Ibrahim Sabra,ST,61,91,60,41,56,22,56,68.1,50.0,35.6,48.5,73.5,0.010416666666666666,0,0,ATT,0,0,0,1,0,0,26.0,32.6,50.0,68.1,61.0
Mexico,Julián Quiñones,"LW, ST",80,84,74,64,80,28,68,78.8,70.0,44.0,72.0,76.0,0.8221153846153846,0,0,ATT,0,0,0,1,0,0,1.0,43.2,70.0,78.8,2080.0
Mexico,Santiago Giménez,ST,79,79,84,68,78,32,76,80.7,73.4,49.6,73.0,77.5,0.7772435897435898,0,0,ATT,0,0,0,1,0,0,2.0,48.0,73.4,80.69999999999999,1975.0
Mexico,Edson Álvarez,"CDM, CB",78,67,52,74,70,82,84,61.89999999999999,75.8,82.8,72.0,75.5,0.7323717948717948,0,0,DEF,0,1,0,0,0,0,3.0,80.8,75.8,61.9,1872.0
Mexico,Roberto Alvarado,"CAM, CM",78,76,70,68,76,36,65,73.6,69.5,47.599999999999994,72.0,70.5,0.7323717948717948,0,0,MID,0,0,1,0,0,0,4.0,48.199999999999996,69.5,73.6,1794.0
Mexico,Alexis Vega,"LW, CAM",78,80,72,68,80,35,64,76.8,70.4,46.6,74.0,72.0,0.7323717948717948,0,0,MID,0,0,1,0,0,0,5.0,47.4,70.4,76.8,1716.0
Mexico,Orbelin Pineda,"CAM, CM",77,74,66,72,76,40,64,71.4,70.8,49.6,74.0,69.0,0.6790865384615384,0,0,MID,0,0,1,0,0,0,6.0,51.199999999999996,70.8,71.4,1617.0
Mexico,Raúl Jiménez,ST,77,74,80,70,76,35,78,77.0,74.19999999999999,52.2,73.0,76.0,0.6790865384615384,0,0,ATT,0,0,0,1,0,0,7.0,50.6,74.19999999999999,77.0,1540.0
Mexico,Álvaro Fidalgo,"CM, CAM",77,68,62,72,72,56,68,66.8,70.8,60.800000000000004,72.0,68.0,0.6790865384615384,0,0,MID,0,0,1,0,0,0,8.0,61.6,70.8,66.8,1463.0
Mexico,Luis Chávez,"LB, CDM",76,76,62,66,68,72,74,68.0,69.0,72.8,67.0,75.0,0.624198717948718,0,0,DEF,0,1,0,0,0,0,9.0,71.2,69.0,68.0,1368.0
Mexico,Johan Vásquez,CB,75,72,40,54,56,78,74,54.39999999999999,60.60000000000001,76.4,55.0,73.0,0.5765224358974359,0,0,DEF,0,1,0,0,0,0,10.0,72.39999999999999,60.60000000000001,54.39999999999999,1275.0
Mexico,Israel Reyes,CB,75,64,36,50,52,74,76,49.2,58.400000000000006,74.8,51.0,70.0,0.5765224358974359,0,0,DEF,0,1,0,0,0,0,11.0,69.6,58.400000000000006,49.2,1200.0
Mexico,Luis Romo,"CM, CDM",75,70,60,70,68,70,74,65.4,70.6,71.6,69.0,72.0,0.5765224358974359,0,0,MID,0,0,1,0,0,0,12.0,70.8,70.6,65.4,1125.0
Mexico,César Montes,CB,75,64,38,52,54,80,82,50.599999999999994,61.599999999999994,80.80000000000001,53.0,73.0,0.5765224358974359,0,0,DEF,0,1,0,0,0,0,13.0,74.80000000000001,61.599999999999994,50.599999999999994,1050.0
Mexico,Jesús Gallardo,LB,75,82,52,64,70,72,70,66.39999999999999,67.6,71.19999999999999,67.0,76.0,0.5765224358974359,0,0,DEF,0,1,0,0,0,0,14.0,70.0,67.6,66.4,975.0
Mexico,Guillermo Ochoa,GK,74,52,12,46,50,12,70,35.4,54.400000000000006,35.2,48.0,61.0,0.5224358974358975,0,0,GK,1,0,0,0,0,0,15.0,30.4,54.400000000000006,35.4,888.0
Mexico,Carlos Acevedo,GK,74,48,10,42,44,11,72,31.599999999999998,51.599999999999994,35.4,43.0,60.0,0.5224358974358975,0,0,GK,1,0,0,0,0,0,16.0,29.4,51.599999999999994,31.599999999999998,814.0
Mexico,Armando González,CB,74,62,34,50,52,72,74,47.8,57.8,72.8,51.0,68.0,0.5224358974358975,0,0,DEF,0,1,0,0,0,0,17.0,68.0,57.8,47.800000000000004,740.0
Mexico,Gilberto Mora,"LB, RB",73,72,46,58,62,68,68,58.599999999999994,62.199999999999996,68.0,60.0,70.0,0.469150641025641,0,0,DEF,0,1,0,0,0,0,18.0,66.0,62.199999999999996,58.599999999999994,657.0
Mexico,Jorge Sánchez,RB,73,79,52,58,64,72,72,63.7,64.0,72.0,61.0,75.5,0.469150641025641,0,0,DEF,0,1,0,0,0,0,19.0,69.19999999999999,64.0,63.7,584.0
Mexico,Erik Lira,"CDM, CM",73,68,55,68,68,72,73,62.8,69.5,72.4,68.0,70.5,0.469150641025641,0,0,MID,0,0,1,0,0,0,20.0,71.4,69.5,62.8,511.0
Mexico,César Huerta,"LW, ST",73,82,72,60,78,28,62,76.8,66.0,41.6,69.0,72.0,0.469150641025641,0,0,ATT,0,0,0,1,0,0,21.0,41.2,66.0,76.8,438.0
Mexico,Guillermo Martínez,"ST, LW",73,82,72,60,76,28,70,76.2,67.8,44.8,68.0,76.0,0.469150641025641,0,0,ATT,0,0,0,1,0,0,22.0,42.8,67.8,76.2,365.0
Mexico,Mateo Chávez,"CM, CDM",72,68,54,65,67,65,70,62.1,67.1,67.0,66.0,69.0,0.40905448717948717,0,0,MID,0,0,1,0,0,0,23.0,66.0,67.1,62.099999999999994,288.0
Mexico,Raúl Rangel,GK,72,46,11,42,44,11,68,31.4,50.4,33.800000000000004,43.0,57.0,0.40905448717948717,0,0,GK,1,0,0,0,0,0,24.0,28.6,50.4,31.4,216.0
Mexico,Brian Gutiérrez,"CAM, CM",72,74,65,68,76,38,64,71.0,69.2,48.400000000000006,72.0,69.0,0.40905448717948717,0,0,MID,0,0,1,0,0,0,25.0,49.2,69.2,71.0,144.0
Mexico,Obed Vargas,"CDM, CM",69,66,50,66,67,68,72,59.89999999999999,68.1,69.6,66.5,69.0,0.22956730769230768,0,0,MID,0,0,1,0,0,0,26.0,68.39999999999999,68.1,59.89999999999999,69.0
Morocco,Achraf Hakimi,"RB, RM",89,94,74,78,84,72,74,83.0,78.60000000000001,72.8,81.0,84.0,0.9895833333333334,1,0,DEF,0,1,0,0,1,1,1.0,73.6,78.60000000000001,83.0,2314.0
Morocco,Brahim Díaz,"CAM, LW",82,80,76,76,84,32,62,79.6,74.2,44.0,80.0,71.0,0.8854166666666666,0,0,MID,0,0,1,0,0,0,2.0,46.800000000000004,74.2,79.60000000000001,2050.0
Morocco,Yassine Bounou,GK,82,56,12,48,50,12,72,36.6,55.8,36.0,49.0,64.0,0.8854166666666666,0,0,GK,1,0,0,0,0,0,3.0,31.200000000000003,55.8,36.6,1968.0
Morocco,Nayef Aguerd,CB,81,72,50,67,65,82,77,61.099999999999994,69.39999999999999,80.0,66.0,74.5,0.8553685897435898,0,0,DEF,0,1,0,0,0,0,4.0,78.0,69.39999999999999,61.099999999999994,1863.0
Morocco,Noussair Mazraoui,"RB, CB, RM",80,75,66,76,80,77,72,72.9,76.0,75.0,78.0,73.5,0.8221153846153846,0,0,DEF,0,1,0,0,0,0,5.0,75.8,76.0,72.9,1760.0
Morocco,Ayoub El Kaabi,ST,80,82,82,62,75,46,77,79.9,70.39999999999999,58.4,68.5,79.5,0.8221153846153846,0,0,ATT,0,0,0,1,0,0,6.0,55.4,70.39999999999999,79.9,1680.0
Morocco,Ismael Saibari,"CM, CAM",79,76,68,72,78,48,68,73.4,72.6,56.0,75.0,72.0,0.7772435897435898,0,0,MID,0,0,1,0,0,0,7.0,56.8,72.6,73.4,1580.0
Morocco,Sofyan Amrabat,"CDM, CM, CB",78,61,70,73,74,75,82,68.5,76.0,77.80000000000001,73.5,71.5,0.7323717948717948,0,0,DEF,0,1,0,0,0,0,8.0,76.0,76.0,68.5,1482.0
Morocco,Hakim Ziyech,"CAM,LW",78,74,72,80,78,38,62,74.4,74.0,47.6,79.0,68.0,0.7323717948717948,0,0,MID,0,0,1,0,0,0,9.0,51.2,74.0,74.4,1404.0
Morocco,Soufiane Rahimi,"LM, LW, ST",78,85,76,72,77,38,66,79.0,71.7,49.2,74.5,75.5,0.7323717948717948,0,0,MID,0,0,1,0,0,0,10.0,50.4,71.7,79.0,1326.0
Morocco,Neil El Aynaoui,"CM, CDM",77,62,63,76,74,73,75,66.0,75.1,73.8,75.0,68.5,0.6790865384615384,0,0,MID,0,0,1,0,0,0,11.0,74.0,75.1,66.0,1232.0
Morocco,Abdessamad Ezzalzouli,"LM, LW",77,87,69,70,81,29,63,78.0,71.19999999999999,42.6,75.5,75.0,0.6790865384615384,0,0,MID,0,0,1,0,0,0,12.0,44.0,71.19999999999999,78.0,1155.0
Morocco,Azzedine Ounahi,"CM, CAM",76,64,66,73,77,63,67,68.7,72.39999999999999,64.6,75.0,65.5,0.624198717948718,0,0,MID,0,0,1,0,0,0,13.0,65.8,72.39999999999999,68.7,1064.0
Morocco,Bilal El Khannous,"CM,CAM",76,76,64,74,72,50,66,70.0,71.0,56.400000000000006,73.0,71.0,0.624198717948718,0,0,MID,0,0,1,0,0,0,14.0,58.0,71.0,70.0,988.0
Morocco,Issa Diop,CB,76,72,42,60,56,76,78,55.2,64.19999999999999,76.80000000000001,58.0,75.0,0.624198717948718,0,0,DEF,0,1,0,0,0,0,15.0,73.2,64.19999999999999,55.2,912.0
Morocco,Zakaria El Ouahdi,"RB, RM, RW",76,73,66,70,77,69,71,71.4,72.39999999999999,69.8,73.5,72.0,0.624198717948718,0,0,DEF,0,1,0,0,0,0,16.0,69.6,72.39999999999999,71.39999999999999,836.0
Morocco,Munir El Kajoui,GK,74,50,11,42,44,11,70,32.6,51.0,34.6,43.0,60.0,0.5224358974358975,0,0,GK,1,0,0,0,0,0,17.0,29.0,51.0,32.599999999999994,740.0
Morocco,Ayoub Bouaddi,"CM,CAM",73,72,60,70,66,54,64,65.39999999999999,67.0,58.0,68.0,68.0,0.469150641025641,0,0,MID,0,0,1,0,0,0,18.0,59.2,67.0,65.39999999999999,657.0
Morocco,Chemsdine Talbi,"RM, LM, RW",73,90,59,64,79,47,57,74.3,66.39999999999999,51.0,71.5,73.5,0.469150641025641,0,0,MID,0,0,1,0,0,0,19.0,52.400000000000006,66.39999999999999,74.3,584.0
Morocco,Chadi Riad,CB,72,70,40,58,62,78,78,55.599999999999994,65.19999999999999,78.0,60.0,74.0,0.40905448717948717,0,0,DEF,0,1,0,0,0,0,20.0,74.0,65.19999999999999,55.599999999999994,504.0
Morocco,Youssef Belammari,"RM,LM,RW",70,78,62,66,68,34,60,68.6,64.8,44.4,67.0,69.0,0.28205128205128205,0,0,MID,0,0,1,0,0,0,21.0,45.6,64.8,68.6,420.0
Morocco,Anass Salah-Eddine,"RB,CB",70,74,46,62,60,68,68,58.60000000000001,63.199999999999996,68.0,61.0,71.0,0.28205128205128205,0,0,DEF,0,1,0,0,0,0,22.0,66.8,63.199999999999996,58.6,350.0
Morocco,Yassine Gessim,"CB,LB",70,66,40,54,52,70,72,51.400000000000006,58.8,70.8,53.0,69.0,0.28205128205128205,0,0,DEF,0,1,0,0,0,0,23.0,67.2,58.8,51.4,280.0
Morocco,Ahmed Reda Tagnaouti,GK,70,48,10,42,44,10,68,31.599999999999998,50.4,33.2,43.0,58.0,0.28205128205128205,0,0,GK,1,0,0,0,0,0,24.0,28.0,50.4,31.599999999999998,210.0
Morocco,Samir El Mourabet,CM,66,57,51,63,64,59,61,56.7,62.7,59.8,63.5,59.0,0.08854166666666667,0,0,MID,0,0,1,0,0,0,25.0,60.2,62.7,56.7,132.0
Morocco,Redouane Halhal,CB,63,59,30,44,48,64,65,44.099999999999994,51.5,64.4,46.0,62.0,0.021634615384615384,0,0,DEF,0,1,0,0,0,0,26.0,60.2,51.5,44.099999999999994,63.0
Netherlands,Virgil van Dijk,CB,90,73,60,72,72,90,87,67.5,76.5,88.80000000000001,72.0,80.0,0.9963942307692307,1,1,DEF,0,1,0,0,1,1,1.0,85.80000000000001,76.5,67.5,2340.0
Netherlands,Frenkie de Jong,"CM, CDM",87,82,71,85,87,78,77,79.1,83.19999999999999,77.6,86.0,79.5,0.9743589743589743,1,0,MID,0,0,1,0,0,1,2.0,79.19999999999999,83.19999999999999,79.1,2175.0
Netherlands,Tijjani Reijnders,"CM, CAM",86,78,70,78,80,62,74,75.4,77.4,66.8,79.0,76.0,0.9639423076923077,1,0,MID,0,0,1,0,0,1,3.0,67.6,77.4,75.4,2064.0
Netherlands,Ryan Gravenberch,"CM, CDM",85,80,66,78,80,68,78,74.4,78.6,72.0,79.0,79.0,0.9507211538461539,1,0,MID,0,0,1,0,0,1,4.0,72.0,78.6,74.4,1955.0
Netherlands,Denzel Dumfries,"RB, RM",84,86,66,68,74,70,78,74.4,72.80000000000001,73.2,71.0,82.0,0.9314903846153846,0,0,DEF,0,1,0,0,0,0,5.0,71.2,72.80000000000001,74.4,1848.0
Netherlands,Cody Gakpo,"LW, ST",84,84,80,76,82,36,74,81.8,77.2,51.2,79.0,79.0,0.9314903846153846,0,0,ATT,0,0,0,1,0,0,6.0,51.6,77.2,81.8,1764.0
Netherlands,Nathan Aké,"CB, LB",83,74,44,66,68,82,80,60.2,70.8,81.19999999999999,67.0,77.0,0.9118589743589743,0,0,DEF,0,1,0,0,0,0,7.0,78.39999999999999,70.8,60.199999999999996,1660.0
Netherlands,Jurriën Timber,"CB, RB",82,80,54,72,76,82,78,68.4,75.0,80.4,74.0,79.0,0.8854166666666666,0,0,DEF,0,1,0,0,0,0,8.0,79.2,75.0,68.4,1558.0
Netherlands,Micky van de Ven,"CB, LB, LM",82,90,49,64,72,82,80,68.2,71.2,81.19999999999999,68.0,85.0,0.8854166666666666,0,0,DEF,0,1,0,0,0,0,9.0,77.99999999999999,71.2,68.2,1476.0
Netherlands,Marten de Roon,"CDM, CM",81,66,56,70,66,78,78,62.0,71.19999999999999,78.0,68.0,72.0,0.8553685897435898,0,0,MID,0,0,1,0,0,0,10.0,76.4,71.19999999999999,62.0,1377.0
Netherlands,Teun Koopmeiners,"CAM, CM",81,70,79,83,78,75,75,76.0,79.1,75.0,80.5,72.5,0.8553685897435898,0,0,MID,0,0,1,0,0,0,11.0,76.6,79.1,76.0,1296.0
Netherlands,Memphis Depay,"ST, LW, CAM",81,79,82,79,83,30,78,81.4,79.9,49.2,81.0,78.5,0.8553685897435898,0,0,MID,0,0,1,0,0,0,12.0,49.400000000000006,79.9,81.4,1215.0
Netherlands,Jan Paul van Hecke,CB,80,67,46,72,70,80,78,59.5,73.19999999999999,79.2,71.0,72.5,0.8221153846153846,0,0,DEF,0,1,0,0,0,0,13.0,78.0,73.19999999999999,59.5,1120.0
Netherlands,Quinten Timber,"CDM, CM",80,74,58,70,70,72,74,66.4,71.2,72.8,70.0,74.0,0.8221153846153846,0,0,MID,0,0,1,0,0,0,14.0,72.0,71.2,66.4,1040.0
Netherlands,Noa Lang,"LW, CAM",80,82,72,72,82,30,66,78.0,73.2,44.400000000000006,77.0,74.0,0.8221153846153846,0,0,MID,0,0,1,0,0,0,15.0,45.6,73.2,78.0,960.0
Netherlands,Justin Kluivert,"LW, CAM",79,82,74,72,80,32,68,78.2,73.19999999999999,46.400000000000006,76.0,75.0,0.7772435897435898,0,0,MID,0,0,1,0,0,0,16.0,47.199999999999996,73.19999999999999,78.2,869.0
Netherlands,Donyell Malen,"RM, RW, LM",79,86,78,72,82,35,67,81.6,73.5,47.8,77.0,76.5,0.7772435897435898,0,0,MID,0,0,1,0,0,0,17.0,48.8,73.5,81.6,790.0
Netherlands,Bart Verbruggen,GK,78,54,12,46,48,12,74,35.4,55.0,36.8,47.0,64.0,0.7323717948717948,0,0,GK,1,0,0,0,0,0,18.0,31.200000000000003,55.0,35.4,702.0
Netherlands,Wout Weghorst,"ST, CF",78,66,74,66,64,36,84,68.6,70.8,55.2,65.0,75.0,0.7323717948717948,0,0,ATT,0,0,0,1,0,0,19.0,51.6,70.8,68.60000000000001,624.0
Netherlands,Jorrel Hato,"LB, CB",78,85,41,70,74,75,73,64.1,72.1,74.2,72.0,79.0,0.7323717948717948,0,0,DEF,0,1,0,0,0,0,20.0,73.6,72.1,64.10000000000001,546.0
Netherlands,Mark Flekken,GK,78,54,11,46,48,11,72,35.0,54.39999999999999,35.4,47.0,63.0,0.7323717948717948,0,0,GK,1,0,0,0,0,0,21.0,30.200000000000003,54.39999999999999,35.0,468.0
Netherlands,Mats Wieffer,"CDM, CM",78,67,66,74,74,76,78,68.7,75.19999999999999,76.80000000000001,74.0,72.5,0.7323717948717948,0,0,MID,0,0,1,0,0,0,22.0,76.0,75.19999999999999,68.7,390.0
Netherlands,Guus Til,"CM, CAM",77,72,66,70,70,56,74,69.0,71.2,63.2,70.0,73.0,0.6790865384615384,0,0,MID,0,0,1,0,0,0,23.0,62.400000000000006,71.2,69.0,308.0
Netherlands,Brian Brobbey,ST,77,82,78,62,76,28,84,78.6,72.8,50.400000000000006,69.0,83.0,0.6790865384615384,0,0,ATT,0,0,0,1,0,0,24.0,46.0,72.8,78.6,231.0
Netherlands,Crysencio Summerville,"LW, RW",76,88,74,68,84,28,66,81.19999999999999,72.2,43.2,76.0,77.0,0.624198717948718,0,0,ATT,0,0,0,1,0,0,25.0,43.6,72.2,81.2,152.0
Netherlands,Robin Roefs,GK,74,52,11,44,46,11,72,33.8,53.0,35.4,45.0,62.0,0.5224358974358975,0,0,GK,1,0,0,0,0,0,26.0,29.8,53.0,33.8,74.0
New Zealand,Chris Wood,ST,77,70,76,60,62,38,76,70.0,65.39999999999999,53.2,61.0,73.0,0.6790865384615384,0,0,ATT,0,0,0,1,0,0,1.0,50.0,65.39999999999999,70.0,2002.0
New Zealand,Joe Bell,"CM, CDM",74,66,52,64,64,66,70,59.8,65.8,67.6,64.0,68.0,0.5224358974358975,0,0,MID,0,0,1,0,0,0,2.0,66.4,65.8,59.8,1850.0
New Zealand,Liberato Cacace,LB,72,76,46,60,64,66,66,60.400000000000006,63.0,66.0,62.0,71.0,0.40905448717948717,0,0,DEF,0,1,0,0,0,0,3.0,64.80000000000001,63.0,60.400000000000006,1728.0
New Zealand,Marko Stamenić,"CM, CDM",71,68,54,64,66,64,68,61.800000000000004,65.80000000000001,65.6,65.0,68.0,0.3449519230769231,0,0,MID,0,0,1,0,0,0,4.0,64.8,65.80000000000001,61.8,1633.0
New Zealand,Sarpreet Singh,"CM,CAM",70,72,62,68,68,44,62,66.8,66.2,51.2,68.0,67.0,0.28205128205128205,0,0,MID,0,0,1,0,0,0,5.0,52.4,66.2,66.8,1540.0
New Zealand,Michael Boxall,CB,70,62,34,50,52,72,74,47.8,57.8,72.8,51.0,68.0,0.28205128205128205,0,0,DEF,0,1,0,0,0,0,6.0,68.0,57.8,47.800000000000004,1470.0
New Zealand,Francis de Vries,"LB, LM",69,64,53,67,62,63,83,59.0,70.3,71.0,64.5,73.5,0.22956730769230768,0,0,DEF,0,1,0,0,0,0,7.0,67.8,70.3,59.0,1380.0
New Zealand,Ryan Thomas,"CM, CDM",69,68,65,71,72,54,63,68.0,68.9,57.6,71.5,65.5,0.22956730769230768,0,0,MID,0,0,1,0,0,0,8.0,59.2,68.9,68.0,1311.0
New Zealand,Tyler Bindon,CB,69,64,36,50,52,72,74,49.2,57.8,72.8,51.0,69.0,0.22956730769230768,0,0,DEF,0,1,0,0,0,0,9.0,68.0,57.8,49.2,1242.0
New Zealand,Kosta Barbarouses,"LW,RW",68,80,62,62,66,30,60,68.6,62.6,42.0,64.0,70.0,0.18028846153846154,0,0,ATT,0,0,0,1,0,0,10.0,42.4,62.6,68.6,1156.0
New Zealand,Max Crocombe,GK,68,44,11,40,42,11,62,30.2,47.2,31.4,41.0,53.0,0.18028846153846154,0,0,GK,1,0,0,0,0,0,11.0,27.0,47.2,30.200000000000003,1088.0
New Zealand,Finn Surman,CB,68,65,33,49,55,66,78,49.2,59.5,70.80000000000001,52.0,71.5,0.18028846153846154,0,0,DEF,0,1,0,0,0,0,12.0,65.0,59.5,49.2,1020.0
New Zealand,Alex Rufer,"CM, CDM",67,66,50,62,62,64,68,58.39999999999999,63.8,65.6,62.0,67.0,0.12740384615384615,0,0,MID,0,0,1,0,0,0,13.0,64.4,63.8,58.39999999999999,938.0
New Zealand,Nando Pijnaker,CB,67,62,34,48,50,70,72,47.2,55.8,70.8,49.0,67.0,0.12740384615384615,0,0,DEF,0,1,0,0,0,0,14.0,66.0,55.8,47.2,871.0
New Zealand,Callum McCowatt,"LW, RW",67,78,62,60,72,28,62,69.8,64.19999999999999,41.6,66.0,70.0,0.12740384615384615,0,0,ATT,0,0,0,1,0,0,15.0,41.2,64.19999999999999,69.8,804.0
New Zealand,Elijah Just,"LW, ST",66,76,64,60,70,28,66,69.4,64.8,43.2,65.0,71.0,0.08854166666666667,0,0,ATT,0,0,0,1,0,0,16.0,42.0,64.8,69.4,726.0
New Zealand,Ben Waine,ST,66,72,62,56,60,28,64,64.39999999999999,59.60000000000001,42.400000000000006,58.0,68.0,0.08854166666666667,0,0,ATT,0,0,0,1,0,0,17.0,40.800000000000004,59.60000000000001,64.4,660.0
New Zealand,Tommy Smith,"RB,CB",66,70,44,56,56,62,64,55.400000000000006,58.400000000000006,62.8,56.0,67.0,0.08854166666666667,0,0,DEF,0,1,0,0,0,0,18.0,61.2,58.400000000000006,55.400000000000006,594.0
New Zealand,Matthew Garbett,"CM, CAM",65,66,54,64,66,58,66,61.2,65.2,61.2,65.0,66.0,0.05448717948717949,0,0,MID,0,0,1,0,0,0,19.0,60.8,65.2,61.2,520.0
New Zealand,Ben Old,"LW,RW",65,76,60,60,62,28,56,65.39999999999999,59.39999999999999,39.2,61.0,66.0,0.05448717948717949,0,0,ATT,0,0,0,1,0,0,20.0,40.0,59.39999999999999,65.39999999999999,455.0
New Zealand,Alex Paulsen,"RB,CB",65,70,44,56,56,62,64,55.400000000000006,58.400000000000006,62.8,56.0,67.0,0.05448717948717949,0,0,DEF,0,1,0,0,0,0,21.0,61.2,58.400000000000006,55.400000000000006,390.0
New Zealand,Callan Elliot,"LW, ST",62,76,64,60,70,28,66,69.4,64.8,43.2,65.0,71.0,0.014022435897435898,0,0,ATT,0,0,0,1,0,0,22.0,42.0,64.8,69.4,310.0
New Zealand,Lachlan Bayliss,ST,62,72,68,54,62,26,72,67.39999999999999,61.8,44.4,58.0,72.0,0.014022435897435898,0,0,ATT,0,0,0,1,0,0,23.0,40.8,61.8,67.39999999999999,248.0
New Zealand,Tim Payne,GK,62,40,10,36,38,10,56,27.4,42.6,28.400000000000002,37.0,48.0,0.014022435897435898,0,0,GK,1,0,0,0,0,0,24.0,24.400000000000002,42.6,27.4,186.0
New Zealand,Michael Woud,GK,60,48,10,40,42,10,68,31.0,49.0,33.2,41.0,58.0,0.008413461538461538,0,0,GK,1,0,0,0,0,0,25.0,27.6,49.0,31.0,120.0
New Zealand,Jesse Randall,CM,60,64,50,62,62,60,66,57.8,63.2,62.400000000000006,62.0,65.0,0.008413461538461538,0,0,MID,0,0,1,0,0,0,26.0,61.6,63.2,57.8,60.0
Norway,Erling Haaland,ST,91,89,91,70,76,44,85,85.9,76.3,60.4,73.0,87.0,0.999198717948718,1,1,ATT,0,0,0,1,1,1,1.0,57.4,76.3,85.89999999999999,2366.0
Norway,Martin Ødegaard,"CM, CAM",87,68,79,88,87,67,65,78.1,80.8,66.19999999999999,87.5,66.5,0.9743589743589743,1,0,MID,0,0,1,0,0,1,2.0,70.8,80.8,78.1,2175.0
Norway,Alexander Sørloth,"ST, RW, RM",84,77,82,71,76,36,85,78.7,76.7,55.599999999999994,73.5,81.0,0.9314903846153846,0,0,MID,0,0,1,0,0,0,3.0,52.8,76.7,78.7,2016.0
Norway,Fredrik Aursnes,"CM, RB, RM, CAM",80,74,71,78,80,77,82,74.60000000000001,79.8,79.0,79.0,78.0,0.8221153846153846,0,0,DEF,0,1,0,0,0,0,4.0,78.19999999999999,79.8,74.6,1840.0
Norway,Julian Ryerson,"RB, LB, RM",79,74,63,71,76,77,82,70.2,75.8,79.0,73.5,78.0,0.7772435897435898,0,0,DEF,0,1,0,0,0,0,5.0,76.8,75.8,70.2,1738.0
Norway,Sander Berge,"CDM, CM",79,72,58,70,70,72,82,65.8,73.6,76.0,70.0,77.0,0.7772435897435898,0,0,MID,0,0,1,0,0,0,6.0,73.6,73.6,65.8,1659.0
Norway,Jørgen Strand Larsen,ST,78,75,79,62,70,32,83,75.1,70.69999999999999,52.400000000000006,66.0,79.0,0.7323717948717948,0,0,ATT,0,0,0,1,0,0,7.0,48.199999999999996,70.69999999999999,75.1,1560.0
Norway,Patrick Berg,"CDM, CM",77,73,67,75,73,71,78,70.6,75.3,73.80000000000001,74.0,75.5,0.6790865384615384,0,0,MID,0,0,1,0,0,0,8.0,73.2,75.3,70.6,1463.0
Norway,Ørjan Nyland,GK,76,50,11,42,44,11,70,32.6,51.0,34.6,43.0,60.0,0.624198717948718,0,0,GK,1,0,0,0,0,0,9.0,29.0,51.0,32.599999999999994,1368.0
Norway,Antonio Nusa,"LW, RW",76,86,72,68,80,28,66,78.6,71.0,43.2,74.0,76.0,0.624198717948718,0,0,ATT,0,0,0,1,0,0,10.0,43.6,71.0,78.6,1292.0
Norway,Kristian Thorstvedt,"CM, CAM",75,61,71,74,73,67,82,68.6,76.1,73.0,73.5,71.5,0.5765224358974359,0,0,MID,0,0,1,0,0,0,11.0,71.39999999999999,76.1,68.6,1200.0
Norway,Andreas Schjelderup,"LW, CAM",75,80,68,68,76,32,64,74.0,69.2,44.8,72.0,72.0,0.5765224358974359,0,0,MID,0,0,1,0,0,0,12.0,45.6,69.2,74.0,1125.0
Norway,Kristoffer Ajer,"CB, RB",75,74,40,60,62,76,78,56.8,66.0,76.80000000000001,61.0,76.0,0.5765224358974359,0,0,DEF,0,1,0,0,0,0,13.0,73.2,66.0,56.8,1050.0
Norway,Jens Petter Hauge,"LW, RW, LM",74,80,69,69,75,40,64,74.1,69.3,49.6,72.0,72.0,0.5224358974358975,0,0,MID,0,0,1,0,0,0,14.0,50.599999999999994,69.3,74.1,962.0
Norway,Fredrik Bjørkan,LB,74,74,46,60,64,66,66,59.8,63.0,66.0,62.0,70.0,0.5224358974358975,0,0,DEF,0,1,0,0,0,0,15.0,64.80000000000001,63.0,59.8,888.0
Norway,David Møller Wolfe,"LB, LM",73,78,53,65,69,67,77,65.30000000000001,69.8,71.0,67.0,77.5,0.469150641025641,0,0,DEF,0,1,0,0,0,0,16.0,68.6,69.8,65.3,803.0
Norway,Leo Østigård,CB,73,70,38,54,56,76,78,53.0,61.800000000000004,76.80000000000001,55.0,74.0,0.469150641025641,0,0,DEF,0,1,0,0,0,0,17.0,72.0,61.800000000000004,53.0,730.0
Norway,Torbjørn Heggem,RB,73,72,46,58,62,66,68,58.599999999999994,62.199999999999996,66.80000000000001,60.0,70.0,0.469150641025641,0,0,DEF,0,1,0,0,0,0,18.0,64.80000000000001,62.199999999999996,58.599999999999994,657.0
Norway,Marcus Holmgren Pedersen,"RB, RM",72,89,49,68,71,64,66,67.60000000000001,68.3,64.8,69.5,77.5,0.40905448717948717,0,0,DEF,0,1,0,0,0,0,19.0,65.2,68.3,67.6,576.0
Norway,Oscar Bobb,"RW, LW, RM",72,79,65,71,77,33,41,72.8,63.8,36.2,74.0,60.0,0.40905448717948717,0,0,MID,0,0,1,0,0,0,20.0,42.2,63.8,72.8,504.0
Norway,Morten Thorsby,CM,72,55,62,69,71,72,75,62.6,71.4,73.19999999999999,70.0,65.0,0.40905448717948717,0,0,MID,0,0,1,0,0,0,21.0,72.0,71.4,62.599999999999994,432.0
Norway,Sondre Langås,"CM, CDM",71,66,50,62,62,64,68,58.39999999999999,63.8,65.6,62.0,67.0,0.3449519230769231,0,0,MID,0,0,1,0,0,0,22.0,64.4,63.8,58.39999999999999,355.0
Norway,Egil Selvik,GK,70,48,10,40,42,10,68,31.0,49.0,33.2,41.0,58.0,0.28205128205128205,0,0,GK,1,0,0,0,0,0,23.0,27.6,49.0,31.0,280.0
Norway,Sander Tangvik,GK,69,74,66,58,66,26,70,68.4,64.0,43.6,62.0,72.0,0.22956730769230768,0,0,GK,1,0,0,0,0,0,24.0,41.2,64.0,68.4,207.0
Norway,Thelonious Aasgaard,"CAM, CM",68,70,60,66,68,46,64,65.4,66.0,53.2,67.0,67.0,0.18028846153846154,0,0,MID,0,0,1,0,0,0,25.0,53.6,66.0,65.4,136.0
Norway,Henrik Falchener,ST,65,68,66,52,60,26,70,64.80000000000001,59.8,43.6,56.0,69.0,0.05448717948717949,0,0,ATT,0,0,0,1,0,0,26.0,40.0,59.8,64.8,65.0
Panama,Amir Murillo,RB,76,78,50,62,66,68,70,63.199999999999996,65.6,68.8,64.0,74.0,0.624198717948718,0,0,DEF,0,1,0,0,0,0,1.0,67.2,65.6,63.2,1976.0
Panama,Adalberto Carrasquilla,"CM, CAM",75,66,56,64,66,50,64,62.0,64.60000000000001,55.6,65.0,65.0,0.5765224358974359,0,0,MID,0,0,1,0,0,0,2.0,55.599999999999994,64.60000000000001,62.0,1875.0
Panama,César Blackman,"CDM,CM",73,68,50,66,62,66,72,58.99999999999999,66.6,68.4,64.0,70.0,0.469150641025641,0,0,MID,0,0,1,0,0,0,3.0,67.2,66.6,59.0,1752.0
Panama,Luis Mejía,GK,72,50,11,42,44,11,70,32.6,51.0,34.6,43.0,60.0,0.40905448717948717,0,0,GK,1,0,0,0,0,0,4.0,29.0,51.0,32.599999999999994,1656.0
Panama,José Córdoba,CB,72,74,40,58,65,73,76,57.7,65.5,74.2,61.5,75.0,0.40905448717948717,0,0,DEF,0,1,0,0,0,0,5.0,70.6,65.5,57.7,1584.0
Panama,Harold Cummings,CB,72,70,42,56,54,72,74,54.0,60.8,72.8,55.0,72.0,0.40905448717948717,0,0,DEF,0,1,0,0,0,0,6.0,69.2,60.8,54.0,1512.0
Panama,Ismael Diaz,"ST, LW",72,76,68,58,68,26,64,70.4,62.8,41.2,63.0,70.0,0.40905448717948717,0,0,ATT,0,0,0,1,0,0,7.0,40.0,62.8,70.4,1440.0
Panama,Andres Andrade,"CDM, CM",71,66,52,62,62,68,70,59.2,64.4,68.8,62.0,68.0,0.3449519230769231,0,0,MID,0,0,1,0,0,0,8.0,67.2,64.4,59.2,1349.0
Panama,Anibal Godoy,"CDM, CM",71,68,52,62,62,68,70,59.8,64.4,68.8,62.0,69.0,0.3449519230769231,0,0,MID,0,0,1,0,0,0,9.0,67.2,64.4,59.8,1278.0
Panama,Jose Luis Rodriguez,"LW, ST",71,74,64,58,68,28,64,68.2,62.8,42.400000000000006,63.0,69.0,0.3449519230769231,0,0,ATT,0,0,0,1,0,0,10.0,41.2,62.8,68.19999999999999,1207.0
Panama,Jose Fajardo,"LW, ST",71,78,66,60,70,28,64,70.80000000000001,64.2,42.400000000000006,65.0,71.0,0.3449519230769231,0,0,ATT,0,0,0,1,0,0,11.0,41.6,64.2,70.8,1136.0
Panama,Eric Davis,"RB, CB",70,64,38,52,54,66,66,50.599999999999994,56.8,66.0,53.0,65.0,0.28205128205128205,0,0,DEF,0,1,0,0,0,0,12.0,63.2,56.8,50.599999999999994,1050.0
Panama,Orlando Mosquera,GK,70,48,10,40,42,10,68,31.0,49.0,33.2,41.0,58.0,0.28205128205128205,0,0,GK,1,0,0,0,0,0,13.0,27.6,49.0,31.0,980.0
Panama,Fidel Escobar,"CB, LB",70,64,36,50,52,68,68,49.2,56.0,68.0,51.0,66.0,0.28205128205128205,0,0,DEF,0,1,0,0,0,0,14.0,64.4,56.0,49.2,910.0
Panama,Cecilio Waterman,"ST, RW",70,80,68,58,70,26,68,72.2,64.6,42.800000000000004,64.0,74.0,0.28205128205128205,0,0,ATT,0,0,0,1,0,0,15.0,40.800000000000004,64.6,72.2,840.0
Panama,Yoel Barcenas,"LW, RW",69,76,64,60,70,28,62,69.4,63.599999999999994,41.6,65.0,69.0,0.22956730769230768,0,0,ATT,0,0,0,1,0,0,16.0,41.2,63.599999999999994,69.4,759.0
Panama,Alberto Quintero,"LW, CAM",68,74,62,60,68,28,62,67.4,63.0,41.6,64.0,68.0,0.18028846153846154,0,0,MID,0,0,1,0,0,0,17.0,41.2,63.0,67.4,680.0
Panama,Tomás Rodríguez,CB,68,66,40,54,52,68,70,51.400000000000006,58.2,68.8,53.0,68.0,0.18028846153846154,0,0,DEF,0,1,0,0,0,0,18.0,65.6,58.2,51.4,612.0
Panama,Roderick Miller,CB,68,66,40,52,50,66,68,50.8,56.199999999999996,66.80000000000001,51.0,67.0,0.18028846153846154,0,0,DEF,0,1,0,0,0,0,19.0,63.6,56.199999999999996,50.8,544.0
Panama,Edgardo Fariña,"CB,LB",68,66,38,52,50,66,68,50.0,56.199999999999996,66.80000000000001,51.0,67.0,0.18028846153846154,0,0,DEF,0,1,0,0,0,0,20.0,63.6,56.199999999999996,50.0,476.0
Panama,César Yanis,"CM,CAM",68,68,52,62,58,44,60,58.6,60.2,50.4,60.0,64.0,0.18028846153846154,0,0,MID,0,0,1,0,0,0,21.0,50.8,60.2,58.6,408.0
Panama,Jorge Gutiérrez,LB,67,68,42,54,52,64,66,52.8,57.0,64.8,53.0,67.0,0.12740384615384615,0,0,DEF,0,1,0,0,0,0,22.0,62.400000000000006,57.0,52.800000000000004,335.0
Panama,César Samudio,"CB,LB",67,66,38,52,50,66,68,50.0,56.199999999999996,66.80000000000001,51.0,67.0,0.12740384615384615,0,0,DEF,0,1,0,0,0,0,23.0,63.6,56.199999999999996,50.0,268.0
Panama,Gilberto Hernández,GK,66,42,10,38,40,11,60,28.6,45.2,30.6,39.0,51.0,0.08854166666666667,0,0,GK,1,0,0,0,0,0,24.0,26.200000000000003,45.2,28.6,198.0
Panama,Azarías Londoño,"LB, CB",65,64,36,50,52,66,66,49.2,55.400000000000006,66.0,51.0,65.0,0.05448717948717949,0,0,DEF,0,1,0,0,0,0,25.0,62.800000000000004,55.400000000000006,49.2,130.0
Panama,Carlos Harvey,"RB, CB",65,64,38,52,54,68,68,50.599999999999994,57.4,68.0,53.0,66.0,0.05448717948717949,0,0,DEF,0,1,0,0,0,0,26.0,64.8,57.4,50.599999999999994,65.0
Paraguay,Alejandro Gamarra,RB,79,74,48,58,62,68,68,60.0,62.199999999999996,68.0,60.0,71.0,0.7772435897435898,0,0,DEF,0,1,0,0,0,0,1.0,66.0,62.199999999999996,60.0,2054.0
Paraguay,Omar Alderete,CB,78,70,40,54,56,78,78,53.8,61.800000000000004,78.0,55.0,74.0,0.7323717948717948,0,0,DEF,0,1,0,0,0,0,2.0,73.2,61.800000000000004,53.8,1950.0
Paraguay,Diego Gómez,"CM, CAM",77,79,71,76,78,72,77,75.5,76.89999999999999,74.0,77.0,78.0,0.6790865384615384,0,0,MID,0,0,1,0,0,0,3.0,73.8,76.89999999999999,75.5,1848.0
Paraguay,Fabián Balbuena,CB,76,68,44,60,56,76,78,54.800000000000004,64.19999999999999,76.80000000000001,58.0,73.0,0.624198717948718,0,0,DEF,0,1,0,0,0,0,4.0,73.2,64.19999999999999,54.8,1748.0
Paraguay,Antonio Sanabria,ST,76,75,75,68,79,32,57,76.2,68.0,42.0,73.5,66.0,0.624198717948718,0,0,ATT,0,0,0,1,0,0,5.0,44.2,68.0,76.2,1672.0
Paraguay,Gustavo Gómez,CB,76,68,46,60,56,76,78,55.6,64.19999999999999,76.80000000000001,58.0,73.0,0.624198717948718,0,0,DEF,0,1,0,0,0,0,6.0,73.2,64.19999999999999,55.599999999999994,1596.0
Paraguay,Miguel Almirón,"CAM, CM",76,84,72,74,80,50,70,78.0,74.6,58.0,77.0,77.0,0.624198717948718,0,0,MID,0,0,1,0,0,0,7.0,58.8,74.6,78.0,1520.0
Paraguay,Ramón Sosa,"RW,LW",75,82,68,68,72,36,62,73.39999999999999,67.39999999999999,46.4,70.0,72.0,0.5765224358974359,0,0,ATT,0,0,0,1,0,0,8.0,47.6,67.39999999999999,73.39999999999999,1425.0
Paraguay,Gabriel Ávalos,ST,75,72,74,58,66,28,74,71.0,65.2,46.400000000000006,62.0,73.0,0.5765224358974359,0,0,ATT,0,0,0,1,0,0,9.0,43.2,65.2,71.0,1350.0
Paraguay,Álex Arce,ST,75,59,79,50,70,23,64,70.3,60.2,39.4,60.0,61.5,0.5765224358974359,0,0,ATT,0,0,0,1,0,0,10.0,36.6,60.2,70.3,1275.0
Paraguay,Júnior Alonso,CB,74,70,44,60,56,74,76,55.400000000000006,63.599999999999994,74.8,58.0,73.0,0.5224358974358975,0,0,DEF,0,1,0,0,0,0,11.0,71.6,63.599999999999994,55.400000000000006,1184.0
Paraguay,Andrés Cubas,"CDM, CM",74,70,56,66,66,72,74,63.2,68.4,72.8,66.0,72.0,0.5224358974358975,0,0,MID,0,0,1,0,0,0,12.0,71.2,68.4,63.2,1110.0
Paraguay,Maurício,"CB,CDM",74,70,44,60,56,72,74,55.400000000000006,63.0,72.8,58.0,72.0,0.5224358974358975,0,0,DEF,0,1,0,0,0,0,13.0,70.0,63.0,55.400000000000006,1036.0
Paraguay,Julio Enciso,"CAM, LW",73,78,72,70,78,36,64,75.6,70.6,47.2,74.0,71.0,0.469150641025641,0,0,MID,0,0,1,0,0,0,14.0,48.4,70.6,75.6,949.0
Paraguay,Juan Caceres,CB,73,68,42,58,54,72,74,53.4,61.60000000000001,72.8,56.0,71.0,0.469150641025641,0,0,DEF,0,1,0,0,0,0,15.0,69.6,61.60000000000001,53.400000000000006,876.0
Paraguay,Gustavo Velázquez,GK,73,48,10,40,42,10,68,31.0,49.0,33.2,41.0,58.0,0.469150641025641,0,0,GK,1,0,0,0,0,0,16.0,27.6,49.0,31.0,803.0
Paraguay,Damián Bobadilla,"CM,CDM",72,70,52,66,62,64,70,60.4,66.0,66.4,64.0,70.0,0.40905448717948717,0,0,MID,0,0,1,0,0,0,17.0,65.6,66.0,60.39999999999999,720.0
Paraguay,Santiago Arzamendia,LB,72,74,46,62,60,68,68,58.60000000000001,63.199999999999996,68.0,61.0,71.0,0.40905448717948717,0,0,DEF,0,1,0,0,0,0,18.0,66.8,63.199999999999996,58.6,648.0
Paraguay,Gustavo Caballero,"CDM,CM",70,66,48,64,60,66,70,57.0,64.6,67.6,62.0,68.0,0.28205128205128205,0,0,MID,0,0,1,0,0,0,19.0,66.4,64.6,57.0,560.0
Paraguay,Braian Ojeda,"CM, CDM",70,70,56,68,70,68,70,64.4,69.2,68.8,69.0,70.0,0.28205128205128205,0,0,MID,0,0,1,0,0,0,20.0,68.4,69.2,64.4,490.0
Paraguay,Matías Galarza,"CM, CDM",70,71,64,68,72,65,73,68.5,70.69999999999999,68.2,70.0,72.0,0.28205128205128205,0,0,MID,0,0,1,0,0,0,21.0,67.2,70.69999999999999,68.5,420.0
Paraguay,Roberto Fernández,GK,70,71,66,64,71,44,69,69.0,67.60000000000001,54.0,67.5,70.0,0.28205128205128205,0,0,GK,1,0,0,0,0,0,22.0,53.0,67.60000000000001,69.0,350.0
Paraguay,José Canale,"LB, CB",69,64,36,50,54,68,68,49.8,56.6,68.0,52.0,66.0,0.22956730769230768,0,0,DEF,0,1,0,0,0,0,23.0,64.4,56.6,49.8,276.0
Paraguay,Isidro Pitta,ST,68,74,64,56,60,28,66,65.8,60.2,43.2,58.0,70.0,0.18028846153846154,0,0,ATT,0,0,0,1,0,0,24.0,41.2,60.2,65.8,204.0
Paraguay,Orlando Gill,GK,65,48,10,40,42,10,66,31.0,48.400000000000006,32.400000000000006,41.0,57.0,0.05448717948717949,0,0,GK,1,0,0,0,0,0,25.0,27.200000000000003,48.400000000000006,31.0,130.0
Paraguay,Alexandro Maidana,CB,58,62,34,48,50,70,72,47.2,55.8,70.8,49.0,67.0,0.004006410256410256,0,0,DEF,0,1,0,0,0,0,26.0,66.0,55.8,47.2,58.0
Portugal,Bruno Fernandes,"CAM, CM",89,74,82,85,82,50,72,79.60000000000001,80.19999999999999,58.8,83.5,73.0,0.9895833333333334,1,0,MID,0,0,1,0,1,1,1.0,61.4,80.19999999999999,79.6,2314.0
Portugal,Vitinha,"CM, CDM",89,70,66,84,82,64,68,72.0,78.6,65.6,83.0,69.0,0.9895833333333334,1,0,MID,0,0,1,0,1,1,2.0,68.8,78.6,72.0,2225.0
Portugal,Rúben Dias,CB,86,72,44,68,66,90,82,59.0,71.6,86.80000000000001,67.0,77.0,0.9639423076923077,1,0,DEF,0,1,0,0,0,1,3.0,84.0,71.6,59.0,2064.0
Portugal,Nuno Mendes,LB,86,88,56,72,78,70,72,72.19999999999999,73.8,70.8,75.0,80.0,0.9639423076923077,1,0,DEF,0,1,0,0,0,1,4.0,70.8,73.8,72.19999999999999,1978.0
Portugal,João Neves,"CDM, CM",85,74,60,80,80,74,70,70.2,77.0,72.4,80.0,72.0,0.9507211538461539,1,0,MID,0,0,1,0,0,1,5.0,74.4,77.0,70.2,1870.0
Portugal,Cristiano Ronaldo,"ST, LW",85,84,93,82,86,30,82,88.2,83.2,50.800000000000004,84.0,83.0,0.9507211538461539,1,0,ATT,0,0,0,1,0,1,6.0,50.80000000000001,83.2,88.2,1785.0
Portugal,Rúben Neves,"CDM, CM",84,66,68,82,74,72,76,69.2,77.8,73.6,78.0,71.0,0.9314903846153846,0,0,MID,0,0,1,0,0,0,7.0,74.8,77.8,69.2,1680.0
Portugal,João Cancelo,"RB, LB",84,84,62,80,82,74,72,74.6,78.19999999999999,73.2,81.0,78.0,0.9314903846153846,0,0,DEF,0,1,0,0,0,0,8.0,74.8,78.19999999999999,74.6,1596.0
Portugal,Rafael Leão,"LW, ST",84,90,78,74,86,28,72,84.0,77.0,45.6,80.0,81.0,0.9314903846153846,0,0,ATT,0,0,0,1,0,0,9.0,46.0,77.0,84.0,1512.0
Portugal,Diogo Costa,GK,84,58,13,52,54,13,76,38.8,59.8,38.2,53.0,67.0,0.9314903846153846,0,0,GK,1,0,0,0,0,0,10.0,33.4,59.8,38.8,1428.0
Portugal,Francisco Trincão,"RW, LW",82,84,72,70,80,30,66,78.0,71.8,44.400000000000006,75.0,75.0,0.8854166666666666,0,0,ATT,0,0,0,1,0,0,11.0,45.2,71.8,78.0,1312.0
Portugal,Gonçalo Inácio,"CB, LB",81,74,40,62,62,82,78,56.8,66.8,80.4,62.0,76.0,0.8553685897435898,0,0,DEF,0,1,0,0,0,0,12.0,77.2,66.8,56.8,1215.0
Portugal,Rui Silva,GK,81,52,11,44,46,11,70,33.8,52.4,34.6,45.0,61.0,0.8553685897435898,0,0,GK,1,0,0,0,0,0,13.0,29.400000000000002,52.4,33.8,1134.0
Portugal,Bernardo Silva,"CAM, RW",80,80,78,87,87,58,72,81.3,82.5,63.599999999999994,87.0,76.0,0.8221153846153846,0,0,MID,0,0,1,0,0,0,14.0,66.6,82.5,81.3,1040.0
Portugal,Gonçalo Ramos,ST,80,76,84,72,76,30,78,79.2,75.0,49.2,74.0,77.0,0.8221153846153846,0,0,ATT,0,0,0,1,0,0,15.0,48.0,75.0,79.2,960.0
Portugal,Pedro Neto,"LW, RW",80,88,74,74,84,32,66,81.19999999999999,74.6,45.6,79.0,77.0,0.8221153846153846,0,0,ATT,0,0,0,1,0,0,16.0,47.2,74.6,81.2,880.0
Portugal,João Félix,"CAM, LW",79,80,80,78,84,40,68,81.2,76.80000000000001,51.2,81.0,74.0,0.7772435897435898,0,0,MID,0,0,1,0,0,0,17.0,53.2,76.80000000000001,81.2,790.0
Portugal,Diogo Dalot,"RB, LB",79,80,58,70,74,72,74,69.4,72.4,72.8,72.0,77.0,0.7772435897435898,0,0,DEF,0,1,0,0,0,0,18.0,72.0,72.4,69.4,711.0
Portugal,Francisco Conceição,"RW, LW",79,86,74,70,80,32,66,79.4,71.8,45.6,75.0,76.0,0.7772435897435898,0,0,ATT,0,0,0,1,0,0,19.0,46.4,71.8,79.4,632.0
Portugal,Matheus Nunes,"CM, CDM",79,85,70,76,79,73,76,77.2,76.9,74.2,77.5,80.5,0.7772435897435898,0,0,MID,0,0,1,0,0,0,20.0,74.2,76.9,77.2,553.0
Portugal,Tomás Araújo,CB,78,74,38,56,58,78,76,54.8,62.599999999999994,77.2,57.0,75.0,0.7323717948717948,0,0,DEF,0,1,0,0,0,0,21.0,73.2,62.599999999999994,54.8,468.0
Portugal,Samuel Costa,"CDM, CM",78,64,48,60,62,64,66,57.0,62.39999999999999,64.8,61.0,65.0,0.7323717948717948,0,0,MID,0,0,1,0,0,0,22.0,63.6,62.39999999999999,57.0,390.0
Portugal,Nélson Semedo,RB,77,84,54,68,72,72,74,68.4,71.0,72.8,70.0,79.0,0.6790865384615384,0,0,DEF,0,1,0,0,0,0,23.0,71.6,71.0,68.39999999999999,308.0
Portugal,José Sá,GK,77,54,12,46,48,12,72,35.4,54.39999999999999,36.0,47.0,63.0,0.6790865384615384,0,0,GK,1,0,0,0,0,0,24.0,30.800000000000004,54.39999999999999,35.4,231.0
Portugal,Renato Veiga,"CB, CDM",76,74,40,60,62,78,76,56.8,65.39999999999999,77.2,61.0,75.0,0.624198717948718,0,0,DEF,0,1,0,0,0,0,25.0,74.0,65.39999999999999,56.8,152.0
Portugal,Gonçalo Guedes,"LW, RW",75,82,72,68,78,32,68,76.8,71.0,46.400000000000006,73.0,75.0,0.5765224358974359,0,0,ATT,0,0,0,1,0,0,26.0,46.4,71.0,76.8,75.0
Qatar,Akram Afif,"LW, CAM",78,85,76,74,84,32,66,81.1,74.6,45.6,79.0,75.5,0.7323717948717948,0,0,MID,0,0,1,0,0,0,1.0,47.2,74.6,81.10000000000001,2028.0
Qatar,Edmilson Júnior,"CAM, LW",76,78,68,72,78,36,64,74.0,71.4,47.2,75.0,71.0,0.624198717948718,0,0,MID,0,0,1,0,0,0,2.0,48.8,71.4,74.0,1900.0
Qatar,Almoez Ali,"ST, CF",74,80,78,64,74,30,72,77.4,69.39999999999999,46.8,69.0,76.0,0.5224358974358975,0,0,ATT,0,0,0,1,0,0,3.0,45.2,69.39999999999999,77.4,1776.0
Qatar,Hassan Al-Haydos,"CAM,RM",74,74,66,72,70,46,64,69.60000000000001,69.0,53.2,71.0,69.0,0.5224358974358975,0,0,MID,0,0,1,0,0,0,4.0,54.8,69.0,69.6,1702.0
Qatar,Pedro Miguel,LB,72,77,58,66,69,71,75,67.0,69.6,72.6,67.5,76.0,0.40905448717948717,0,0,DEF,0,1,0,0,0,0,5.0,70.8,69.6,67.0,1584.0
Qatar,Karim Boudiaf,"CM, CDM",71,50,62,71,69,67,74,60.5,71.3,69.8,70.0,62.0,0.3449519230769231,0,0,MID,0,0,1,0,0,0,6.0,69.2,71.3,60.5,1491.0
Qatar,Boualem Khoukhi,"CB, CDM",71,60,60,57,54,71,76,58.2,61.8,73.0,55.5,68.0,0.3449519230769231,0,0,DEF,0,1,0,0,0,0,7.0,69.2,61.8,58.2,1420.0
Qatar,Abdulaziz Hatem,"CAM, CM",70,72,66,70,74,42,66,70.2,70.0,51.6,72.0,69.0,0.28205128205128205,0,0,MID,0,0,1,0,0,0,8.0,52.4,70.0,70.2,1330.0
Qatar,Lucas Mendes,"CB, LB",70,66,36,52,56,74,72,51.0,59.2,73.2,54.0,69.0,0.28205128205128205,0,0,DEF,0,1,0,0,0,0,9.0,69.2,59.2,51.0,1260.0
Qatar,Ahmed Alaaeldin,"CM,CAM",70,70,58,66,64,48,62,63.400000000000006,64.2,53.599999999999994,65.0,66.0,0.28205128205128205,0,0,MID,0,0,1,0,0,0,10.0,54.4,64.2,63.400000000000006,1190.0
Qatar,Meshaal Barsham,GK,70,52,11,44,46,11,72,33.8,53.0,35.4,45.0,62.0,0.28205128205128205,0,0,GK,1,0,0,0,0,0,11.0,29.8,53.0,33.8,1120.0
Qatar,Homam Ahmed,"CM, CDM",68,70,54,64,66,68,70,62.400000000000006,66.4,68.8,65.0,70.0,0.18028846153846154,0,0,MID,0,0,1,0,0,0,12.0,67.6,66.4,62.400000000000006,1020.0
Qatar,Sultan Al-Brake,"CDM,CM",68,64,46,62,58,64,68,55.0,62.6,65.6,60.0,66.0,0.18028846153846154,0,0,MID,0,0,1,0,0,0,13.0,64.4,62.6,55.0,952.0
Qatar,Ahmed Fathi,RB,68,68,44,56,60,66,66,56.0,60.2,66.0,58.0,67.0,0.18028846153846154,0,0,DEF,0,1,0,0,0,0,14.0,64.0,60.2,56.0,884.0
Qatar,Ahmed Al-Janehi,"RW,LW",67,72,58,62,62,30,58,63.39999999999999,60.8,41.2,62.0,65.0,0.12740384615384615,0,0,ATT,0,0,0,1,0,0,15.0,42.0,60.8,63.39999999999999,804.0
Qatar,Tahsin Mohammed,"CDM,CM",67,64,46,62,58,64,68,55.0,62.6,65.6,60.0,66.0,0.12740384615384615,0,0,MID,0,0,1,0,0,0,16.0,64.4,62.6,55.0,737.0
Qatar,Mahmoud Abunada,GK,66,44,11,40,42,11,60,30.2,46.6,30.6,41.0,52.0,0.08854166666666667,0,0,GK,1,0,0,0,0,0,17.0,26.6,46.6,30.200000000000003,660.0
Qatar,Issa Laye,"RB,CB",66,68,42,54,54,64,66,53.4,57.599999999999994,64.8,54.0,67.0,0.08854166666666667,0,0,DEF,0,1,0,0,0,0,18.0,62.400000000000006,57.599999999999994,53.400000000000006,594.0
Qatar,Mohammed Muntari,ST,66,63,66,48,60,27,69,63.300000000000004,57.900000000000006,43.8,54.0,66.0,0.08854166666666667,0,0,ATT,0,0,0,1,0,0,19.0,39.6,57.900000000000006,63.3,528.0
Qatar,Al-Hashmi Al-Hussain,"CM,CDM",66,62,44,60,56,62,66,53.0,60.599999999999994,63.599999999999994,58.0,64.0,0.08854166666666667,0,0,MID,0,0,1,0,0,0,20.0,62.4,60.599999999999994,53.0,462.0
Qatar,Ali Al-Jassim,"CM,CDM",65,62,44,58,54,60,64,52.39999999999999,58.60000000000001,61.6,56.0,63.0,0.05448717948717949,0,0,MID,0,0,1,0,0,0,21.0,60.4,58.60000000000001,52.400000000000006,390.0
Qatar,Yusuf Abdurisag,"RW, ST, RM",65,82,56,57,68,30,51,67.39999999999999,58.5,38.400000000000006,62.5,66.5,0.05448717948717949,0,0,MID,0,0,1,0,0,0,22.0,39.6,58.5,67.4,325.0
Qatar,Assim Madibo,"CDM, CM",65,70,52,64,66,72,74,61.6,67.60000000000001,72.8,65.0,72.0,0.05448717948717949,0,0,MID,0,0,1,0,0,0,23.0,70.8,67.60000000000001,61.599999999999994,260.0
Qatar,Salah Zakaria,CB,64,60,34,48,50,70,72,46.6,55.8,70.8,49.0,66.0,0.03205128205128205,0,0,DEF,0,1,0,0,0,0,24.0,66.0,55.8,46.6,192.0
Qatar,Mohammed Mannai,CB,64,62,36,50,48,64,66,47.39999999999999,54.2,64.8,49.0,64.0,0.03205128205128205,0,0,DEF,0,1,0,0,0,0,25.0,61.6,54.2,47.4,128.0
Qatar,Jassem Gaber,RB,63,70,46,58,62,68,68,58.0,62.199999999999996,68.0,60.0,69.0,0.021634615384615384,0,0,DEF,0,1,0,0,0,0,26.0,66.0,62.199999999999996,58.0,63.0
Saudi Arabia,Salem Al-Dawsari,"LW, CAM",79,82,76,78,80,58,69,79.0,75.9,62.4,79.0,75.5,0.7772435897435898,0,0,MID,0,0,1,0,0,0,1.0,64.19999999999999,75.9,79.0,2054.0
Saudi Arabia,Saud Abdulhamid,RB,75,88,57,68,73,72,74,71.1,71.3,72.8,70.5,81.0,0.5765224358974359,0,0,DEF,0,1,0,0,0,0,2.0,71.6,71.3,71.1,1875.0
Saudi Arabia,Mohamed Al-Owais,GK,74,48,12,44,46,13,68,33.0,51.8,35.0,45.0,58.0,0.5224358974358975,0,0,GK,1,0,0,0,0,0,3.0,30.200000000000003,51.8,33.0,1776.0
Saudi Arabia,Abdulelah Al-Amri,"CDM, CM",72,71,38,58,63,74,77,55.400000000000006,65.2,75.2,60.5,74.0,0.40905448717948717,0,0,MID,0,0,1,0,0,0,4.0,71.4,65.2,55.4,1656.0
Saudi Arabia,Hassan Tambakti,CB,72,68,38,52,54,74,78,51.8,60.4,75.6,53.0,73.0,0.40905448717948717,0,0,DEF,0,1,0,0,0,0,5.0,70.4,60.4,51.8,1584.0
Saudi Arabia,Feras Al-Brikan,"ST, LW",72,75,71,61,70,32,73,71.9,67.30000000000001,48.400000000000006,65.5,74.0,0.40905448717948717,0,0,ATT,0,0,0,1,0,0,6.0,46.0,67.30000000000001,71.9,1512.0
Saudi Arabia,Mohamed Kanno,"CDM, CM",72,70,56,66,66,72,72,63.2,67.8,72.0,66.0,71.0,0.40905448717948717,0,0,MID,0,0,1,0,0,0,7.0,70.8,67.8,63.2,1440.0
Saudi Arabia,Abdullah Al-Khaibari,"CM, CAM",71,68,56,68,69,72,78,63.5,71.30000000000001,74.4,68.5,73.0,0.3449519230769231,0,0,MID,0,0,1,0,0,0,8.0,72.4,71.30000000000001,63.5,1349.0
Saudi Arabia,Hassan Kadesh,"RW, LW",71,76,62,60,72,30,64,69.2,64.8,43.6,66.0,70.0,0.3449519230769231,0,0,ATT,0,0,0,1,0,0,9.0,42.8,64.8,69.2,1278.0
Saudi Arabia,Nasser Al-Dawsari,"LW, RW",70,73,60,69,71,68,74,67.19999999999999,71.10000000000001,70.4,70.0,73.5,0.28205128205128205,0,0,ATT,0,0,0,1,0,0,10.0,69.39999999999999,71.10000000000001,67.2,1190.0
Saudi Arabia,Ali Majrashi,"RB, RM",70,86,44,52,64,63,74,62.599999999999994,62.2,67.4,58.0,80.0,0.28205128205128205,0,0,DEF,0,1,0,0,0,0,11.0,62.99999999999999,62.2,62.60000000000001,1120.0
Saudi Arabia,Moteb Al-Harbi,"RW, LW",70,82,50,64,69,68,72,65.3,67.89999999999999,69.6,66.5,77.0,0.28205128205128205,0,0,ATT,0,0,0,1,0,0,12.0,68.0,67.89999999999999,65.3,1050.0
Saudi Arabia,Ali Al-Lajami,CB,70,67,35,52,60,72,76,52.099999999999994,61.599999999999994,73.6,56.0,71.5,0.28205128205128205,0,0,DEF,0,1,0,0,0,0,13.0,68.8,61.599999999999994,52.099999999999994,980.0
Saudi Arabia,Nawaf Al-Aqidi,CB,70,71,66,68,70,35,70,68.7,69.2,49.0,69.0,70.5,0.28205128205128205,0,0,DEF,0,1,0,0,0,0,14.0,48.6,69.2,68.7,910.0
Saudi Arabia,Abdullah Al-Hamdan,"ST,LW",70,72,64,60,62,30,64,65.8,61.8,43.6,61.0,68.0,0.28205128205128205,0,0,ATT,0,0,0,1,0,0,15.0,42.8,61.8,65.8,840.0
Saudi Arabia,Saleh Al-Shehri,ST,69,65,70,60,67,31,72,67.6,65.69999999999999,47.4,63.5,68.5,0.22956730769230768,0,0,ATT,0,0,0,1,0,0,16.0,45.0,65.69999999999999,67.6,759.0
Saudi Arabia,Khalid Al-Ghannam,"CM,CDM",69,64,46,62,58,62,68,55.0,62.6,64.4,60.0,66.0,0.22956730769230768,0,0,MID,0,0,1,0,0,0,17.0,63.199999999999996,62.6,55.0,690.0
Saudi Arabia,Mohammed Abu Alshamat,"ST, LW",68,76,48,62,67,67,70,62.099999999999994,65.9,68.19999999999999,64.5,73.0,0.18028846153846154,0,0,ATT,0,0,0,1,0,0,18.0,66.6,65.9,62.099999999999994,612.0
Saudi Arabia,Musab Al-Juwayr,"LW, RW",68,72,61,69,72,58,65,67.6,68.7,60.8,70.5,68.5,0.18028846153846154,0,0,ATT,0,0,0,1,0,0,19.0,61.599999999999994,68.7,67.6,544.0
Saudi Arabia,Ayman Yahya,LB,68,72,44,58,62,66,68,57.8,62.199999999999996,66.80000000000001,60.0,70.0,0.18028846153846154,0,0,DEF,0,1,0,0,0,0,20.0,64.80000000000001,62.199999999999996,57.8,476.0
Saudi Arabia,Alaa Al-Hejji,CB,68,64,38,52,50,68,70,49.400000000000006,56.8,68.8,51.0,67.0,0.18028846153846154,0,0,DEF,0,1,0,0,0,0,21.0,65.2,56.8,49.4,408.0
Saudi Arabia,Ziyad Al-Johani,LB,67,69,58,67,70,64,68,64.9,68.19999999999999,65.6,68.5,68.5,0.12740384615384615,0,0,DEF,0,1,0,0,0,0,22.0,65.4,68.19999999999999,64.9,335.0
Saudi Arabia,Sultan Mandash,"LB, RB",67,70,44,58,60,66,66,56.6,61.0,66.0,59.0,68.0,0.12740384615384615,0,0,DEF,0,1,0,0,0,0,23.0,64.4,61.0,56.6,268.0
Saudi Arabia,Ahmed Alkassar,"CM, CDM",67,68,64,66,69,35,68,66.69999999999999,67.5,48.2,67.5,68.0,0.12740384615384615,0,0,MID,0,0,1,0,0,0,24.0,47.800000000000004,67.5,66.7,201.0
Saudi Arabia,Nawaf Boushal,"CM, CDM",67,68,52,64,64,66,68,60.4,65.19999999999999,66.80000000000001,64.0,68.0,0.12740384615384615,0,0,MID,0,0,1,0,0,0,25.0,66.0,65.19999999999999,60.400000000000006,134.0
Saudi Arabia,Jehad Thakri,"RW, LW",66,74,60,58,68,28,62,66.6,62.2,41.6,63.0,68.0,0.08854166666666667,0,0,ATT,0,0,0,1,0,0,26.0,40.800000000000004,62.2,66.6,66.0
Scotland,Scott McTominay,"CM, CDM",85,72,68,72,70,74,84,69.8,75.0,78.0,71.0,78.0,0.9507211538461539,1,0,MID,0,0,1,0,0,1,1.0,75.60000000000001,75.0,69.8,2210.0
Scotland,Andrew Robertson,LB,82,80,62,82,80,76,76,72.8,79.60000000000001,76.0,81.0,78.0,0.8854166666666666,0,0,DEF,0,1,0,0,0,0,2.0,77.2,79.60000000000001,72.8,2050.0
Scotland,John McGinn,"LM, RM, CAM, LB",81,69,77,78,80,77,83,75.5,80.1,79.4,79.0,76.0,0.8553685897435898,0,0,DEF,0,1,0,0,0,0,3.0,78.4,80.1,75.5,1944.0
Scotland,Ryan Christie,"CDM, CM, CAM",79,69,70,77,78,74,76,72.1,77.0,74.8,77.5,72.5,0.7772435897435898,0,0,MID,0,0,1,0,0,0,4.0,75.0,77.0,72.1,1817.0
Scotland,Lewis Ferguson,"CM, CDM, CAM",78,72,78,74,78,72,75,76.2,75.5,73.19999999999999,76.0,73.5,0.7323717948717948,0,0,MID,0,0,1,0,0,0,5.0,73.0,75.5,76.19999999999999,1716.0
Scotland,Che Adams,"ST, CF",77,80,74,64,74,32,74,75.8,70.0,48.8,69.0,77.0,0.6790865384615384,0,0,ATT,0,0,0,1,0,0,6.0,46.8,70.0,75.8,1617.0
Scotland,Kieran Tierney,"LB, LM",77,76,60,75,76,75,73,69.6,74.69999999999999,74.2,75.5,74.5,0.6790865384615384,0,0,DEF,0,1,0,0,0,0,7.0,74.6,74.69999999999999,69.6,1540.0
Scotland,Scott McKenna,CB,75,68,38,54,54,76,80,51.8,61.8,77.6,54.0,74.0,0.5765224358974359,0,0,DEF,0,1,0,0,0,0,8.0,72.4,61.8,51.8,1425.0
Scotland,Kenny McLean,"CM,CDM",74,68,52,70,66,66,72,61.0,69.39999999999999,68.4,68.0,70.0,0.5224358974358975,0,0,MID,0,0,1,0,0,0,9.0,68.0,69.39999999999999,61.0,1332.0
Scotland,Jack Hendry,CB,74,66,36,52,54,74,76,50.400000000000006,59.8,74.8,53.0,71.0,0.5224358974358975,0,0,DEF,0,1,0,0,0,0,10.0,70.0,59.8,50.400000000000006,1258.0
Scotland,Aaron Hickey,"RB, LB",74,82,60,68,72,74,72,70.19999999999999,70.39999999999999,73.2,70.0,77.0,0.5224358974358975,0,0,DEF,0,1,0,0,0,0,11.0,72.4,70.39999999999999,70.19999999999999,1184.0
Scotland,John Souttar,CB,73,73,48,63,70,72,77,62.1,69.3,74.0,66.5,75.0,0.469150641025641,0,0,DEF,0,1,0,0,0,0,12.0,71.19999999999999,69.3,62.1,1095.0
Scotland,Lawrence Shankland,"ST, CAM",73,63,75,66,72,28,80,70.5,72.0,48.8,69.0,71.5,0.469150641025641,0,0,MID,0,0,1,0,0,0,13.0,46.0,72.0,70.5,1022.0
Scotland,Craig Gordon,GK,73,74,71,72,73,38,72,72.5,72.3,51.6,72.5,73.0,0.469150641025641,0,0,GK,1,0,0,0,0,0,14.0,51.6,72.3,72.5,949.0
Scotland,George Hirst,ST,72,68,68,54,62,28,78,66.19999999999999,63.6,48.0,58.0,73.0,0.40905448717948717,0,0,ATT,0,0,0,1,0,0,15.0,43.2,63.6,66.2,864.0
Scotland,Angus Gunn,GK,72,50,11,44,46,11,72,33.2,53.0,35.4,45.0,61.0,0.40905448717948717,0,0,GK,1,0,0,0,0,0,16.0,29.8,53.0,33.199999999999996,792.0
Scotland,Anthony Ralston,"RB, RM",71,76,59,69,70,64,78,67.4,72.0,69.6,69.5,77.0,0.3449519230769231,0,0,DEF,0,1,0,0,0,0,17.0,67.8,72.0,67.4,710.0
Scotland,Ross Stewart,ST,71,70,72,54,62,28,80,68.4,64.2,48.8,58.0,75.0,0.3449519230769231,0,0,ATT,0,0,0,1,0,0,18.0,43.599999999999994,64.2,68.39999999999999,639.0
Scotland,Liam Kelly,"CM, CDM",71,72,69,68,72,35,70,70.8,69.8,49.0,70.0,71.0,0.3449519230769231,0,0,MID,0,0,1,0,0,0,19.0,48.6,69.8,70.8,568.0
Scotland,Nathan Patterson,RB,71,78,52,62,66,70,72,64.0,66.2,70.8,64.0,75.0,0.3449519230769231,0,0,DEF,0,1,0,0,0,0,20.0,68.8,66.2,64.0,497.0
Scotland,Dominic Hyam,CB,71,62,34,48,50,70,74,47.2,56.400000000000006,71.6,49.0,68.0,0.3449519230769231,0,0,DEF,0,1,0,0,0,0,21.0,66.4,56.400000000000006,47.2,426.0
Scotland,Ben Doak,"RW, LW",71,86,68,64,80,28,64,77.0,68.8,42.400000000000006,72.0,75.0,0.3449519230769231,0,0,ATT,0,0,0,1,0,0,22.0,42.400000000000006,68.8,77.0,355.0
Scotland,Grant Hanley,CB,70,60,36,52,52,74,80,48.0,60.4,76.4,52.0,70.0,0.28205128205128205,0,0,DEF,0,1,0,0,0,0,23.0,70.8,60.4,48.0,280.0
Scotland,Jordan Jones,"LW,RW",68,76,58,62,66,32,58,65.8,62.0,42.400000000000006,64.0,67.0,0.18028846153846154,0,0,ATT,0,0,0,1,0,0,24.0,43.2,62.0,65.8,204.0
Scotland,Lyndon Dykes,ST,68,72,70,58,64,30,82,68.8,67.0,50.800000000000004,61.0,77.0,0.18028846153846154,0,0,ATT,0,0,0,1,0,0,25.0,46.00000000000001,67.0,68.8,136.0
Scotland,Findlay Curtis,"LW, RW, LM",63,63,53,61,66,34,44,59.9,57.400000000000006,38.0,63.5,53.5,0.021634615384615384,0,0,MID,0,0,1,0,0,0,26.0,41.4,57.400000000000006,59.900000000000006,63.0
Senegal,Sadio Mané,"LM, RM, ST, LW",83,82,81,78,85,44,75,82.5,79.2,56.4,81.5,78.5,0.9118589743589743,0,0,MID,0,0,1,0,0,0,1.0,57.0,79.2,82.5,2158.0
Senegal,Kalidou Koulibaly,CB,82,74,48,62,65,82,84,60.900000000000006,69.5,82.8,63.5,79.0,0.8854166666666666,0,0,DEF,0,1,0,0,0,0,2.0,78.4,69.5,60.900000000000006,2050.0
Senegal,Nicolas Jackson,ST,80,82,77,69,79,40,77,79.1,74.39999999999999,54.8,74.0,79.5,0.8221153846153846,0,0,ATT,0,0,0,1,0,0,3.0,53.2,74.39999999999999,79.1,1920.0
Senegal,Édouard Mendy,GK,80,54,12,46,48,12,74,35.4,55.0,36.8,47.0,64.0,0.8221153846153846,0,0,GK,1,0,0,0,0,0,4.0,31.200000000000003,55.0,35.4,1840.0
Senegal,Pape Matar Sarr,"CM, CDM",79,68,66,76,78,77,76,70.19999999999999,76.6,76.6,77.0,72.0,0.7772435897435898,0,0,MID,0,0,1,0,0,0,5.0,76.6,76.6,70.19999999999999,1738.0
Senegal,Ismaïla Sarr,"CAM, RW, CM",79,91,78,76,78,28,69,81.9,74.5,44.400000000000006,77.0,80.0,0.7772435897435898,0,0,MID,0,0,1,0,0,0,6.0,45.800000000000004,74.5,81.9,1659.0
Senegal,Iliman Ndiaye,"LW, CAM",79,80,70,70,78,34,66,75.4,71.2,46.8,74.0,73.0,0.7772435897435898,0,0,MID,0,0,1,0,0,0,7.0,47.6,71.2,75.4,1580.0
Senegal,Idrissa Gana Gueye,"CDM, CM",79,60,59,70,73,80,70,63.5,70.9,76.0,71.5,65.0,0.7772435897435898,0,0,MID,0,0,1,0,0,0,8.0,76.0,70.9,63.5,1501.0
Senegal,Yehvann Diouf,GK,78,50,11,42,44,11,70,32.6,51.0,34.6,43.0,60.0,0.7323717948717948,0,0,GK,1,0,0,0,0,0,9.0,29.0,51.0,32.599999999999994,1404.0
Senegal,Lamine Camara,"CM, CDM",77,79,66,78,77,71,69,73.2,75.0,70.2,77.5,74.0,0.6790865384615384,0,0,MID,0,0,1,0,0,0,10.0,72.0,75.0,73.2,1309.0
Senegal,Pathé Ciss,"CDM, CM",77,72,56,66,66,72,74,63.8,68.4,72.8,66.0,73.0,0.6790865384615384,0,0,MID,0,0,1,0,0,0,11.0,71.2,68.4,63.8,1232.0
Senegal,Habib Diarra,"CM, CDM",77,72,58,68,70,66,70,65.8,69.2,67.6,69.0,71.0,0.6790865384615384,0,0,MID,0,0,1,0,0,0,12.0,67.2,69.2,65.8,1155.0
Senegal,Moussa Niakhaté,CB,77,68,48,63,64,77,80,58.800000000000004,68.4,78.19999999999999,63.5,74.0,0.6790865384615384,0,0,DEF,0,1,0,0,0,0,13.0,74.8,68.4,58.8,1078.0
Senegal,Pape Gueye,"CDM, CM",76,73,66,73,75,74,80,70.80000000000001,75.7,76.4,74.0,76.5,0.624198717948718,0,0,MID,0,0,1,0,0,0,14.0,75.0,75.7,70.8,988.0
Senegal,Assane Diao,"LW, RW",76,84,70,66,78,28,66,76.6,69.6,43.2,72.0,75.0,0.624198717948718,0,0,ATT,0,0,0,1,0,0,15.0,43.2,69.6,76.6,912.0
Senegal,El Hadji Malick Diouf,"LB, LM",75,80,67,68,74,70,77,73.0,72.5,72.8,71.0,78.5,0.5765224358974359,0,0,DEF,0,1,0,0,0,0,16.0,71.0,72.5,73.0,825.0
Senegal,Ismail Jakobs,"LB, LW",75,82,52,64,68,66,68,65.8,66.4,66.80000000000001,66.0,75.0,0.5765224358974359,0,0,DEF,0,1,0,0,0,0,17.0,66.0,66.4,65.8,750.0
Senegal,Krepin Diatta,"RM, RW",74,88,69,67,76,57,67,76.80000000000001,69.7,61.0,71.5,77.5,0.5224358974358975,0,0,MID,0,0,1,0,0,0,18.0,60.99999999999999,69.7,76.8,666.0
Senegal,Abdoulaye Seck,CB,73,68,42,58,56,72,74,54.0,62.2,72.8,57.0,71.0,0.469150641025641,0,0,DEF,0,1,0,0,0,0,19.0,69.6,62.2,54.0,584.0
Senegal,Mamadou Sarr,CB,72,68,40,56,54,72,74,52.6,60.8,72.8,55.0,71.0,0.40905448717948717,0,0,DEF,0,1,0,0,0,0,20.0,69.2,60.8,52.599999999999994,504.0
Senegal,Bamba Dieng,"ST, LW",71,82,74,60,72,28,72,75.8,67.19999999999999,45.6,66.0,77.0,0.3449519230769231,0,0,ATT,0,0,0,1,0,0,21.0,43.2,67.19999999999999,75.8,426.0
Senegal,Ibrahim Mbaye,"LB,LW",71,74,50,64,62,66,68,60.8,64.6,66.80000000000001,63.0,71.0,0.3449519230769231,0,0,DEF,0,1,0,0,0,0,22.0,66.0,64.6,60.8,355.0
Senegal,Cherif Ndiaye,ST,70,70,68,54,62,26,72,66.8,61.8,44.4,58.0,71.0,0.28205128205128205,0,0,ATT,0,0,0,1,0,0,23.0,40.8,61.8,66.8,280.0
Senegal,Antoine Mendy,"CB, RB, RM",70,64,41,55,63,71,72,54.5,62.5,71.4,59.0,68.0,0.28205128205128205,0,0,DEF,0,1,0,0,0,0,24.0,68.0,62.5,54.5,210.0
Senegal,Mory Diaw,GK,70,46,10,38,40,10,66,29.799999999999997,47.0,32.400000000000006,39.0,56.0,0.28205128205128205,0,0,GK,1,0,0,0,0,0,25.0,26.800000000000004,47.0,29.799999999999997,140.0
Senegal,Bara Ndiaye,GK,68,44,11,40,42,11,62,30.2,47.2,31.4,41.0,53.0,0.18028846153846154,0,0,GK,1,0,0,0,0,0,26.0,27.0,47.2,30.200000000000003,68.0
South Africa,Ronwen Williams,GK,77,50,11,44,46,11,70,33.2,52.4,34.6,45.0,60.0,0.6790865384615384,0,0,GK,1,0,0,0,0,0,1.0,29.400000000000002,52.4,33.199999999999996,2002.0
South Africa,Teboho Mokoena,"CM, CDM",74,72,64,70,72,68,74,68.8,71.8,70.4,71.0,73.0,0.5224358974358975,0,0,MID,0,0,1,0,0,0,2.0,69.6,71.8,68.8,1850.0
South Africa,Aubrey Modiba,"LB, LW",73,80,58,62,72,64,68,68.8,66.8,65.6,67.0,74.0,0.469150641025641,0,0,DEF,0,1,0,0,0,0,3.0,64.4,66.8,68.8,1752.0
South Africa,Lyle Foster,ST,72,78,76,62,74,30,74,76.0,69.2,47.6,68.0,76.0,0.40905448717948717,0,0,ATT,0,0,0,1,0,0,4.0,45.199999999999996,69.2,76.0,1656.0
South Africa,Khuliso Mudau,RB,72,78,52,60,66,68,70,64.0,64.8,68.8,63.0,74.0,0.40905448717948717,0,0,DEF,0,1,0,0,0,0,5.0,66.8,64.8,64.0,1584.0
South Africa,Themba Zwane,"CAM, LW",72,80,68,70,80,32,64,75.2,71.2,44.8,75.0,72.0,0.40905448717948717,0,0,MID,0,0,1,0,0,0,6.0,46.0,71.2,75.2,1512.0
South Africa,Bongokuhle Hlongwane,"LW, ST",71,82,70,60,76,28,66,75.39999999999999,66.6,43.2,68.0,74.0,0.3449519230769231,0,0,ATT,0,0,0,1,0,0,7.0,42.0,66.6,75.39999999999999,1420.0
South Africa,Oswin Appollis,"LW, RW",71,84,66,60,78,28,62,75.0,66.0,41.6,69.0,73.0,0.3449519230769231,0,0,ATT,0,0,0,1,0,0,8.0,41.2,66.0,75.0,1349.0
South Africa,Relebohile Mofokeng,"LW,RW",71,82,64,64,70,30,60,71.2,64.6,42.0,67.0,71.0,0.3449519230769231,0,0,ATT,0,0,0,1,0,0,9.0,42.8,64.6,71.2,1278.0
South Africa,Iqraam Rayners,"ST,LW",71,76,68,62,66,30,64,69.8,63.8,43.6,64.0,70.0,0.3449519230769231,0,0,ATT,0,0,0,1,0,0,10.0,43.2,63.8,69.8,1207.0
South Africa,Thalente Mbatha,"CM,CDM",70,68,52,66,62,62,68,59.8,65.4,64.4,64.0,68.0,0.28205128205128205,0,0,MID,0,0,1,0,0,0,11.0,64.0,65.4,59.8,1120.0
South Africa,Nkosinathi Sibisi,CB,70,66,38,54,52,70,72,50.6,58.8,70.8,53.0,69.0,0.28205128205128205,0,0,DEF,0,1,0,0,0,0,12.0,67.2,58.8,50.6,1050.0
South Africa,Patrick Maswanganyi,"CAM, LW",70,78,64,66,76,32,62,71.80000000000001,67.8,44.0,71.0,70.0,0.28205128205128205,0,0,MID,0,0,1,0,0,0,13.0,44.800000000000004,67.8,71.8,980.0
South Africa,Evidence Makgopa,ST,70,74,66,60,62,28,66,67.2,62.39999999999999,43.2,61.0,70.0,0.28205128205128205,0,0,ATT,0,0,0,1,0,0,14.0,42.0,62.39999999999999,67.2,910.0
South Africa,Darren Keet,GK,69,46,11,42,44,12,63,31.4,48.9,32.400000000000006,43.0,54.5,0.22956730769230768,0,0,GK,1,0,0,0,0,0,15.0,28.200000000000003,48.9,31.4,828.0
South Africa,Jayden Adams,"CM,CAM",68,70,54,64,62,48,62,61.2,62.8,53.599999999999994,63.0,66.0,0.18028846153846154,0,0,MID,0,0,1,0,0,0,16.0,54.0,62.8,61.2,748.0
South Africa,Thabang Matuludi,"CB,RB",68,68,42,54,52,66,68,52.8,57.6,66.80000000000001,53.0,68.0,0.18028846153846154,0,0,DEF,0,1,0,0,0,0,17.0,64.0,57.6,52.800000000000004,680.0
South Africa,Ricardo Goss,GK,67,44,11,40,42,11,61,30.2,46.900000000000006,31.0,41.0,52.5,0.12740384615384615,0,0,GK,1,0,0,0,0,0,18.0,26.8,46.900000000000006,30.200000000000003,603.0
South Africa,Ime Okon,CB,67,77,30,44,59,68,70,52.8,56.3,68.8,51.5,73.5,0.12740384615384615,0,0,DEF,0,1,0,0,0,0,19.0,63.599999999999994,56.3,52.8,536.0
South Africa,Bradley Cross,LB,66,68,42,56,54,64,66,53.4,58.400000000000006,64.8,55.0,67.0,0.08854166666666667,0,0,DEF,0,1,0,0,0,0,20.0,62.800000000000004,58.400000000000006,53.400000000000006,462.0
South Africa,Mbekezeli Mbokazi,CB,66,62,36,50,48,66,68,47.39999999999999,54.8,66.80000000000001,49.0,65.0,0.08854166666666667,0,0,DEF,0,1,0,0,0,0,21.0,63.2,54.8,47.4,396.0
South Africa,Kamogelo Sebelebele,"CM,CAM",66,68,52,62,58,46,60,58.6,60.2,51.599999999999994,60.0,64.0,0.08854166666666667,0,0,MID,0,0,1,0,0,0,22.0,51.99999999999999,60.2,58.6,330.0
South Africa,Sipho Chaine,GK,65,42,10,38,40,10,59,28.6,44.900000000000006,29.6,39.0,50.5,0.05448717948717949,0,0,GK,1,0,0,0,0,0,23.0,25.400000000000002,44.900000000000006,28.6,260.0
South Africa,Samukele Kabini,"RB,CB",65,68,42,52,50,62,64,52.2,55.0,62.8,51.0,66.0,0.05448717948717949,0,0,DEF,0,1,0,0,0,0,24.0,60.4,55.0,52.2,195.0
South Africa,Sphephelo Sithole,"CDM, CM",65,64,53,59,61,64,74,58.7,64.10000000000001,68.0,60.0,69.0,0.05448717948717949,0,0,MID,0,0,1,0,0,0,25.0,65.0,64.10000000000001,58.7,130.0
South Africa,Olwethu Makhanya,CB,57,74,32,42,44,56,64,48.2,49.2,59.2,43.0,69.0,0.0028044871794871795,0,0,DEF,0,1,0,0,0,0,26.0,54.800000000000004,49.2,48.2,57.0
South Korea,Son Heung-min,"LW, ST",85,89,87,82,88,38,74,87.9,81.4,52.400000000000006,85.0,81.5,0.9507211538461539,1,0,ATT,0,0,0,1,0,1,1.0,54.0,81.4,87.9,2210.0
South Korea,Kim Min-jae,CB,84,78,35,63,69,86,84,58.1,71.10000000000001,85.2,66.0,81.0,0.9314903846153846,0,0,DEF,0,1,0,0,0,0,2.0,81.0,71.10000000000001,58.099999999999994,2100.0
South Korea,Lee Kang-in,"CAM, CM",79,68,70,76,80,38,62,72.4,73.0,47.6,78.0,65.0,0.7772435897435898,0,0,MID,0,0,1,0,0,0,3.0,50.400000000000006,73.0,72.4,1896.0
South Korea,Hwang In-beom,"CM, CDM",77,72,62,72,74,66,72,68.6,72.6,68.4,73.0,72.0,0.6790865384615384,0,0,MID,0,0,1,0,0,0,4.0,68.4,72.6,68.6,1771.0
South Korea,Lee Jae-sung,"CAM, CM",77,72,64,72,74,50,70,69.39999999999999,72.0,58.0,73.0,71.0,0.6790865384615384,0,0,MID,0,0,1,0,0,0,5.0,58.4,72.0,69.4,1694.0
South Korea,Lee Dong-gyeong,"CM, CAM",75,72,62,70,72,50,68,68.0,70.0,57.2,71.0,70.0,0.5765224358974359,0,0,MID,0,0,1,0,0,0,6.0,57.6,70.0,68.0,1575.0
South Korea,Hwang Hee-chan,"ST, LW",75,86,78,68,80,30,72,81.0,72.8,46.8,74.0,79.0,0.5765224358974359,0,0,ATT,0,0,0,1,0,0,7.0,46.0,72.8,81.0,1500.0
South Korea,Jo Hyeon-woo,GK,75,50,11,44,46,11,70,33.2,52.4,34.6,45.0,60.0,0.5765224358974359,0,0,GK,1,0,0,0,0,0,8.0,29.400000000000002,52.4,33.199999999999996,1425.0
South Korea,Kim Seung-gyu,GK,74,48,12,44,46,12,68,33.0,51.8,34.400000000000006,45.0,58.0,0.5224358974358975,0,0,GK,1,0,0,0,0,0,9.0,29.6,51.8,33.0,1332.0
South Korea,Song Bum-keun,LB,74,74,46,58,62,70,68,59.2,62.199999999999996,69.2,60.0,71.0,0.5224358974358975,0,0,DEF,0,1,0,0,0,0,10.0,67.2,62.199999999999996,59.2,1258.0
South Korea,Paik Seung-ho,"CM, CDM",72,68,58,70,70,66,70,64.6,70.0,67.6,70.0,69.0,0.40905448717948717,0,0,MID,0,0,1,0,0,0,11.0,67.6,70.0,64.6,1152.0
South Korea,Bae Jun-ho,"CM, CDM",71,70,56,68,68,64,70,63.8,68.6,66.4,68.0,70.0,0.3449519230769231,0,0,MID,0,0,1,0,0,0,12.0,66.0,68.6,63.800000000000004,1065.0
South Korea,Park Jin-seob,CB,71,62,36,48,50,72,74,48.0,56.400000000000006,72.8,49.0,68.0,0.3449519230769231,0,0,DEF,0,1,0,0,0,0,13.0,67.6,56.400000000000006,48.0,994.0
South Korea,Seol Young-woo,"CDM,CM",71,68,50,66,62,64,70,58.99999999999999,66.0,66.4,64.0,69.0,0.3449519230769231,0,0,MID,0,0,1,0,0,0,14.0,65.6,66.0,59.0,923.0
South Korea,Eom Ji-sung,"LW, CAM",71,78,62,62,74,34,64,70.4,66.2,46.0,68.0,71.0,0.3449519230769231,0,0,MID,0,0,1,0,0,0,15.0,45.6,66.2,70.4,852.0
South Korea,Kim Jin-gyu,CB,71,62,36,48,52,72,74,48.599999999999994,57.0,72.8,50.0,68.0,0.3449519230769231,0,0,DEF,0,1,0,0,0,0,16.0,67.6,57.0,48.6,781.0
South Korea,Oh Hyeon-gyu,ST,71,76,78,60,72,28,74,75.6,67.8,46.400000000000006,66.0,75.0,0.3449519230769231,0,0,ATT,0,0,0,1,0,0,17.0,43.6,67.8,75.6,710.0
South Korea,Cho Wi-je,"LW,CAM",70,74,62,66,66,36,60,66.8,64.2,45.599999999999994,66.0,67.0,0.28205128205128205,0,0,MID,0,0,1,0,0,0,18.0,46.8,64.2,66.8,630.0
South Korea,Yang Hyun-jun,"LW, ST",70,84,72,64,78,30,68,77.4,69.4,45.2,71.0,76.0,0.28205128205128205,0,0,ATT,0,0,0,1,0,0,19.0,44.400000000000006,69.4,77.4,560.0
South Korea,Jens Castrop,"CM, CAM",70,80,54,67,74,62,69,67.8,69.7,64.8,70.5,74.5,0.28205128205128205,0,0,MID,0,0,1,0,0,0,20.0,64.4,69.7,67.8,490.0
South Korea,Cho Gue-sung,ST,70,74,78,60,70,32,80,74.4,69.0,51.2,65.0,77.0,0.28205128205128205,0,0,ATT,0,0,0,1,0,0,21.0,47.2,69.0,74.4,420.0
South Korea,Lee Gi-hyuk,CB,70,68,40,54,52,70,72,52.0,58.8,70.8,53.0,70.0,0.28205128205128205,0,0,DEF,0,1,0,0,0,0,22.0,67.2,58.8,52.0,350.0
South Korea,Kim Moon-hwan,RB,69,74,48,60,62,68,68,60.0,62.99999999999999,68.0,61.0,71.0,0.22956730769230768,0,0,DEF,0,1,0,0,0,0,23.0,66.4,62.99999999999999,60.0,276.0
South Korea,Lee Tae-seok,CB,69,64,38,50,52,74,76,50.0,58.400000000000006,74.8,51.0,70.0,0.22956730769230768,0,0,DEF,0,1,0,0,0,0,24.0,69.6,58.400000000000006,50.0,207.0
South Korea,Lee Han-beom,GK,69,48,10,40,42,10,68,31.0,49.0,33.2,41.0,58.0,0.22956730769230768,0,0,GK,1,0,0,0,0,0,25.0,27.6,49.0,31.0,138.0
South Korea,Kim Tae-hyeon,GK,67,50,11,42,44,11,72,32.6,51.599999999999994,35.4,43.0,61.0,0.12740384615384615,0,0,GK,1,0,0,0,0,0,26.0,29.4,51.599999999999994,32.599999999999994,67.0
Spain,Rodrigo Hernández Cascante,"CDM, CM",90,65,80,86,84,86,85,76.7,85.1,85.6,85.0,75.0,0.9963942307692307,1,1,MID,0,0,1,0,1,1,1.0,85.8,85.1,76.7,2340.0
Spain,Lamine Yamal,"RW, LW",89,88,82,82,90,34,64,86.2,79.0,46.0,86.0,76.0,0.9895833333333334,1,0,ATT,0,0,0,1,1,1,2.0,49.60000000000001,79.0,86.2,2225.0
Spain,Pedri,"CM, CAM",89,77,73,85,91,78,77,79.6,84.39999999999999,77.6,88.0,77.0,0.9895833333333334,1,0,MID,0,0,1,0,1,1,3.0,79.19999999999999,84.39999999999999,79.6,2136.0
Spain,David Raya,GK,87,56,12,50,52,12,74,37.2,57.8,36.8,51.0,65.0,0.9743589743589743,1,0,GK,1,0,0,0,0,1,4.0,32.0,57.8,37.2,2001.0
Spain,Nico Williams,"LW, RW",86,93,76,80,87,36,66,84.4,77.89999999999999,48.0,83.5,79.5,0.9639423076923077,1,0,ATT,0,0,0,1,0,1,5.0,50.8,77.89999999999999,84.39999999999999,1892.0
Spain,Unai Simón,GK,85,52,11,48,50,11,74,35.0,56.400000000000006,36.2,49.0,63.0,0.9507211538461539,1,0,GK,1,0,0,0,0,1,6.0,31.0,56.400000000000006,35.0,1785.0
Spain,Fabián Ruiz,"CM, CAM",85,66,70,82,76,56,72,70.6,77.2,62.400000000000006,79.0,69.0,0.9507211538461539,1,0,MID,0,0,1,0,0,1,7.0,64.4,77.2,70.6,1700.0
Spain,Dani Olmo,"CAM, CM",85,73,79,83,87,50,56,79.6,76.1,52.400000000000006,85.0,64.5,0.9507211538461539,1,0,MID,0,0,1,0,0,1,8.0,57.800000000000004,76.1,79.6,1615.0
Spain,Marcos Llorente,"CM, RB",84,86,68,76,78,70,76,76.4,76.6,72.4,77.0,81.0,0.9314903846153846,0,0,DEF,0,1,0,0,0,0,9.0,72.4,76.6,76.4,1512.0
Spain,Alejandro Grimaldo,"LB, LW",84,84,68,78,80,72,70,76.4,76.2,71.19999999999999,79.0,77.0,0.9314903846153846,0,0,DEF,0,1,0,0,0,0,10.0,72.8,76.2,76.4,1428.0
Spain,Gavi,"CM, CDM",84,78,69,82,86,78,73,76.80000000000001,80.5,76.0,84.0,75.5,0.9314903846153846,0,0,MID,0,0,1,0,0,0,11.0,77.8,80.5,76.8,1344.0
Spain,Marc Cucurella,"LB, CB",84,76,46,68,70,76,72,62.2,69.8,74.4,69.0,74.0,0.9314903846153846,0,0,DEF,0,1,0,0,0,0,12.0,73.6,69.8,62.2,1260.0
Spain,Alex Baena,"LW, CAM",84,66,79,85,85,59,60,76.9,77.5,59.4,85.0,63.0,0.9314903846153846,0,0,MID,0,0,1,0,0,0,13.0,64.4,77.5,76.9,1176.0
Spain,Joan García,GK,83,54,11,44,46,11,74,34.4,53.599999999999994,36.2,45.0,64.0,0.9118589743589743,0,0,GK,1,0,0,0,0,0,14.0,30.2,53.599999999999994,34.4,1079.0
Spain,Martín Zubimendi,"CDM, CM",83,66,56,78,74,80,74,64.4,75.60000000000001,77.6,76.0,70.0,0.9118589743589743,0,0,MID,0,0,1,0,0,0,15.0,78.4,75.60000000000001,64.4,996.0
Spain,Ferran Torres,"LW, RW",83,84,78,74,80,36,70,80.4,74.6,49.599999999999994,77.0,77.0,0.9118589743589743,0,0,ATT,0,0,0,1,0,0,16.0,50.39999999999999,74.6,80.4,913.0
Spain,Mikel Merino,"CM, CDM",83,72,62,74,72,74,80,68.0,75.2,76.4,73.0,76.0,0.9118589743589743,0,0,MID,0,0,1,0,0,0,17.0,75.2,75.2,68.0,830.0
Spain,Pedro Porro,RB,82,84,60,70,74,70,72,71.4,71.8,70.8,72.0,78.0,0.8854166666666666,0,0,DEF,0,1,0,0,0,0,18.0,70.4,71.8,71.4,738.0
Spain,Aymeric Laporte,CB,82,68,40,70,68,84,76,56.8,71.2,80.8,69.0,72.0,0.8854166666666666,0,0,DEF,0,1,0,0,0,0,19.0,79.6,71.2,56.8,656.0
Spain,Mikel Oyarzabal,"LW, ST",82,74,82,78,80,40,72,79.0,76.8,52.8,79.0,73.0,0.8854166666666666,0,0,ATT,0,0,0,1,0,0,20.0,54.0,76.8,79.0,574.0
Spain,Pau Cubarsí,CB,82,72,38,68,66,82,76,56.599999999999994,69.8,79.6,67.0,74.0,0.8854166666666666,0,0,DEF,0,1,0,0,0,0,21.0,78.0,69.8,56.599999999999994,492.0
Spain,Borja Iglesias,ST,80,66,76,64,68,34,82,70.6,70.6,53.2,66.0,74.0,0.8221153846153846,0,0,ATT,0,0,0,1,0,0,22.0,49.599999999999994,70.6,70.6,400.0
Spain,Yeremy Pino,"RW, LW",80,84,74,70,80,34,68,78.8,72.4,47.6,75.0,76.0,0.8221153846153846,0,0,ATT,0,0,0,1,0,0,23.0,48.0,72.4,78.8,320.0
Spain,Éric García,"CB, CDM",79,62,38,66,64,76,72,53.0,67.2,74.4,65.0,67.0,0.7772435897435898,0,0,DEF,0,1,0,0,0,0,24.0,73.2,67.2,53.0,237.0
Spain,Marc Pubill,RB,73,78,52,62,66,70,72,64.0,66.2,70.8,64.0,75.0,0.469150641025641,0,0,DEF,0,1,0,0,0,0,25.0,68.8,66.2,64.0,146.0
Spain,Víctor Muñoz,"CDM, CM",65,66,52,64,64,68,72,59.8,66.39999999999999,69.6,64.0,69.0,0.05448717948717949,0,0,MID,0,0,1,0,0,0,26.0,68.0,66.39999999999999,59.8,65.0
Sweden,Alexander Isak,ST,88,83,89,73,85,39,76,86.0,77.5,53.8,79.0,79.5,0.9819711538461539,1,0,ATT,0,0,0,1,1,1,1.0,53.2,77.5,86.0,2288.0
Sweden,Viktor Gyökeres,ST,87,78,86,70,76,30,82,80.6,75.39999999999999,50.800000000000004,73.0,80.0,0.9743589743589743,1,0,ATT,0,0,0,1,0,1,2.0,48.400000000000006,75.39999999999999,80.6,2175.0
Sweden,Anthony Elanga,"RW, LW",81,87,70,66,80,28,70,78.1,71.4,44.8,73.0,78.5,0.8553685897435898,0,0,ATT,0,0,0,1,0,0,3.0,44.0,71.4,78.1,1944.0
Sweden,Carl Starfelt,CB,78,70,38,54,56,76,76,53.0,61.2,76.0,55.0,73.0,0.7323717948717948,0,0,DEF,0,1,0,0,0,0,4.0,71.60000000000001,61.2,53.0,1794.0
Sweden,Isak Hien,CB,78,74,40,56,58,80,80,55.599999999999994,63.8,80.0,57.0,77.0,0.7323717948717948,0,0,DEF,0,1,0,0,0,0,5.0,75.2,63.8,55.6,1716.0
Sweden,Gabriel Gudmundsson,"LB, LM, CB",77,87,64,71,75,70,75,74.2,73.4,72.0,73.0,81.0,0.6790865384615384,0,0,DEF,0,1,0,0,0,0,6.0,71.2,73.4,74.2,1617.0
Sweden,Daniel Svensson,"LB, CM, LM",77,77,56,75,76,73,74,68.3,75.0,73.4,75.5,75.5,0.6790865384615384,0,0,DEF,0,1,0,0,0,0,7.0,73.6,75.0,68.3,1540.0
Sweden,Lucas Bergvall,"CM, CDM",77,72,60,74,74,64,68,67.8,72.19999999999999,65.6,74.0,70.0,0.6790865384615384,0,0,MID,0,0,1,0,0,0,8.0,66.8,72.19999999999999,67.8,1463.0
Sweden,Mattias Svanberg,"CM, CDM",76,70,58,68,68,64,72,64.6,69.2,67.2,68.0,71.0,0.624198717948718,0,0,MID,0,0,1,0,0,0,9.0,66.4,69.2,64.6,1368.0
Sweden,Yasin Ayari,"CM, CAM",75,72,64,70,74,50,66,69.39999999999999,70.0,56.400000000000006,72.0,69.0,0.5765224358974359,0,0,MID,0,0,1,0,0,0,10.0,57.2,70.0,69.4,1275.0
Sweden,Victor Nilsson Lindelöf,CB,75,70,38,64,62,80,78,54.8,67.6,79.2,63.0,74.0,0.5765224358974359,0,0,DEF,0,1,0,0,0,0,11.0,76.4,67.6,54.8,1200.0
Sweden,Eric Smith,"CDM, CM",75,68,52,64,64,68,70,60.4,65.8,68.8,64.0,69.0,0.5765224358974359,0,0,MID,0,0,1,0,0,0,12.0,67.6,65.8,60.400000000000006,1125.0
Sweden,Gustaf Nilsson,ST,75,70,70,56,64,28,74,68.2,63.8,46.400000000000006,60.0,72.0,0.5765224358974359,0,0,ATT,0,0,0,1,0,0,13.0,42.800000000000004,63.8,68.2,1050.0
Sweden,Jesper Karlström,"CDM, CM",75,64,57,72,71,71,78,63.3,73.5,73.80000000000001,71.5,71.0,0.5765224358974359,0,0,MID,0,0,1,0,0,0,14.0,72.60000000000001,73.5,63.3,975.0
Sweden,Viktor Johansson,GK,74,50,11,44,46,11,70,33.2,52.4,34.6,45.0,60.0,0.5224358974358975,0,0,GK,1,0,0,0,0,0,15.0,29.400000000000002,52.4,33.199999999999996,888.0
Sweden,Benjamin Nygren,"RW, ST",73,78,70,64,74,28,68,73.6,68.19999999999999,44.0,69.0,73.0,0.469150641025641,0,0,ATT,0,0,0,1,0,0,16.0,43.2,68.19999999999999,73.6,803.0
Sweden,Kristoffer Nordfeldt,GK,72,48,10,42,44,10,68,31.599999999999998,50.4,33.2,43.0,58.0,0.40905448717948717,0,0,GK,1,0,0,0,0,0,17.0,28.0,50.4,31.599999999999998,720.0
Sweden,Besfort Zeneli,CM,72,71,65,68,70,56,67,68.3,68.3,60.400000000000006,69.0,69.0,0.40905448717948717,0,0,MID,0,0,1,0,0,0,18.0,60.6,68.3,68.3,648.0
Sweden,Alexander Bernhardsson,"LW, CAM",72,78,68,66,74,32,64,72.80000000000001,67.8,44.8,70.0,71.0,0.40905448717948717,0,0,MID,0,0,1,0,0,0,19.0,45.2,67.8,72.8,576.0
Sweden,Hjalmar Ekdal,CB,72,53,33,53,63,72,76,48.0,62.900000000000006,73.6,58.0,64.5,0.40905448717948717,0,0,DEF,0,1,0,0,0,0,20.0,69.0,62.900000000000006,48.0,504.0
Sweden,Elliot Stroud,"LB, LM",71,79,65,64,67,65,73,69.8,67.6,68.2,65.5,76.0,0.3449519230769231,0,0,DEF,0,1,0,0,0,0,21.0,66.4,67.6,69.8,426.0
Sweden,Gustaf Lagerbielke,CB,71,68,38,52,54,76,76,51.8,59.8,76.0,53.0,72.0,0.3449519230769231,0,0,DEF,0,1,0,0,0,0,22.0,71.2,59.8,51.8,355.0
Sweden,Jacob Zetterström,GK,71,50,11,44,46,11,72,33.2,53.0,35.4,45.0,61.0,0.3449519230769231,0,0,GK,1,0,0,0,0,0,23.0,29.8,53.0,33.199999999999996,284.0
Sweden,Herman Johansson,"RB, RM",70,83,54,60,64,63,75,65.69999999999999,65.7,67.8,62.0,79.0,0.28205128205128205,0,0,DEF,0,1,0,0,0,0,24.0,64.8,65.7,65.7,210.0
Sweden,Ken Sema,"LW, LB",70,76,58,64,70,54,66,67.0,66.4,58.8,67.0,71.0,0.28205128205128205,0,0,DEF,0,1,0,0,0,0,25.0,58.400000000000006,66.4,67.0,140.0
Sweden,Taha Ali,"LW, RW",68,80,62,60,72,28,62,70.4,64.19999999999999,41.6,66.0,71.0,0.18028846153846154,0,0,ATT,0,0,0,1,0,0,26.0,41.2,64.19999999999999,70.39999999999999,68.0
Switzerland,Gregor Kobel,GK,86,54,12,46,48,12,74,35.4,55.0,36.8,47.0,64.0,0.9639423076923077,1,0,GK,1,0,0,0,0,1,1.0,31.200000000000003,55.0,35.4,2236.0
Switzerland,Granit Xhaka,"CDM, CM",85,47,75,85,74,78,82,66.3,80.8,79.6,79.5,64.5,0.9507211538461539,1,0,MID,0,0,1,0,0,1,2.0,80.2,80.8,66.3,2125.0
Switzerland,Manuel Akanji,CB,82,74,42,66,68,84,80,59.400000000000006,70.8,82.4,67.0,77.0,0.8854166666666666,0,0,DEF,0,1,0,0,0,0,3.0,79.60000000000001,70.8,59.4,1968.0
Switzerland,Denis Zakaria,"CDM, CM",82,78,60,70,72,76,82,69.0,74.19999999999999,78.4,71.0,80.0,0.8854166666666666,0,0,MID,0,0,1,0,0,0,4.0,76.0,74.19999999999999,69.0,1886.0
Switzerland,Remo Freuler,"CM, CDM",81,74,62,76,74,72,74,69.2,74.8,72.8,75.0,74.0,0.8553685897435898,0,0,MID,0,0,1,0,0,0,5.0,73.2,74.8,69.2,1782.0
Switzerland,Dan Ndoye,"RW, LW",79,87,72,66,80,32,72,78.89999999999999,72.0,48.0,73.0,79.5,0.7772435897435898,0,0,ATT,0,0,0,1,0,0,6.0,46.800000000000004,72.0,78.9,1659.0
Switzerland,Nico Elvedi,CB,77,70,39,63,65,78,76,56.1,67.5,77.2,64.0,73.0,0.6790865384615384,0,0,DEF,0,1,0,0,0,0,7.0,74.6,67.5,56.1,1540.0
Switzerland,Ardon Jashari,"CDM, CM",77,75,67,75,73,72,82,71.2,76.5,76.0,74.0,78.5,0.6790865384615384,0,0,MID,0,0,1,0,0,0,8.0,74.6,76.5,71.19999999999999,1463.0
Switzerland,Ricardo Rodríguez,LB,77,68,65,76,74,76,75,68.6,75.1,75.6,75.0,71.5,0.6790865384615384,0,0,DEF,0,1,0,0,0,0,9.0,75.8,75.1,68.6,1386.0
Switzerland,Breel Embolo,"ST, CF",77,82,78,68,78,34,82,79.2,75.2,53.2,73.0,82.0,0.6790865384615384,0,0,ATT,0,0,0,1,0,0,10.0,50.4,75.2,79.19999999999999,1309.0
Switzerland,Djibril Sow,"CM, CDM",76,74,60,70,72,68,76,67.8,72.39999999999999,71.2,71.0,75.0,0.624198717948718,0,0,MID,0,0,1,0,0,0,11.0,70.0,72.39999999999999,67.8,1216.0
Switzerland,Noah Okafor,"ST, LW",76,86,78,68,82,30,74,81.6,74.0,47.6,75.0,80.0,0.624198717948718,0,0,ATT,0,0,0,1,0,0,12.0,46.4,74.0,81.6,1140.0
Switzerland,Yvon Mvogo,GK,76,52,11,44,46,11,72,33.8,53.0,35.4,45.0,62.0,0.624198717948718,0,0,GK,1,0,0,0,0,0,13.0,29.8,53.0,33.8,1064.0
Switzerland,Rubén Vargas,"LW, CAM",75,82,72,68,78,32,66,76.8,70.4,45.6,73.0,74.0,0.5765224358974359,0,0,MID,0,0,1,0,0,0,14.0,46.0,70.4,76.8,975.0
Switzerland,Miro Muheim,LB,75,74,48,62,66,68,68,61.2,65.0,68.0,64.0,71.0,0.5765224358974359,0,0,DEF,0,1,0,0,0,0,15.0,66.8,65.0,61.2,900.0
Switzerland,Zeki Amdouni,"ST, CF",75,80,78,68,76,30,76,78.0,72.8,48.400000000000006,72.0,78.0,0.5765224358974359,0,0,ATT,0,0,0,1,0,0,16.0,46.800000000000004,72.8,78.0,825.0
Switzerland,Michel Aebischer,"CM, CDM",74,66,67,72,75,74,70,69.1,72.3,72.4,73.5,68.0,0.5224358974358975,0,0,MID,0,0,1,0,0,0,17.0,72.8,72.3,69.1,740.0
Switzerland,Fabian Rieder,"CAM, CM, RM",74,74,69,71,75,51,62,72.3,69.5,55.4,73.0,68.0,0.5224358974358975,0,0,MID,0,0,1,0,0,0,18.0,57.2,69.5,72.3,666.0
Switzerland,Marvin Keller,GK,72,46,10,40,42,10,66,30.4,48.400000000000006,32.400000000000006,41.0,56.0,0.40905448717948717,0,0,GK,1,0,0,0,0,0,19.0,27.200000000000003,48.400000000000006,30.4,576.0
Switzerland,Christian Fassnacht,"RM, LM, ST, RW",72,76,67,68,72,36,69,71.2,69.5,49.2,70.0,72.5,0.40905448717948717,0,0,MID,0,0,1,0,0,0,20.0,49.0,69.5,71.2,504.0
Switzerland,Eray Cömert,CB,72,66,36,52,54,76,74,50.400000000000006,59.2,75.2,53.0,70.0,0.40905448717948717,0,0,DEF,0,1,0,0,0,0,21.0,70.80000000000001,59.2,50.400000000000006,432.0
Switzerland,Silvan Widmer,RB,72,76,54,66,70,72,72,65.4,69.0,72.0,68.0,74.0,0.40905448717948717,0,0,DEF,0,1,0,0,0,0,22.0,70.8,69.0,65.4,360.0
Switzerland,Aurèle Amenda,CB,71,70,38,52,54,76,76,52.4,59.8,76.0,53.0,73.0,0.3449519230769231,0,0,DEF,0,1,0,0,0,0,23.0,71.2,59.8,52.400000000000006,284.0
Switzerland,Cédric Itten,ST,70,72,72,58,68,28,78,70.8,67.0,48.0,63.0,75.0,0.28205128205128205,0,0,ATT,0,0,0,1,0,0,24.0,44.00000000000001,67.0,70.8,210.0
Switzerland,Luca Jaquez,"CB, LB",69,68,38,52,54,74,72,51.8,58.599999999999994,73.2,53.0,70.0,0.22956730769230768,0,0,DEF,0,1,0,0,0,0,25.0,69.2,58.599999999999994,51.8,138.0
Switzerland,Johan Manzambi,"CAM, CM, CDM, ST",67,75,61,59,72,56,62,68.5,63.8,58.400000000000006,65.5,68.5,0.12740384615384615,0,0,MID,0,0,1,0,0,0,26.0,57.8,63.8,68.5,67.0
Tunisia,Ellyes Skhiri,"CDM, CM",80,72,60,72,70,74,74,66.6,72.0,74.0,71.0,73.0,0.8221153846153846,0,0,MID,0,0,1,0,0,0,1.0,73.60000000000001,72.0,66.6,2080.0
Tunisia,Ali Abdi,"LB, LM",76,86,62,70,73,69,75,72.5,72.4,71.4,71.5,80.5,0.624198717948718,0,0,DEF,0,1,0,0,0,0,2.0,70.4,72.4,72.5,1900.0
Tunisia,Rani Khedira,"CDM,CM",74,68,54,68,66,70,74,61.800000000000004,69.2,71.6,67.0,71.0,0.5224358974358975,0,0,MID,0,0,1,0,0,0,3.0,70.4,69.2,61.8,1776.0
Tunisia,Hannibal Mejbri,"CM, CAM",74,76,63,73,76,68,82,70.8,76.6,73.6,74.5,79.0,0.5224358974358975,0,0,MID,0,0,1,0,0,0,4.0,71.80000000000001,76.6,70.8,1702.0
Tunisia,Montassar Talbi,CB,73,68,38,52,54,74,76,51.8,59.8,74.8,53.0,72.0,0.469150641025641,0,0,DEF,0,1,0,0,0,0,5.0,70.0,59.8,51.8,1606.0
Tunisia,Ismaël Gharbi,"CAM, LW",73,76,66,70,76,36,62,72.0,69.39999999999999,46.4,73.0,69.0,0.469150641025641,0,0,MID,0,0,1,0,0,0,6.0,48.0,69.39999999999999,72.0,1533.0
Tunisia,Hamza Rafia,"CM,CAM",72,72,62,68,66,46,62,66.2,65.6,52.4,67.0,67.0,0.40905448717948717,0,0,MID,0,0,1,0,0,0,7.0,53.6,65.6,66.2,1440.0
Tunisia,Elias Achouri,"CDM, CM",72,70,56,66,66,68,70,63.2,67.2,68.8,66.0,70.0,0.40905448717948717,0,0,MID,0,0,1,0,0,0,8.0,68.0,67.2,63.2,1368.0
Tunisia,Aymen Dahmen,GK,72,48,12,44,46,12,66,33.0,51.2,33.6,45.0,57.0,0.40905448717948717,0,0,GK,1,0,0,0,0,0,9.0,29.2,51.2,33.0,1296.0
Tunisia,Omar Rekik,CB,72,70,42,58,56,72,74,54.6,62.2,72.8,57.0,72.0,0.40905448717948717,0,0,DEF,0,1,0,0,0,0,10.0,69.6,62.2,54.599999999999994,1224.0
Tunisia,Elias Saad,"LW, LM, CAM",72,74,67,67,77,31,59,72.1,67.6,42.2,72.0,66.5,0.40905448717948717,0,0,MID,0,0,1,0,0,0,11.0,43.8,67.6,72.1,1152.0
Tunisia,Yan Valery,"RB, CB, LB, RM",71,62,52,63,68,70,74,59.8,67.8,71.6,65.5,68.0,0.3449519230769231,0,0,DEF,0,1,0,0,0,0,12.0,69.4,67.8,59.8,1065.0
Tunisia,Khalil Ayari,"CM,CDM",70,66,48,64,60,62,68,57.0,64.0,64.4,62.0,67.0,0.28205128205128205,0,0,MID,0,0,1,0,0,0,13.0,63.599999999999994,64.0,57.0,980.0
Tunisia,Sebastian Tounekti,"LM, LW",69,78,62,62,70,24,63,69.19999999999999,64.69999999999999,39.6,66.0,70.5,0.22956730769230768,0,0,MID,0,0,1,0,0,0,14.0,39.4,64.69999999999999,69.2,897.0
Tunisia,Mortadha Ben Ouanes,"LB, RM, LM, RW",69,72,60,68,68,66,65,66.0,67.1,65.6,68.0,68.5,0.22956730769230768,0,0,DEF,0,1,0,0,0,0,15.0,66.2,67.1,66.0,828.0
Tunisia,Rayan Elloumi,"LW,CAM",68,72,60,64,64,36,58,64.8,62.199999999999996,44.8,64.0,65.0,0.18028846153846154,0,0,MID,0,0,1,0,0,0,16.0,46.0,62.199999999999996,64.8,748.0
Tunisia,Hazem Mastouri,"RW,LW",68,74,62,62,64,32,58,66.2,61.4,42.400000000000006,63.0,66.0,0.18028846153846154,0,0,ATT,0,0,0,1,0,0,17.0,43.2,61.4,66.2,680.0
Tunisia,Dylan Bronn,CB,68,70,38,54,56,76,78,53.0,61.800000000000004,76.80000000000001,55.0,74.0,0.18028846153846154,0,0,DEF,0,1,0,0,0,0,18.0,72.0,61.800000000000004,53.0,612.0
Tunisia,Firas Chaouat,"CB,LB",68,66,38,54,52,68,70,50.6,58.2,68.8,53.0,68.0,0.18028846153846154,0,0,DEF,0,1,0,0,0,0,19.0,65.6,58.2,50.6,544.0
Tunisia,Anis Ben Slimane,"CM, CAM",67,65,61,62,68,58,75,64.3,67.7,64.8,65.0,70.0,0.12740384615384615,0,0,MID,0,0,1,0,0,0,20.0,62.199999999999996,67.7,64.30000000000001,469.0
Tunisia,Raed Chikhaoui,"CM,CAM",67,68,56,64,62,44,60,61.4,62.2,50.4,63.0,64.0,0.12740384615384615,0,0,MID,0,0,1,0,0,0,21.0,51.2,62.2,61.39999999999999,402.0
Tunisia,Sabri Ben Hessen,ST,67,72,62,58,60,28,62,64.39999999999999,59.8,41.6,59.0,67.0,0.12740384615384615,0,0,ATT,0,0,0,1,0,0,22.0,40.800000000000004,59.8,64.4,335.0
Tunisia,Mohamed Amine Ben Hamida,RB,66,70,44,56,56,62,64,55.400000000000006,58.400000000000006,62.8,56.0,67.0,0.08854166666666667,0,0,DEF,0,1,0,0,0,0,23.0,61.2,58.400000000000006,55.400000000000006,264.0
Tunisia,Abdelmouhib Chamakh,GK,65,42,10,38,40,11,59,28.6,44.900000000000006,30.200000000000003,39.0,50.5,0.05448717948717949,0,0,GK,1,0,0,0,0,0,24.0,26.0,44.900000000000006,28.6,195.0
Tunisia,Moutaz Neffati,"RB, RM, RW",63,68,53,58,61,59,57,59.9,58.599999999999994,58.2,59.5,62.5,0.021634615384615384,0,0,DEF,0,1,0,0,0,0,25.0,58.4,58.599999999999994,59.900000000000006,126.0
Tunisia,Adem Arous,CB,59,61,32,32,38,62,61,42.5,42.5,61.599999999999994,35.0,61.0,0.005608974358974359,0,0,DEF,0,1,0,0,0,0,26.0,55.8,42.5,42.5,59.0
Turkey,Hakan Çalhanoğlu,"CDM, CM",86,71,81,87,82,81,73,78.3,81.30000000000001,77.80000000000001,84.5,72.0,0.9639423076923077,1,0,MID,0,0,1,0,0,1,1.0,80.60000000000001,81.30000000000001,78.3,2236.0
Turkey,Orkun Kökçü,"CM, CAM, CDM",82,72,80,84,80,70,79,77.6,81.3,73.6,82.0,75.5,0.8854166666666666,0,0,MID,0,0,1,0,0,0,2.0,74.6,81.3,77.6,2050.0
Turkey,Arda Güler,"RM, CAM, RW",81,70,77,83,83,52,50,76.7,73.1,51.2,83.0,60.0,0.8553685897435898,0,0,MID,0,0,1,0,0,0,3.0,57.800000000000004,73.1,76.69999999999999,1944.0
Turkey,Abdülkerim Bardakcı,"CB, LB, LM",80,59,46,70,69,81,85,56.8,74.2,82.6,69.5,72.0,0.8221153846153846,0,0,DEF,0,1,0,0,0,0,4.0,79.6,74.2,56.8,1840.0
Turkey,Barış Alper Yılmaz,"LM, RM, LW",80,93,77,72,79,69,90,82.4,79.5,77.4,75.5,91.5,0.8221153846153846,0,0,MID,0,0,1,0,0,0,5.0,73.8,79.5,82.4,1760.0
Turkey,Kerem Aktürkoğlu,"LW, RW",80,86,74,70,82,30,68,80.0,73.0,45.2,76.0,77.0,0.8221153846153846,0,0,ATT,0,0,0,1,0,0,6.0,45.6,73.0,80.0,1680.0
Turkey,Uğurcan Çakır,GK,80,52,11,44,46,11,72,33.8,53.0,35.4,45.0,62.0,0.8221153846153846,0,0,GK,1,0,0,0,0,0,7.0,29.8,53.0,33.8,1600.0
Turkey,Ferdi Kadıoğlu,"LB, LW",79,82,58,70,74,72,72,70.0,71.8,72.0,72.0,77.0,0.7772435897435898,0,0,DEF,0,1,0,0,0,0,8.0,71.6,71.8,70.0,1501.0
Turkey,Kenan Yıldız,"CAM, LM, LW, CM",79,84,78,74,83,35,66,81.3,74.3,47.400000000000006,78.5,75.0,0.7772435897435898,0,0,MID,0,0,1,0,0,0,9.0,49.0,74.3,81.30000000000001,1422.0
Turkey,Mert Günok,GK,78,50,11,44,46,11,70,33.2,52.4,34.6,45.0,60.0,0.7323717948717948,0,0,GK,1,0,0,0,0,0,10.0,29.400000000000002,52.4,33.199999999999996,1326.0
Turkey,İrfan Can Kahveci,"RW, CAM, CM, RM",78,73,77,81,80,58,67,76.69999999999999,76.5,61.599999999999994,80.5,70.0,0.7323717948717948,0,0,MID,0,0,1,0,0,0,11.0,64.39999999999999,76.5,76.7,1248.0
Turkey,Merih Demiral,CB,78,73,39,49,61,79,81,55.800000000000004,62.2,79.8,55.0,77.0,0.7323717948717948,0,0,DEF,0,1,0,0,0,0,12.0,73.39999999999999,62.2,55.8,1170.0
Turkey,Yunus Akgün,"RM, LM, CAM, RW",78,87,78,74,81,40,61,81.6,72.2,48.400000000000006,77.5,74.0,0.7323717948717948,0,0,MID,0,0,1,0,0,0,13.0,51.0,72.2,81.6,1092.0
Turkey,Oğuz Aydın,"LW, RW, RM, LM",77,85,72,71,78,56,67,77.7,71.89999999999999,60.400000000000006,74.5,76.0,0.6790865384615384,0,0,MID,0,0,1,0,0,0,14.0,61.2,71.89999999999999,77.69999999999999,1001.0
Turkey,Çağlar Söyüncü,CB,77,69,47,58,65,77,80,59.0,66.7,78.19999999999999,61.5,74.5,0.6790865384615384,0,0,DEF,0,1,0,0,0,0,15.0,73.8,66.7,59.0,924.0
Turkey,İsmail Yüksek,"CDM, CM",77,74,59,70,73,74,78,67.7,73.3,75.6,71.5,76.0,0.6790865384615384,0,0,MID,0,0,1,0,0,0,16.0,74.0,73.3,67.69999999999999,847.0
Turkey,Kaan Ayhan,"RB, CB, CDM",76,57,62,77,69,78,77,62.599999999999994,74.6,77.6,73.0,67.0,0.624198717948718,0,0,DEF,0,1,0,0,0,0,17.0,77.6,74.6,62.599999999999994,760.0
Turkey,Zeki Çelik,RB,76,80,54,64,68,72,74,66.0,68.2,72.8,66.0,77.0,0.624198717948718,0,0,DEF,0,1,0,0,0,0,18.0,70.8,68.2,66.0,684.0
Turkey,Ozan Kabak,CB,75,70,38,56,58,78,78,53.6,63.199999999999996,78.0,57.0,74.0,0.5765224358974359,0,0,DEF,0,1,0,0,0,0,19.0,73.6,63.199999999999996,53.6,600.0
Turkey,Altay Bayındır,GK,75,54,11,44,46,11,74,34.4,53.599999999999994,36.2,45.0,64.0,0.5765224358974359,0,0,GK,1,0,0,0,0,0,20.0,30.2,53.599999999999994,34.4,525.0
Turkey,Eren Elmalı,LB,75,72,44,58,62,66,68,57.8,62.199999999999996,66.80000000000001,60.0,70.0,0.5765224358974359,0,0,DEF,0,1,0,0,0,0,21.0,64.80000000000001,62.199999999999996,57.8,450.0
Turkey,Salih Özcan,"CDM, CM, CB",75,70,59,68,73,75,79,66.5,72.8,76.6,70.5,74.5,0.5765224358974359,0,0,DEF,0,1,0,0,0,0,22.0,74.4,72.8,66.5,375.0
Turkey,Can Uzun,"CAM, LW",74,76,72,68,76,32,64,74.4,69.2,44.8,72.0,70.0,0.5224358974358975,0,0,MID,0,0,1,0,0,0,23.0,45.6,69.2,74.4,296.0
Turkey,Mert Müldür,"RB, LB, CB, RM",74,76,54,65,73,71,75,66.3,70.4,72.6,69.0,75.5,0.5224358974358975,0,0,DEF,0,1,0,0,0,0,24.0,70.6,70.4,66.30000000000001,222.0
Turkey,Samet Akaydın,CB,70,55,37,43,48,70,76,45.7,54.4,72.4,45.5,65.5,0.28205128205128205,0,0,DEF,0,1,0,0,0,0,25.0,65.8,54.4,45.7,140.0
Turkey,Deniz Gül,ST,66,69,64,58,67,28,66,66.4,63.099999999999994,43.2,62.5,67.5,0.08854166666666667,0,0,ATT,0,0,0,1,0,0,26.0,41.6,63.099999999999994,66.39999999999999,66.0
United States,Christian Pulisic,"LW, CAM",84,84,80,78,84,36,70,82.4,77.4,49.599999999999994,81.0,77.0,0.9314903846153846,0,0,MID,0,0,1,0,0,0,1.0,51.199999999999996,77.4,82.4,2184.0
United States,Antonee Robinson,"LB, LM",82,88,46,75,77,78,80,67.9,77.1,78.8,76.0,84.0,0.8854166666666666,0,0,DEF,0,1,0,0,0,0,2.0,77.8,77.1,67.89999999999999,2050.0
United States,Malik Tillman,"CAM, CM",82,76,70,70,76,38,66,73.6,70.6,49.2,73.0,71.0,0.8854166666666666,0,0,MID,0,0,1,0,0,0,3.0,50.0,70.6,73.6,1968.0
United States,Sergino Dest,"RB, LB",79,86,58,70,76,68,66,71.8,70.6,67.2,73.0,76.0,0.7772435897435898,0,0,DEF,0,1,0,0,0,0,4.0,68.0,70.6,71.8,1817.0
United States,Tyler Adams,"CDM, CM",79,76,56,74,76,78,76,68.0,75.2,77.2,75.0,76.0,0.7772435897435898,0,0,MID,0,0,1,0,0,0,5.0,76.8,75.2,68.0,1738.0
United States,Weston McKennie,"CM, CDM",78,78,68,72,72,72,80,72.19999999999999,74.4,75.19999999999999,72.0,79.0,0.7323717948717948,0,0,MID,0,0,1,0,0,0,6.0,73.6,74.4,72.2,1638.0
United States,Matt Turner,GK,77,50,13,46,48,13,71,34.599999999999994,54.099999999999994,36.2,47.0,60.5,0.6790865384615384,0,0,GK,1,0,0,0,0,0,7.0,31.200000000000003,54.099999999999994,34.599999999999994,1540.0
United States,Timothy Weah,"RW, LW",77,84,70,66,76,32,70,76.0,70.2,47.2,71.0,77.0,0.6790865384615384,0,0,ATT,0,0,0,1,0,0,8.0,46.400000000000006,70.2,76.0,1463.0
United States,Folarin Balogun,ST,77,76,76,64,72,26,72,74.8,68.8,44.4,68.0,74.0,0.6790865384615384,0,0,ATT,0,0,0,1,0,0,9.0,42.8,68.8,74.8,1386.0
United States,Ricardo Pepi,ST,76,74,76,62,68,28,74,73.0,67.4,46.400000000000006,65.0,74.0,0.624198717948718,0,0,ATT,0,0,0,1,0,0,10.0,44.0,67.4,73.0,1292.0
United States,Chris Richards,CB,76,74,46,62,60,76,76,58.60000000000001,65.6,76.0,61.0,75.0,0.624198717948718,0,0,DEF,0,1,0,0,0,0,11.0,73.2,65.6,58.6,1216.0
United States,Alejandro Zendejas,"LW, RW",76,82,68,62,76,28,66,74.6,67.4,43.2,69.0,74.0,0.624198717948718,0,0,ATT,0,0,0,1,0,0,12.0,42.4,67.4,74.6,1140.0
United States,Giovanni Reyna,"CAM, LW",75,78,70,76,80,38,64,75.4,73.60000000000001,48.400000000000006,78.0,71.0,0.5765224358974359,0,0,MID,0,0,1,0,0,0,13.0,50.800000000000004,73.60000000000001,75.4,1050.0
United States,Cristian Roldan,"CDM, RM, CM, RW",74,77,64,69,73,71,79,70.6,73.2,74.2,71.0,78.0,0.5224358974358975,0,0,MID,0,0,1,0,0,0,14.0,72.2,73.2,70.6,962.0
United States,Mark McKenzie,CB,74,70,38,54,56,74,76,53.0,61.2,74.8,55.0,73.0,0.5224358974358975,0,0,DEF,0,1,0,0,0,0,15.0,70.4,61.2,53.0,888.0
United States,Brenden Aaronson,"CAM, CM",74,80,68,72,78,46,70,74.6,73.2,55.599999999999994,75.0,75.0,0.5224358974358975,0,0,MID,0,0,1,0,0,0,16.0,55.99999999999999,73.2,74.6,814.0
United States,Auston Trusty,CB,74,68,38,54,56,74,76,52.4,61.2,74.8,55.0,72.0,0.5224358974358975,0,0,DEF,0,1,0,0,0,0,17.0,70.4,61.2,52.400000000000006,740.0
United States,Miles Robinson,CB,73,72,38,54,56,76,78,53.599999999999994,61.800000000000004,76.80000000000001,55.0,75.0,0.469150641025641,0,0,DEF,0,1,0,0,0,0,18.0,72.0,61.800000000000004,53.599999999999994,657.0
United States,Tim Ream,CB,73,68,42,58,56,72,74,54.0,62.2,72.8,57.0,71.0,0.469150641025641,0,0,DEF,0,1,0,0,0,0,19.0,69.6,62.2,54.0,584.0
United States,Haji Wright,ST,73,76,74,60,68,28,76,72.8,67.2,47.2,64.0,76.0,0.469150641025641,0,0,ATT,0,0,0,1,0,0,20.0,44.0,67.2,72.80000000000001,511.0
United States,Joe Scally,"RB,CB",72,74,48,62,62,68,68,60.0,63.8,68.0,62.0,71.0,0.40905448717948717,0,0,DEF,0,1,0,0,0,0,21.0,66.8,63.8,60.0,432.0
United States,Maximilian Arfsten,CB,70,70,42,56,56,70,72,54.6,60.8,70.8,56.0,71.0,0.28205128205128205,0,0,DEF,0,1,0,0,0,0,22.0,67.6,60.8,54.599999999999994,350.0
United States,Matt Freese,GK,70,46,11,42,44,11,64,31.4,49.2,32.2,43.0,55.0,0.28205128205128205,0,0,GK,1,0,0,0,0,0,23.0,27.799999999999997,49.2,31.4,280.0
United States,Chris Brady,GK,68,44,11,40,42,11,62,30.2,47.2,31.4,41.0,53.0,0.18028846153846154,0,0,GK,1,0,0,0,0,0,24.0,27.0,47.2,30.200000000000003,204.0
United States,Alex Freeman,"CM,RM,CDM,RW",68,72,56,64,62,52,62,62.599999999999994,62.8,56.0,63.0,67.0,0.18028846153846154,0,0,MID,0,0,1,0,0,0,25.0,56.400000000000006,62.8,62.599999999999994,136.0
United States,Sebastian Berhalter,"CM, RM, CDM, RW",67,71,54,66,67,65,71,63.0,67.8,67.4,66.5,71.0,0.12740384615384615,0,0,MID,0,0,1,0,0,0,26.0,66.4,67.8,63.0,67.0
Uruguay,Federico Santiago Valverde Dipetta,"CM, CDM, RB",89,88,84,84,84,83,85,85.19999999999999,84.3,83.8,84.0,86.5,0.9895833333333334,1,0,DEF,0,1,0,0,1,1,1.0,83.6,84.3,85.2,2314.0
Uruguay,José María Giménez,CB,83,72,50,67,68,85,84,62.0,72.4,84.6,67.5,78.0,0.9118589743589743,0,0,DEF,0,1,0,0,0,0,2.0,81.2,72.4,61.99999999999999,2075.0
Uruguay,Ronald Araújo,"CB, RB",83,82,52,58,64,86,84,64.6,67.60000000000001,85.2,61.0,83.0,0.9118589743589743,0,0,DEF,0,1,0,0,0,0,3.0,80.0,67.60000000000001,64.6,1992.0
Uruguay,Giorgian de Arrascaeta,"CAM, LW",82,76,74,76,80,36,64,76.4,73.60000000000001,47.2,78.0,70.0,0.8854166666666666,0,0,MID,0,0,1,0,0,0,4.0,49.6,73.60000000000001,76.4,1886.0
Uruguay,Nicolás de la Cruz,"CAM, CM",81,74,68,74,78,46,64,72.8,72.2,53.2,76.0,69.0,0.8553685897435898,0,0,MID,0,0,1,0,0,0,5.0,55.2,72.2,72.80000000000001,1782.0
Uruguay,Sergio Rochet,GK,80,52,11,44,46,11,72,33.8,53.0,35.4,45.0,62.0,0.8221153846153846,0,0,GK,1,0,0,0,0,0,6.0,29.8,53.0,33.8,1680.0
Uruguay,Rodrigo Bentancur,"CM, CDM",80,72,60,76,76,70,76,68.39999999999999,76.0,72.4,76.0,74.0,0.8221153846153846,0,0,MID,0,0,1,0,0,0,7.0,72.4,76.0,68.39999999999999,1600.0
Uruguay,Fernando Muslera,GK,79,46,11,42,44,11,68,31.4,50.4,33.800000000000004,43.0,57.0,0.7772435897435898,0,0,GK,1,0,0,0,0,0,8.0,28.6,50.4,31.4,1501.0
Uruguay,Manuel Ugarte,CDM,79,76,52,72,72,82,80,65.2,74.4,81.19999999999999,72.0,78.0,0.7772435897435898,0,0,MID,0,0,1,0,0,0,9.0,79.6,74.4,65.2,1422.0
Uruguay,Joaquín Piquerez,LB,79,78,48,62,66,70,70,62.4,65.6,70.0,64.0,74.0,0.7772435897435898,0,0,DEF,0,1,0,0,0,0,10.0,68.4,65.6,62.400000000000006,1343.0
Uruguay,Rodrigo Zalazar,"CM, CAM",79,72,64,70,72,50,68,68.8,70.0,57.2,71.0,70.0,0.7772435897435898,0,0,MID,0,0,1,0,0,0,11.0,57.6,70.0,68.8,1264.0
Uruguay,Darwin Núñez,"ST, LW",79,91,84,70,80,28,80,84.9,76.0,48.8,75.0,85.5,0.7772435897435898,0,0,ATT,0,0,0,1,0,0,12.0,46.8,76.0,84.9,1185.0
Uruguay,Emiliano Martínez,GK,78,56,13,50,52,13,76,37.6,58.400000000000006,38.2,51.0,66.0,0.7323717948717948,0,0,GK,1,0,0,0,0,0,13.0,33.0,58.400000000000006,37.6,1092.0
Uruguay,Mathías Olivera,LB,78,80,52,66,70,72,72,65.8,69.0,72.0,68.0,76.0,0.7323717948717948,0,0,DEF,0,1,0,0,0,0,14.0,70.8,69.0,65.8,1014.0
Uruguay,Santiago Mele,GK,77,50,11,42,44,11,70,32.6,51.0,34.6,43.0,60.0,0.6790865384615384,0,0,GK,1,0,0,0,0,0,15.0,29.0,51.0,32.599999999999994,924.0
Uruguay,Matías Viña,LB,77,76,52,68,66,70,70,63.400000000000006,68.0,70.0,67.0,73.0,0.6790865384615384,0,0,DEF,0,1,0,0,0,0,16.0,69.6,68.0,63.400000000000006,847.0
Uruguay,Rodrigo Aguirre,"ST, LW",77,78,72,60,72,28,68,73.8,66.0,44.0,66.0,73.0,0.6790865384615384,0,0,ATT,0,0,0,1,0,0,17.0,42.400000000000006,66.0,73.8,770.0
Uruguay,Maximiliano Araújo,"LW, RW",77,86,72,66,80,30,66,78.6,70.2,44.400000000000006,73.0,76.0,0.6790865384615384,0,0,ATT,0,0,0,1,0,0,18.0,44.400000000000006,70.2,78.6,693.0
Uruguay,Sebastián Cáceres,CB,77,68,38,52,54,76,76,51.8,59.8,76.0,53.0,72.0,0.6790865384615384,0,0,DEF,0,1,0,0,0,0,19.0,71.2,59.8,51.8,616.0
Uruguay,Agustín Canobbio,"LW, RW",76,80,68,64,74,30,66,73.4,67.6,44.400000000000006,69.0,73.0,0.624198717948718,0,0,ATT,0,0,0,1,0,0,20.0,44.0,67.6,73.4,532.0
Uruguay,Santiago Bueno,CB,76,72,38,54,56,78,78,53.599999999999994,61.800000000000004,78.0,55.0,75.0,0.624198717948718,0,0,DEF,0,1,0,0,0,0,21.0,73.2,61.800000000000004,53.599999999999994,456.0
Uruguay,Brian Rodríguez,"LW, RW",76,82,66,60,74,28,66,73.2,66.0,43.2,67.0,74.0,0.624198717948718,0,0,ATT,0,0,0,1,0,0,22.0,42.0,66.0,73.2,380.0
Uruguay,Juan Manuel Sanabria,"ST, CF",75,72,68,56,66,28,72,68.6,63.8,45.6,61.0,72.0,0.5765224358974359,0,0,ATT,0,0,0,1,0,0,23.0,42.400000000000006,63.8,68.6,300.0
Uruguay,Guillermo Varela,RB,75,74,48,60,64,66,68,60.60000000000001,63.6,66.80000000000001,62.0,71.0,0.5765224358974359,0,0,DEF,0,1,0,0,0,0,24.0,65.2,63.6,60.60000000000001,225.0
Uruguay,Facundo Pellistri,"RW, LW",73,86,68,66,78,32,68,76.4,70.19999999999999,46.400000000000006,72.0,77.0,0.469150641025641,0,0,ATT,0,0,0,1,0,0,25.0,46.0,70.19999999999999,76.4,146.0
Uruguay,Federico Viñas,ST,72,68,70,54,62,26,74,67.0,62.400000000000006,45.2,58.0,71.0,0.40905448717948717,0,0,ATT,0,0,0,1,0,0,26.0,41.2,62.400000000000006,67.0,72.0
Uzbekistan,Abdukodir Khusanov,CB,77,85,39,59,64,77,76,60.3,65.6,76.6,61.5,80.5,0.6790865384615384,0,0,DEF,0,1,0,0,0,0,1.0,73.2,65.6,60.3,2002.0
Uzbekistan,Eldor Shomurodov,"ST, CAM",74,79,71,64,75,40,66,74.60000000000001,67.9,50.400000000000006,69.5,72.5,0.5224358974358975,0,0,MID,0,0,1,0,0,0,2.0,50.0,67.9,74.6,1850.0
Uzbekistan,Jaloliddin Masharipov,"CAM, LW",73,74,64,66,72,34,62,69.4,66.6,45.2,69.0,68.0,0.469150641025641,0,0,MID,0,0,1,0,0,0,3.0,46.0,66.6,69.39999999999999,1752.0
Uzbekistan,Oston Urunov,"CM,CAM",72,70,60,68,66,50,62,64.8,65.6,54.8,67.0,66.0,0.40905448717948717,0,0,MID,0,0,1,0,0,0,4.0,56.0,65.6,64.8,1656.0
Uzbekistan,Otabek Shukurov,"CDM, CM",71,68,52,62,62,66,68,59.8,63.8,66.80000000000001,62.0,68.0,0.3449519230769231,0,0,MID,0,0,1,0,0,0,5.0,65.60000000000001,63.8,59.8,1562.0
Uzbekistan,Rustamjon Ashurmatov,"CB,RB",71,70,44,58,56,70,72,55.400000000000006,61.599999999999994,70.8,57.0,71.0,0.3449519230769231,0,0,DEF,0,1,0,0,0,0,6.0,68.0,61.599999999999994,55.400000000000006,1491.0
Uzbekistan,Sherzod Nasrullaev,"LW,CAM",70,76,62,66,68,36,60,68.0,64.8,45.599999999999994,67.0,68.0,0.28205128205128205,0,0,MID,0,0,1,0,0,0,7.0,46.8,64.8,68.0,1400.0
Uzbekistan,Farrukh Sayfiev,"CB,RB",70,68,42,56,54,70,72,53.4,60.2,70.8,55.0,70.0,0.28205128205128205,0,0,DEF,0,1,0,0,0,0,8.0,67.6,60.2,53.400000000000006,1330.0
Uzbekistan,Khojiakbar Alijonov,CB,70,66,40,54,52,70,72,51.400000000000006,58.8,70.8,53.0,69.0,0.28205128205128205,0,0,DEF,0,1,0,0,0,0,9.0,67.2,58.8,51.4,1260.0
Uzbekistan,Akmal Mozgovoy,"LB,LM",69,72,46,60,58,66,68,57.39999999999999,61.8,66.80000000000001,59.0,70.0,0.22956730769230768,0,0,DEF,0,1,0,0,0,0,10.0,65.2,61.8,57.4,1173.0
Uzbekistan,Umarbek Eshmuradov,"LW,ST",69,74,62,62,64,30,62,66.2,62.599999999999994,42.8,63.0,68.0,0.22956730769230768,0,0,ATT,0,0,0,1,0,0,11.0,42.8,62.599999999999994,66.2,1104.0
Uzbekistan,Dostonbek Khamdamov,"CM,CDM",69,64,48,62,58,62,66,55.8,62.0,63.599999999999994,60.0,65.0,0.22956730769230768,0,0,MID,0,0,1,0,0,0,12.0,62.8,62.0,55.800000000000004,1035.0
Uzbekistan,Azizbek Ganiev,"CM,CDM",68,64,46,62,58,62,66,55.0,62.0,63.599999999999994,60.0,65.0,0.18028846153846154,0,0,MID,0,0,1,0,0,0,13.0,62.8,62.0,55.0,952.0
Uzbekistan,Jamshid Iskanderov,"RB,RM",68,72,46,58,58,64,66,57.39999999999999,60.400000000000006,64.8,58.0,69.0,0.18028846153846154,0,0,DEF,0,1,0,0,0,0,14.0,63.2,60.400000000000006,57.4,884.0
Uzbekistan,Azizbek Amonov,"RW,RM",68,74,60,62,62,32,58,64.8,60.8,42.400000000000006,62.0,66.0,0.18028846153846154,0,0,MID,0,0,1,0,0,0,15.0,43.2,60.8,64.8,816.0
Uzbekistan,Odiljon Hamrobekov,"CDM,CM",68,64,46,62,58,64,68,55.0,62.6,65.6,60.0,66.0,0.18028846153846154,0,0,MID,0,0,1,0,0,0,16.0,64.4,62.6,55.0,748.0
Uzbekistan,Abdulla Abdullaev,"RW,LW",68,74,60,62,64,32,58,65.4,61.4,42.400000000000006,63.0,66.0,0.18028846153846154,0,0,ATT,0,0,0,1,0,0,17.0,43.2,61.4,65.4,680.0
Uzbekistan,Avazbek Ulmasaliev,"ST,LW",68,72,62,58,60,28,62,64.39999999999999,59.8,41.6,59.0,67.0,0.18028846153846154,0,0,ATT,0,0,0,1,0,0,18.0,40.800000000000004,59.8,64.4,612.0
Uzbekistan,Abduvohid Nematov,"CM,CDM",68,64,46,62,58,62,66,55.0,62.0,63.599999999999994,60.0,65.0,0.18028846153846154,0,0,MID,0,0,1,0,0,0,19.0,62.8,62.0,55.0,544.0
Uzbekistan,Utkir Yusupov,GK,68,44,11,40,42,11,62,30.2,47.2,31.4,41.0,53.0,0.18028846153846154,0,0,GK,1,0,0,0,0,0,20.0,27.0,47.2,30.200000000000003,476.0
Uzbekistan,Jasur Yakhshiboev,"LW,ST",68,74,62,62,64,30,62,66.2,62.599999999999994,42.8,63.0,68.0,0.18028846153846154,0,0,ATT,0,0,0,1,0,0,21.0,42.8,62.599999999999994,66.2,408.0
Uzbekistan,Jakhongir Urozov,"CM,CDM",67,62,44,60,56,62,66,53.0,60.599999999999994,63.599999999999994,58.0,64.0,0.12740384615384615,0,0,MID,0,0,1,0,0,0,22.0,62.4,60.599999999999994,53.0,335.0
Uzbekistan,Bekhruz Karimov,LB,67,68,42,54,52,64,66,52.8,57.0,64.8,53.0,67.0,0.12740384615384615,0,0,DEF,0,1,0,0,0,0,23.0,62.400000000000006,57.0,52.800000000000004,268.0
Uzbekistan,Sherzod Esanov,CB,67,64,38,52,50,66,68,49.400000000000006,56.199999999999996,66.80000000000001,51.0,66.0,0.12740384615384615,0,0,DEF,0,1,0,0,0,0,24.0,63.6,56.199999999999996,49.4,201.0
Uzbekistan,Igor Sergeev,GK,66,42,10,38,40,10,60,28.6,45.2,30.0,39.0,51.0,0.08854166666666667,0,0,GK,1,0,0,0,0,0,25.0,25.6,45.2,28.6,132.0
Uzbekistan,Abbosbek Fayzullaev,"CAM, CM",65,65,62,67,66,48,53,64.1,62.5,50.0,66.5,59.0,0.05448717948717949,0,0,MID,0,0,1,0,0,0,26.0,52.8,62.5,64.1,65.0
